ts,endpoint,status,latency_ms
1790188196.9235399,/orders?limit=10&offset=0,0,4.155
1790188196.927335,/orders/notifications,0,8.385
1790188196.92764,/orders?limit=10&offset=0,0,9.706
1790188196.930058,/orders/notifications,0,9.569
1790188196.9316852,/orders/stats,0,13.173
1790188196.934262,/orders/stats,0,14.349
1790188196.937622,/orders?limit=10&offset=0,0,16.133
1790188196.9400342,/orders/notifications,0,17.049
1790188196.94116,/orders/stats,0,18.735
1790188196.968553,/orders/stats,0,44.988
1790188196.969113,/orders?limit=10&offset=0,0,44.966
1790188196.969504,/orders/stats,0,41.854
1790188196.969766,/orders/notifications,0,30.067
1790188196.9702458,/orders/stats,0,22.989
1790188196.970609,/orders/stats,0,34.199
1790188196.970907,/orders/notifications,0,36.593
1790188196.971314,/orders/stats,0,38.29
1790188196.971649,/orders/stats,0,20.678
1790188196.97198,/orders?limit=10&offset=0,0,30.51
1790188196.972407,/orders/stats,0,29.907
1790188196.972676,/orders/stats,0,35.043
1790188196.972959,/orders/stats,0,19.896
1790188196.9734342,/orders/stats,0,48.279
1790188196.973904,/orders/notifications,0,47.395
1790188196.9742122,/orders/notifications,0,43.765
1790188196.9745548,/orders?limit=10&offset=0,0,25.197
1790188196.974802,/orders/notifications,0,23.296
1790188196.9753091,/orders/notifications,0,43.608
1790188196.976949,/orders?limit=10&offset=0,0,32.75
1790188196.977706,/orders?limit=10&offset=0,0,45.569
1790188196.97803,/orders?limit=10&offset=0,0,47.957
1790188196.978397,/orders?limit=10&offset=0,0,26.151
1790188196.9790552,/orders/stats,0,40.0
1790188196.979537,/orders?limit=10&offset=0,0,23.604
1790188196.981132,/orders/notifications,0,37.624
1790188196.981826,/orders/notifications,0,44.536
1790188196.982282,/orders/notifications,0,28.78
1790188196.983735,/orders/notifications,0,23.42
1790188196.984496,/orders?limit=10&offset=0,0,55.869
1790188196.9849558,/orders?limit=10&offset=0,0,44.91
1790188196.9856331,/orders?limit=10&offset=0,0,47.215
1790188196.98619,/orders/notifications,0,31.26
1790188196.986572,/orders?limit=10&offset=0,0,59.225
1790188196.986887,/orders?limit=10&offset=0,0,40.381
1790188196.987094,/orders/stats,0,42.261
1790188196.987381,/orders/stats,0,30.328
1790188196.988155,/orders?limit=10&offset=0,0,52.429
1790188196.98888,/orders/stats,0,59.473
1790188196.989988,/orders/notifications,0,55.05
1790188196.9909189,/orders/notifications,0,45.561
1790188196.991317,/orders?limit=10&offset=0,0,30.404
1790188196.992203,/orders?limit=10&offset=0,0,38.065
1790188196.993721,/orders/notifications,0,52.547
1790188196.995022,/orders/notifications,0,46.545
1790188197.0021682,/orders/stats,0,47.667
1790188197.00257,/orders/notifications,0,44.639
1790188197.002929,/orders/stats,0,41.185
1790188197.003295,/orders/stats,0,43.623
1790188197.003901,/orders?limit=10&offset=0,0,45.113
1790188197.0170088,/orders?limit=10&offset=0,0,47.221
1790188197.017639,/orders/notifications,0,45.976
1790188197.018378,/orders/notifications,0,48.863
1790188197.018625,/orders?limit=10&offset=0,0,37.473
1790188197.018976,/orders?limit=10&offset=0,0,28.045
1790188197.019295,/orders/stats,0,42.333
1790188197.019516,/orders/stats,0,32.935
1790188197.0197089,/orders?limit=10&offset=0,0,44.39
1790188197.0198998,/orders/notifications,0,48.576
1790188197.0200908,/orders/stats,0,48.101
1790188197.020288,/orders/stats,0,33.39
1790188197.020461,/orders/notifications,0,50.206
1790188197.0206451,/orders?limit=10&offset=0,0,49.73
1790188197.046858,/orders?limit=10&offset=0,0,72.04
1790188197.047499,/orders/stats,0,78.37
1790188197.0479748,/orders/notifications,0,60.869
1790188197.048446,/orders/stats,0,70.405
1790188197.048775,/orders/stats,0,74.209
1790188197.0491798,/orders/notifications,0,76.209
1790188197.049682,/orders/notifications,0,76.989
1790188197.050129,/orders/notifications,0,71.052
1790188197.0506392,/orders?limit=10&offset=0,0,48.053
1790188197.051158,/orders?limit=10&offset=0,0,69.301
1790188197.05139,/orders/stats,0,59.175
1790188197.05166,/orders?limit=10&offset=0,0,67.891
1790188197.0519419,/orders/notifications,0,64.552
1790188197.05223,/orders?limit=10&offset=0,0,78.316
1790188197.0524778,/orders/stats,0,61.149
1790188197.0527449,/orders/stats,0,32.094
1790188197.053157,/orders/stats,0,67.512
1790188197.054776,/orders/notifications,0,51.836
1790188197.0556018,/orders/notifications,0,53.419
1790188197.056223,/orders?limit=10&offset=0,0,82.0
1790188197.056465,/orders?limit=10&offset=0,0,38.814
1790188197.056695,/orders/stats,0,68.53
1790188197.058005,/orders/notifications,0,84.561
1790188197.0583181,/orders?limit=10&offset=0,0,39.923
1790188197.058642,/orders/notifications,0,90.072
1790188197.0594409,/orders/notifications,0,39.916
1790188197.059676,/orders?limit=10&offset=0,0,73.475
1790188197.060174,/orders/stats,0,81.69
1790188197.060398,/orders/stats,0,75.431
1790188197.06057,/orders/stats,0,81.022
1790188197.060807,/orders?limit=10&offset=0,0,65.772
1790188197.0609741,/orders/stats,0,76.465
1790188197.061143,/orders?limit=10&offset=0,0,67.41
1790188197.061387,/orders?limit=10&offset=0,0,40.919
1790188197.061534,/orders/notifications,0,42.229
1790188197.0616808,/orders/notifications,0,72.79
1790188197.061899,/orders/notifications,0,89.482
1790188197.0620868,/orders/notifications,0,58.782
1790188197.062294,/orders?limit=10&offset=0,0,42.386
1790188197.0626612,/orders/notifications,0,42.561
1790188197.062985,/orders/stats,0,45.915
1790188197.063225,/orders/stats,0,44.237
1790188197.063485,/orders/notifications,0,92.865
1790188197.0637388,/orders?limit=10&offset=0,0,81.443
1790188197.064022,/orders?limit=10&offset=0,0,74.018
1790188197.068223,/orders/stats,0,90.502
1790188197.068501,/orders/stats,0,64.589
1790188197.1919842,/orders/notifications,0,123.739
1790188197.1926558,/orders/stats,0,128.615
1790188197.193631,/orders/stats,0,142.451
1790188197.1946602,/orders/notifications,0,143.258
1790188197.194984,/orders/notifications,0,147.467
1790188197.195273,/orders?limit=10&offset=0,0,133.585
1790188197.195554,/orders/notifications,0,132.557
1790188197.1958091,/orders/stats,0,134.414
1790188197.196042,/orders/notifications,0,143.554
1790188197.196222,/orders/notifications,0,135.813
1790188197.196587,/orders/stats,0,145.926
1790188197.197139,/orders?limit=10&offset=0,0,135.039
1790188197.198623,/orders?limit=10&offset=0,0,134.995
1790188197.251243,/orders/stats,0,232.604
1790188197.253323,/orders/notifications,0,233.023
1790188197.25364,/orders/stats,0,233.921
1790188197.253851,/orders/stats,0,201.611
1790188197.254124,/orders/notifications,0,185.594
1790188197.2543948,/orders/stats,0,197.905
1790188197.254654,/orders?limit=10&offset=0,0,204.957
1790188197.254865,/orders/notifications,0,202.108
1790188197.255188,/orders/notifications,0,198.484
1790188197.255454,/orders/notifications,0,206.981
1790188197.2557492,/orders/notifications,0,192.513
1790188197.255981,/orders/stats,0,197.607
1790188197.2563,/orders?limit=10&offset=0,0,204.345
1790188197.256607,/orders/stats,0,195.453
1790188197.256852,/orders/notifications,0,208.061
1790188197.257121,/orders?limit=10&offset=0,0,195.204
1790188197.2574642,/orders?limit=10&offset=0,0,198.01
1790188197.2577841,/orders/stats,0,198.096
1790188197.258137,/orders?limit=10&offset=0,0,199.483
1790188197.260401,/orders/stats,0,196.648
1790188197.26081,/orders?limit=10&offset=0,0,206.023
1790188197.261046,/orders?limit=10&offset=0,0,66.374
1790188197.2630882,/orders/stats,0,64.429
1790188197.263465,/orders/stats,0,68.182
1790188197.263788,/orders?limit=10&offset=0,0,71.767
1790188197.264229,/orders/notifications,0,71.551
1790188197.2646248,/orders/stats,0,67.473
1790188197.265179,/orders?limit=10&offset=0,0,11.841
1790188197.268499,/orders/notifications,0,14.847
1790188197.26971,/orders?limit=10&offset=0,0,15.575
1790188197.269988,/orders/notifications,0,16.109
1790188197.270245,/orders/notifications,0,15.84
1790188197.2704651,/orders?limit=10&offset=0,0,14.705
1790188197.270735,/orders/notifications,0,14.742
1790188197.271203,/orders/stats,0,14.894
1790188197.271446,/orders?limit=10&offset=0,0,16.248
1790188197.271887,/orders?limit=10&offset=0,0,221.735
1790188197.272168,/orders/notifications,0,211.984
1790188197.272456,/orders?limit=10&offset=0,0,210.913
1790188197.2726882,/orders/stats,0,221.016
1790188197.272946,/orders/notifications,0,211.961
1790188197.27321,/orders/stats,0,216.976
1790188197.2734878,/orders?limit=10&offset=0,0,224.287
1790188197.2736828,/orders?limit=10&offset=0,0,215.667
1790188197.273928,/orders/stats,0,227.046
1790188197.274156,/orders?limit=10&offset=0,0,211.483
1790188197.274424,/orders/stats,0,212.119
1790188197.274752,/orders/notifications,0,221.582
1790188197.2749681,/orders?limit=10&offset=0,0,218.986
1790188197.275208,/orders/notifications,0,81.543
1790188197.275716,/orders?limit=10&offset=0,0,227.596
1790188197.276082,/orders/stats,0,215.264
1790188197.277023,/orders?limit=10&offset=0,0,82.02
1790188197.277387,/orders?limit=10&offset=0,0,81.823
1790188197.277618,/orders/notifications,0,81.799
1790188197.277879,/orders/stats,0,23.217
1790188197.278243,/orders?limit=10&offset=0,0,21.382
1790188197.278507,/orders?limit=10&offset=0,0,82.273
1790188197.278892,/orders/notifications,0,82.295
1790188197.279218,/orders?limit=10&offset=0,0,24.341
1790188197.27948,/orders/notifications,0,218.899
1790188197.279813,/orders?limit=10&offset=0,0,83.763
1790188197.280094,/orders/notifications,0,28.836
1790188197.3126311,/orders/stats,0,32.799
1790188197.3130019,/orders/stats,0,41.104
1790188197.313268,/orders/stats,0,43.546
1790188197.313507,/orders/notifications,0,55.712
1790188197.313782,/orders?limit=10&offset=0,0,45.268
1790188197.31416,/orders/stats,0,40.468
1790188197.314487,/orders/notifications,0,50.973
1790188197.31495,/orders/stats,0,40.782
1790188197.3152692,/orders?limit=10&offset=0,0,40.05
1790188197.31568,/orders?limit=10&offset=0,0,40.914
1790188197.316214,/orders?limit=10&offset=0,0,43.254
1790188197.316661,/orders/stats,0,55.834
1790188197.317188,/orders/notifications,0,41.091
1790188197.3176162,/orders/stats,0,59.468
1790188197.317899,/orders?limit=10&offset=0,0,47.901
1790188197.3181179,/orders/stats,0,60.64
1790188197.31838,/orders/notifications,0,44.442
1790188197.318603,/orders/stats,0,43.626
1790188197.318899,/orders?limit=10&offset=0,0,39.408
1790188197.319133,/orders/stats,0,53.941
1790188197.319356,/orders?limit=10&offset=0,0,41.728
1790188197.3196428,/orders/notifications,0,55.006
1790188197.319901,/orders?limit=10&offset=0,0,47.724
1790188197.3201568,/orders/notifications,0,42.267
1790188197.3205628,/orders/stats,0,44.836
1790188197.3209972,/orders/stats,0,43.947
1790188197.3212821,/orders/notifications,0,46.849
1790188197.321532,/orders/stats,0,50.076
1790188197.321811,/orders?limit=10&offset=0,0,51.067
1790188197.3220422,/orders?limit=10&offset=0,0,57.802
1790188197.322314,/orders/stats,0,65.184
1790188197.3225548,/orders/stats,0,52.08
1790188197.345118,/orders/stats,0,23.062
1790188197.345512,/orders/stats,0,27.603
1790188197.345763,/orders/notifications,0,33.108
1790188197.345993,/orders/notifications,0,24.986
1790188197.346282,/orders/notifications,0,29.6
1790188197.346529,/orders?limit=10&offset=0,0,32.026
1790188197.346793,/orders/stats,0,27.885
1790188197.347019,/orders/notifications,0,33.741
1790188197.347251,/orders?limit=10&offset=0,0,25.96
1790188197.347656,/orders/stats,0,31.953
1790188197.3479402,/orders?limit=10&offset=0,0,34.42
1790188197.3482418,/orders/notifications,0,29.099
1790188197.348587,/orders/stats,0,28.665
1790188197.3489869,/orders/notifications,0,30.856
1790188197.3494132,/orders?limit=10&offset=0,0,32.203
1790188197.3498938,/orders/stats,0,36.099
1790188197.350485,/orders/notifications,0,32.852
1790188197.350951,/orders?limit=10&offset=0,0,31.297
1790188197.3512309,/orders?limit=10&offset=0,0,32.843
1790188197.351668,/orders/stats,0,29.847
1790188197.351868,/orders/stats,0,36.587
1790188197.352184,/orders/notifications,0,33.57
1790188197.352416,/orders/notifications,0,39.403
1790188197.3530948,/orders/notifications,0,38.131
1790188197.3736792,/orders?limit=10&offset=0,0,23.175
1790188197.374084,/orders?limit=10&offset=0,0,28.312
1790188197.374336,/orders/notifications,0,24.429
1790188197.374642,/orders?limit=10&offset=0,0,25.641
1790188197.374879,/orders/stats,0,28.327
1790188197.3754811,/orders?limit=10&offset=0,0,29.189
1790188197.375833,/orders/notifications,0,30.311
1790188197.3764129,/orders/notifications,0,24.536
1790188197.376854,/orders?limit=10&offset=0,0,24.429
1790188197.377144,/orders?limit=10&offset=0,0,24.951
1790188197.3774688,/orders/stats,0,26.228
1790188197.377695,/orders/stats,0,30.434
1790188197.377921,/orders/notifications,0,26.242
1790188197.378221,/orders?limit=10&offset=0,0,25.116
1790188197.378436,/orders/stats,0,30.486
1790188197.378708,/orders?limit=10&offset=0,0,30.454
1790188197.379023,/orders/notifications,0,30.425
1790188197.379337,/orders?limit=10&offset=0,0,33.334
1790188197.3796659,/orders/stats,0,28.704
1790188197.3800461,/orders?limit=10&offset=0,0,33.017
1790188197.380822,/orders/notifications,0,35.682
1790188197.388146,/orders/stats,0,11.28
1790188197.388459,/orders/stats,0,14.763
1790188197.388726,/orders/stats,0,14.075
1790188197.388981,/orders/notifications,0,14.093
1790188197.389199,/orders/stats,0,15.105
1790188197.389415,/orders?limit=10&offset=0,0,13.573
1790188197.389666,/orders?limit=10&offset=0,0,13.233
1790188197.389932,/orders?limit=10&offset=0,0,15.586
1790188197.4035041,/orders/stats,0,24.784
1790188197.4040298,/orders/notifications,0,15.561
1790188197.4043531,/orders?limit=10&offset=0,0,25.321
1790188197.404608,/orders/notifications,0,26.897
1790188197.4048882,/orders/notifications,0,16.152
1790188197.405113,/orders?limit=10&offset=0,0,24.276
1790188197.4053252,/orders/stats,0,25.977
1790188197.406504,/orders?limit=10&offset=0,0,17.512
1790188197.406741,/orders/stats,0,17.066
1790188197.407084,/orders/notifications,0,17.876
1790188197.407939,/orders/notifications,0,19.777
1790188197.408192,/orders/stats,0,18.769
1790188197.4084969,/orders/stats,0,18.555
1790188197.412025,/orders/stats,0,31.965
1790188197.412382,/orders/notifications,0,34.903
1790188197.412701,/orders/notifications,0,33.025
1790188197.413087,/orders/stats,0,134.567
1790188197.413439,/orders/stats,0,152.381
1790188197.4136908,/orders?limit=10&offset=0,0,35.761
1790188197.4140038,/orders/notifications,0,92.462
1790188197.414339,/orders/notifications,0,157.718
1790188197.41471,/orders/notifications,0,142.011
1790188197.4182599,/orders/stats,0,144.76
1790188197.418646,/orders/notifications,0,71.842
1790188197.418934,/orders/stats,0,139.704
1790188197.4191911,/orders/stats,0,102.959
1790188197.4195971,/orders/stats,0,155.796
1790188197.419786,/orders?limit=10&offset=0,0,149.528
1790188197.420063,/orders/notifications,0,97.738
1790188197.420356,/orders/notifications,0,149.141
1790188197.420618,/orders/notifications,0,106.444
1790188197.4208472,/orders/stats,0,142.592
1790188197.421087,/orders?limit=10&offset=0,0,142.183
1790188197.421343,/orders/stats,0,148.877
1790188197.4215949,/orders/stats,0,46.102
1790188197.421803,/orders/notifications,0,158.697
1790188197.421984,/orders?limit=10&offset=0,0,141.878
1790188197.422324,/orders/stats,0,144.926
1790188197.422582,/orders/stats,0,73.148
1790188197.423435,/orders/notifications,0,75.767
1790188197.423721,/orders/notifications,0,45.275
1790188197.424243,/orders?limit=10&offset=0,0,104.076
1790188197.424621,/orders/stats,0,46.39
1790188197.4248462,/orders/stats,0,47.692
1790188197.425053,/orders/notifications,0,104.48
1790188197.425465,/orders/notifications,0,152.244
1790188197.425715,/orders/notifications,0,103.148
1790188197.426066,/orders?limit=10&offset=0,0,170.594
1790188197.42684,/orders/stats,0,107.473
1790188197.42715,/orders/notifications,0,166.735
1790188197.4346051,/orders?limit=10&offset=0,0,29.703
1790188197.440938,/orders?limit=10&offset=0,0,20.571
1790188197.443867,/orders?limit=10&offset=0,0,20.136
1790188197.4453518,/orders/stats,0,40.985
1790188197.4461691,/orders/notifications,0,42.647
1790188197.446486,/orders?limit=10&offset=0,0,38.534
1790188197.449095,/orders/notifications,0,35.994
1790188197.451752,/orders/notifications,0,32.549
1790188197.4520261,/orders/stats,0,32.229
1790188197.452162,/orders?limit=10&offset=0,0,33.506
1790188197.452397,/orders/notifications,0,38.949
1790188197.4528651,/orders?limit=10&offset=0,0,48.247
1790188197.453215,/orders?limit=10&offset=0,0,39.202
1790188197.453994,/orders?limit=10&offset=0,0,32.181
1790188197.454575,/orders/notifications,0,32.965
1790188197.454945,/orders/notifications,0,32.611
1790188197.4558342,/orders?limit=10&offset=0,0,30.109
1790188197.45621,/orders?limit=10&offset=0,0,52.168
1790188197.457076,/orders/notifications,0,50.324
1790188197.457533,/orders/notifications,0,45.49
1790188197.457865,/orders/notifications,0,49.663
1790188197.4586298,/orders?limit=10&offset=0,0,45.918
1790188197.461185,/orders?limit=10&offset=0,0,3.309
1790188197.462625,/orders/notifications,0,41.766
1790188197.462956,/orders/stats,0,16.422
1790188197.463357,/orders?limit=10&offset=0,0,39.91
1790188197.466362,/orders/notifications,0,41.718
1790188197.4707909,/orders/notifications,0,43.937
1790188197.4711199,/orders/stats,0,30.17
1790188197.4723141,/orders/stats,0,28.433
1790188197.472754,/orders/notifications,0,27.386
1790188197.4733708,/orders/notifications,0,52.014
1790188197.473692,/orders?limit=10&offset=0,0,27.509
1790188197.4766212,/orders/stats,0,2.918
1790188197.476987,/orders?limit=10&offset=0,0,62.612
1790188197.477431,/orders/notifications,0,68.925
1790188197.477749,/orders/stats,0,71.232
1790188197.478066,/orders?limit=10&offset=0,0,52.589
1790188197.4792728,/orders?limit=10&offset=0,0,52.112
1790188197.479579,/orders/notifications,0,74.243
1790188197.481795,/orders/stats,0,25.567
1790188197.482167,/orders/stats,0,47.544
1790188197.483624,/orders?limit=10&offset=0,0,62.989
1790188197.4905002,/orders?limit=10&offset=0,0,83.403
1790188197.4907782,/orders?limit=10&offset=0,0,65.715
1790188197.4917052,/orders/notifications,0,20.574
1790188197.492151,/orders/notifications,0,73.874
1790188197.493738,/orders/notifications,0,74.792
1790188197.495945,/orders?limit=10&offset=0,0,44.175
1790188197.4963782,/orders?limit=10&offset=0,0,43.971
1790188197.496759,/orders/notifications,0,74.166
1790188197.498985,/orders/stats,0,74.728
1790188197.5006359,/orders/notifications,0,18.448
1790188197.5017369,/orders?limit=10&offset=0,0,46.78
1790188197.5052311,/orders/notifications,0,27.47
1790188197.5068312,/orders/notifications,0,25.017
1790188197.508384,/orders/stats,0,54.375
1790188197.508659,/orders/stats,0,103.536
1790188197.508929,/orders/stats,0,45.562
1790188197.5103738,/orders?limit=10&offset=0,0,32.931
1790188197.512457,/orders?limit=10&offset=0,0,97.732
1790188197.513261,/orders?limit=10&offset=0,0,21.098
1790188197.513994,/orders/stats,0,92.896
1790188197.51557,/orders?limit=10&offset=0,0,52.923
1790188197.517233,/orders/stats,0,65.052
1790188197.5188448,/orders?limit=10&offset=0,0,46.078
1790188197.521173,/orders/stats,0,43.095
1790188197.521461,/orders?limit=10&offset=0,0,66.875
1790188197.521707,/orders/stats,0,68.481
1790188197.5219321,/orders/notifications,0,102.327
1790188197.522253,/orders?limit=10&offset=0,0,55.867
1790188197.522465,/orders/stats,0,100.472
1790188197.522636,/orders/stats,0,108.936
1790188197.522845,/orders/notifications,0,50.52
1790188197.523048,/orders/stats,0,70.173
1790188197.523249,/orders?limit=10&offset=0,0,110.855
1790188197.5234601,/orders/stats,0,97.06
1790188197.5236638,/orders?limit=10&offset=0,0,50.281
1790188197.523874,/orders/stats,0,40.225
1790188197.52408,/orders/stats,0,33.566
1790188197.5242932,/orders?limit=10&offset=0,0,66.746
1790188197.552463,/orders/notifications,0,43.521
1790188197.5547469,/orders?limit=10&offset=0,0,97.656
1790188197.555001,/orders?limit=10&offset=0,0,63.283
1790188197.555265,/orders/stats,0,53.515
1790188197.555508,/orders/notifications,0,103.474
1790188197.561976,/orders/stats,0,40.501
1790188197.562546,/orders?limit=10&offset=0,0,57.3
1790188197.5631711,/orders/notifications,0,138.315
1790188197.5656052,/orders/stats,0,109.756
1790188197.569231,/orders?limit=10&offset=0,0,72.459
1790188197.5695841,/orders/stats,0,110.941
1790188197.5698519,/orders/stats,0,90.565
1790188197.570103,/orders/notifications,0,61.706
1790188197.5703769,/orders?limit=10&offset=0,0,76.626
1790188197.570606,/orders?limit=10&offset=0,0,91.011
1790188197.5725179,/orders/stats,0,17.755
1790188197.5779898,/orders/stats,0,59.128
1790188197.579127,/orders/stats,0,63.54
1790188197.586231,/orders/notifications,0,62.139
1790188197.589568,/orders/stats,0,79.179
1790188197.595289,/orders?limit=10&offset=0,0,72.432
1790188197.596252,/orders?limit=10&offset=0,0,74.308
1790188197.596541,/orders/notifications,0,79.281
1790188197.602559,/orders/notifications,0,79.087
1790188197.60287,/orders?limit=10&offset=0,0,153.757
1790188197.6031082,/orders/stats,0,79.85
1790188197.603347,/orders/notifications,0,80.29
1790188197.603581,/orders/stats,0,107.191
1790188197.60378,/orders/stats,0,126.78
1790188197.604073,/orders/stats,0,79.77
1790188197.607278,/orders/stats,0,111.316
1790188197.607549,/orders?limit=10&offset=0,0,106.877
1790188197.608116,/orders/notifications,0,46.125
1790188197.608452,/orders/stats,0,117.662
1790188197.6089332,/orders/notifications,0,145.964
1790188197.6119611,/orders?limit=10&offset=0,0,41.845
1790188197.612354,/orders/stats,0,99.078
1790188197.612928,/orders/stats,0,42.538
1790188197.6138408,/orders/notifications,0,137.203
1790188197.614181,/orders/notifications,0,115.176
1790188197.61446,/orders/notifications,0,59.184
1790188197.622279,/orders?limit=10&offset=0,0,115.431
1790188197.6231549,/orders?limit=10&offset=0,0,67.636
1790188197.6234188,/orders/notifications,0,99.535
1790188197.6296499,/orders?limit=10&offset=0,0,209.568
1790188197.6383228,/orders/stats,0,83.307
1790188197.664005,/orders/stats,0,94.732
1790188197.6653981,/orders/stats,0,204.194
1790188197.665728,/orders/stats,0,142.045
1790188197.771743,/orders?limit=10&offset=0,0,175.187
1790188197.7727869,/orders/notifications,0,168.967
1790188197.77305,/orders?limit=10&offset=0,0,220.565
1790188197.7733161,/orders/notifications,0,169.725
1790188197.774157,/orders/notifications,0,208.532
1790188197.776356,/orders/notifications,0,167.876
1790188197.776885,/orders/stats,0,206.267
1790188197.77726,/orders/stats,0,214.7
1790188197.777683,/orders/notifications,0,188.099
1790188197.780138,/orders/stats,0,168.156
1790188197.7804742,/orders/notifications,0,210.609
1790188197.781188,/orders/stats,0,258.92
1790188197.781522,/orders/notifications,0,258.873
1790188197.7834501,/orders/stats,0,188.142
1790188197.785563,/orders?limit=10&offset=0,0,199.31
1790188197.786048,/orders/notifications,0,208.039
1790188197.78636,/orders/notifications,0,272.35
1790188197.787287,/orders/notifications,0,174.343
1790188197.7876859,/orders/notifications,0,265.966
1790188197.7878761,/orders/notifications,0,218.28
1790188197.790012,/orders/stats,0,193.744
1790188197.790587,/orders/notifications,0,211.443
1790188197.79366,/orders/stats,0,171.36
1790188197.796059,/orders?limit=10&offset=0,0,325.25
1790188197.7964082,/orders/stats,0,283.934
1790188197.798217,/orders?limit=10&offset=0,0,24.045
1790188197.8013,/orders/notifications,0,135.551
1790188197.802094,/orders/notifications,0,24.822
1790188197.802498,/orders?limit=10&offset=0,0,239.313
1790188197.802762,/orders?limit=10&offset=0,0,179.332
1790188197.8035588,/orders?limit=10&offset=0,0,200.199
1790188197.80455,/orders/notifications,0,10.873
1790188197.807822,/orders?limit=10&offset=0,0,193.347
1790188197.808138,/orders/notifications,0,26.932
1790188197.8086882,/orders/stats,0,35.627
1790188197.8089962,/orders/notifications,0,170.652
1790188197.810059,/orders/notifications,0,33.164
1790188197.8103108,/orders/notifications,0,13.892
1790188197.810702,/orders/notifications,0,146.668
1790188197.81169,/orders/notifications,0,239.154
1790188197.813334,/orders/stats,0,27.752
1790188197.8137631,/orders/notifications,0,30.273
1790188197.8150568,/orders/stats,0,191.886
1790188197.815564,/orders/stats,0,185.887
1790188197.8161201,/orders/notifications,0,212.033
1790188197.8166342,/orders?limit=10&offset=0,0,40.236
1790188197.818099,/orders?limit=10&offset=0,0,36.562
1790188197.8186612,/orders?limit=10&offset=0,0,209.717
1790188197.81969,/orders?limit=10&offset=0,0,31.804
1790188197.8200011,/orders/stats,0,21.77
1790188197.820247,/orders?limit=10&offset=0,0,47.448
1790188197.820752,/orders/stats,0,17.181
1790188197.8210602,/orders/stats,0,24.984
1790188197.82745,/orders?limit=10&offset=0,0,26.135
1790188197.827806,/orders?limit=10&offset=0,0,17.736
1790188197.829049,/orders?limit=10&offset=0,0,226.469
1790188197.8299022,/orders/stats,0,27.127
1790188197.8329148,/orders/notifications,0,310.433
1790188197.833772,/orders?limit=10&offset=0,0,17.635
1790188197.834743,/orders?limit=10&offset=0,0,24.421
1790188197.83502,/orders/notifications,0,13.95
1790188197.8360472,/orders/notifications,0,20.974
1790188197.838411,/orders?limit=10&offset=0,0,47.81
1790188197.839575,/orders/stats,0,67.815
1790188197.839958,/orders/notifications,0,59.802
1790188197.8409002,/orders/notifications,0,20.888
1790188197.845479,/orders/stats,0,11.674
1790188197.847278,/orders/notifications,0,57.245
1790188197.851537,/orders/notifications,0,42.835
1790188197.852888,/orders?limit=10&offset=0,0,16.826
1790188197.853178,/orders/stats,0,24.116
1790188197.8539798,/orders?limit=10&offset=0,0,44.934
1790188197.85582,/orders/notifications,0,16.231
1790188197.856135,/orders?limit=10&offset=0,0,8.839
1790188197.856527,/orders/stats,0,21.77
1790188197.856797,/orders?limit=10&offset=0,0,52.234
1790188197.8602371,/orders?limit=10&offset=0,0,8.683
1790188197.861417,/orders/notifications,0,15.921
1790188197.8617222,/orders/notifications,0,8.532
1790188197.862166,/orders/notifications,0,5.627
1790188197.869909,/orders?limit=10&offset=0,0,8.172
1790188197.870284,/orders/stats,0,267.401
1790188197.8705668,/orders/stats,0,10.316
1790188197.870792,/orders?limit=10&offset=0,0,93.098
1790188197.871028,/orders?limit=10&offset=0,0,84.968
1790188197.871244,/orders?limit=10&offset=0,0,257.387
1790188197.8714619,/orders/notifications,0,58.107
1790188197.8716958,/orders/stats,0,18.795
1790188197.871924,/orders?limit=10&offset=0,0,63.775
1790188197.8722188,/orders?limit=10&offset=0,0,60.51
1790188197.8724968,/orders/notifications,0,351.307
1790188197.8727958,/orders/stats,0,64.96
1790188197.873062,/orders?limit=10&offset=0,0,33.094
1790188197.873325,/orders/notifications,0,43.405
1790188197.8735948,/orders/notifications,0,58.016
1790188197.873873,/orders?limit=10&offset=0,0,93.388
1790188197.874112,/orders/stats,0,35.689
1790188197.874392,/orders?limit=10&offset=0,0,39.358
1790188197.874696,/orders?limit=10&offset=0,0,13.247
1790188197.8750348,/orders/stats,0,55.333
1790188197.8753622,/orders?limit=10&offset=0,0,64.65
1790188197.875962,/orders?limit=10&offset=0,0,88.264
1790188197.876343,/orders?limit=10&offset=0,0,62.559
1790188197.876837,/orders?limit=10&offset=0,0,74.731
1790188197.877127,/orders?limit=10&offset=0,0,89.826
1790188197.87743,/orders?limit=10&offset=0,0,44.49
1790188197.87778,/orders/stats,0,50.315
1790188197.87812,/orders/stats,0,24.127
1790188197.8783731,/orders/notifications,0,369.7
1790188197.87873,/orders/stats,0,21.923
1790188197.8790631,/orders/notifications,0,213.65
1790188197.879544,/orders?limit=10&offset=0,0,271.413
1790188197.8798149,/orders?limit=10&offset=0,0,23.981
1790188197.88005,/orders/notifications,0,276.928
1790188197.880411,/orders/stats,0,24.265
1790188197.8806431,/orders/stats,0,62.531
1790188197.881217,/orders?limit=10&offset=0,0,40.298
1790188197.881703,/orders/notifications,0,60.936
1790188197.881996,/orders?limit=10&offset=0,0,19.817
1790188197.882255,/orders?limit=10&offset=0,0,108.927
1790188197.882731,/orders/stats,0,80.216
1790188197.8832278,/orders/stats,0,62.966
1790188197.884021,/orders/notifications,0,271.647
1790188197.8846169,/orders/stats,0,67.899
1790188197.884944,/orders/stats,0,57.1
1790188197.885345,/orders/stats,0,66.672
1790188197.8856242,/orders?limit=10&offset=0,0,271.428
1790188197.886204,/orders?limit=10&offset=0,0,99.833
1790188197.886488,/orders/stats,0,278.927
1790188197.886774,/orders/notifications,0,279.48
1790188197.887166,/orders/stats,0,17.242
1790188197.888007,/orders/notifications,0,15.201
1790188197.8882618,/orders/notifications,0,13.219
1790188197.889166,/orders/stats,0,18.365
1790188197.889624,/orders/stats,0,18.37
1790188197.889997,/orders/notifications,0,19.702
1790188197.89026,/orders/notifications,0,18.554
1790188197.890667,/orders?limit=10&offset=0,0,17.061
1790188197.891546,/orders/notifications,0,20.968
1790188197.891799,/orders/stats,0,15.828
1790188197.892077,/orders/stats,0,15.717
1790188197.892386,/orders?limit=10&offset=0,0,19.051
1790188197.906195,/orders?limit=10&offset=0,0,34.72
1790188197.906583,/orders/stats,0,33.512
1790188197.906822,/orders/stats,0,34.593
1790188197.907018,/orders/stats,0,33.135
1790188197.927565,/orders/stats,0,45.535
1790188197.9569721,/orders/notifications,0,73.726
1790188197.957442,/orders?limit=10&offset=0,0,77.381
1790188197.960078,/orders/stats,0,85.351
1790188197.9621089,/orders/notifications,0,84.314
1790188197.965632,/orders?limit=10&offset=0,0,87.245
1790188197.9676201,/orders/stats,0,96.579
1790188197.971124,/orders?limit=10&offset=0,0,92.05
1790188197.972835,/orders/stats,0,93.008
1790188197.9731069,/orders/stats,0,95.664
1790188197.973595,/orders/notifications,0,88.639
1790188197.973859,/orders?limit=10&offset=0,0,89.816
1790188197.9741461,/orders/notifications,0,91.397
1790188197.974443,/orders/notifications,0,100.32
1790188197.9782798,/orders/notifications,0,91.78
1790188197.978632,/orders/stats,0,21.178
1790188197.9797828,/orders?limit=10&offset=0,0,92.997
1790188197.980124,/orders/notifications,0,101.992
1790188197.981132,/orders?limit=10&offset=0,0,99.413
1790188197.9866529,/orders/notifications,0,94.843
1790188197.987065,/orders/stats,0,109.926
1790188197.990112,/orders/stats,0,114.739
1790188197.992691,/orders/notifications,0,107.333
1790188197.9936168,/orders/stats,0,112.381
1790188197.9939551,/orders/notifications,0,33.863
1790188197.9967518,/orders?limit=10&offset=0,0,106.479
1790188198.000656,/orders/notifications,0,94.048
1790188198.0014532,/orders/stats,0,121.895
1790188198.001804,/orders/notifications,0,94.972
1790188198.0023072,/orders?limit=10&offset=0,0,110.746
1790188198.002679,/orders/notifications,0,75.097
1790188198.0044632,/orders/stats,0,30.593
1790188198.004742,/orders?limit=10&offset=0,0,47.754
1790188198.005429,/orders/notifications,0,124.774
1790188198.005721,/orders?limit=10&offset=0,0,3.032
1790188198.0063481,/orders?limit=10&offset=0,0,118.328
1790188198.0074089,/orders/notifications,0,117.772
1790188198.010026,/orders?limit=10&offset=0,0,23.357
1790188198.010298,/orders/stats,0,39.161
1790188198.011616,/orders/notifications,0,104.588
1790188198.0124989,/orders?limit=10&offset=0,0,38.891
1790188198.0128288,/orders/stats,0,127.194
1790188198.013193,/orders/notifications,0,132.77
1790188198.0137348,/orders/notifications,0,126.555
1790188198.016982,/orders/stats,0,51.322
1790188198.017476,/orders?limit=10&offset=0,0,24.769
1790188198.01932,/orders/notifications,0,127.229
1790188198.019806,/orders?limit=10&offset=0,0,39.669
1790188198.022646,/orders/notifications,0,35.566
1790188198.0233548,/orders/notifications,0,138.723
1790188198.026905,/orders?limit=10&offset=0,0,52.449
1790188198.027315,/orders?limit=10&offset=0,0,49.021
1790188198.0275578,/orders?limit=10&offset=0,0,65.433
1790188198.0292969,/orders/notifications,0,16.453
1790188198.035241,/orders/notifications,0,56.594
1790188198.035537,/orders/stats,0,54.386
1790188198.037568,/orders/stats,0,155.299
1790188198.0404649,/orders/notifications,0,50.338
1790188198.041124,/orders/stats,0,44.356
1790188198.041466,/orders/stats,0,36.714
1790188198.045175,/orders/notifications,0,40.697
1790188198.045501,/orders/stats,0,153.104
1790188198.04587,/orders?limit=10&offset=0,0,45.184
1790188198.0462348,/orders/notifications,0,78.599
1790188198.046574,/orders/stats,0,26.757
1790188198.0508952,/orders/notifications,0,13.307
1790188198.053965,/orders/notifications,0,164.784
1790188198.054515,/orders/stats,0,48.783
1790188198.05476,/orders/stats,0,27.174
1790188198.055444,/orders/stats,0,28.114
1790188198.060652,/orders?limit=10&offset=0,0,37.99
1790188198.061019,/orders?limit=10&offset=0,0,171.009
1790188198.062339,/orders?limit=10&offset=0,0,27.08
1790188198.062887,/orders/stats,0,35.967
1790188198.063627,/orders/notifications,0,90.507
1790188198.063941,/orders/notifications,0,18.428
1790188198.065164,/orders/stats,0,19.269
1790188198.070016,/orders?limit=10&offset=0,0,19.095
1790188198.0703201,/orders/stats,0,198.385
1790188198.070552,/orders?limit=10&offset=0,0,65.111
1790188198.0708091,/orders?limit=10&offset=0,0,16.822
1790188198.0713332,/orders?limit=10&offset=0,0,51.996
1790188198.072293,/orders?limit=10&offset=0,0,48.925
1790188198.0731819,/orders?limit=10&offset=0,0,59.432
1790188198.074181,/orders/stats,0,13.514
1790188198.074618,/orders/stats,0,13.588
1790188198.0748842,/orders?limit=10&offset=0,0,28.638
1790188198.077427,/orders?limit=10&offset=0,0,13.786
1790188198.079257,/orders?limit=10&offset=0,0,34.067
1790188198.080053,/orders/stats,0,9.49
1790188198.0803862,/orders/notifications,0,25.616
1790188198.08362,/orders?limit=10&offset=0,0,43.132
1790188198.084308,/orders/notifications,0,73.993
1790188198.0851269,/orders/notifications,0,30.599
1790188198.086821,/orders/notifications,0,21.636
1790188198.087094,/orders?limit=10&offset=0,0,23.14
1790188198.0882392,/orders/stats,0,78.199
1790188198.088619,/orders/stats,0,76.107
1790188198.089036,/orders/notifications,0,47.56
1790188198.089283,/orders/notifications,0,14.653
1790188198.0901601,/orders/stats,0,17.854
1790188198.090862,/orders/notifications,0,16.666
1790188198.091583,/orders/notifications,0,11.517
1790188198.093342,/orders/notifications,0,46.756
1790188198.095177,/orders/stats,0,11.501
1790188198.095606,/orders/stats,0,8.502
1790188198.097108,/orders/notifications,0,8.855
1790188198.097476,/orders?limit=10&offset=0,0,8.43
1790188198.1003,/orders/notifications,0,44.835
1790188198.101732,/orders?limit=10&offset=0,0,12.324
1790188198.102017,/orders/notifications,0,11.845
1790188198.1023722,/orders/stats,0,31.027
1790188198.105073,/orders?limit=10&offset=0,0,24.675
1790188198.105418,/orders/stats,0,3.639
1790188198.105758,/orders/notifications,0,3.376
1790188198.106449,/orders?limit=10&offset=0,0,13.093
1790188198.107771,/orders?limit=10&offset=0,0,5.742
1790188198.1080399,/orders/notifications,0,37.709
1790188198.1113942,/orders?limit=10&offset=0,0,24.559
1790188198.1120808,/orders?limit=10&offset=0,0,27.758
1790188198.11261,/orders?limit=10&offset=0,0,6.842
1790188198.112892,/orders?limit=10&offset=0,0,15.769
1790188198.118491,/orders/stats,0,10.703
1790188198.1188202,/orders/stats,0,7.415
1790188198.121131,/orders?limit=10&offset=0,0,232.853
1790188198.121448,/orders?limit=10&offset=0,0,248.939
1790188198.121695,/orders/stats,0,244.846
1790188198.121939,/orders/stats,0,142.14
1790188198.122221,/orders/stats,0,235.988
1790188198.1225102,/orders/notifications,0,149.66
1790188198.1228359,/orders?limit=10&offset=0,0,115.414
1790188198.123113,/orders?limit=10&offset=0,0,148.955
1790188198.123404,/orders/stats,0,121.081
1790188198.123616,/orders/stats,0,249.209
1790188198.12387,/orders/notifications,0,130.232
1790188198.124238,/orders/stats,0,233.557
1790188198.124512,/orders/stats,0,118.15
1790188198.12489,/orders/notifications,0,83.729
1790188198.125647,/orders/notifications,0,124.18
1790188198.126267,/orders/notifications,0,90.712
1790188198.126591,/orders/stats,0,109.1
1790188198.126839,/orders/notifications,0,63.939
1790188198.127172,/orders/stats,0,53.978
1790188198.127362,/orders/stats,0,57.332
1790188198.127701,/orders/notifications,0,8.871
1790188198.1279612,/orders/notifications,0,249.219
1790188198.128232,/orders/notifications,0,111.225
1790188198.128582,/orders?limit=10&offset=0,0,115.376
1790188198.1288471,/orders/stats,0,51.407
1790188198.129128,/orders?limit=10&offset=0,0,117.497
1790188198.129353,/orders?limit=10&offset=0,0,100.037
1790188198.129566,/orders/stats,0,67.214
1790188198.129929,/orders/stats,0,223.716
1790188198.130167,/orders/stats,0,59.349
1790188198.130592,/orders?limit=10&offset=0,0,136.622
1790188198.131623,/orders/notifications,0,13.108
1790188198.132294,/orders?limit=10&offset=0,0,130.475
1790188198.1441112,/orders/notifications,0,16.926
1790188198.144476,/orders/notifications,0,19.953
1790188198.1447082,/orders/notifications,0,21.052
1790188198.144947,/orders/stats,0,69.96
1790188198.1451871,/orders/notifications,0,22.941
1790188198.145406,/orders/notifications,0,23.458
1790188198.145622,/orders/stats,0,24.164
1790188198.1458602,/orders?limit=10&offset=0,0,54.265
1790188198.146087,/orders?limit=10&offset=0,0,19.239
1790188198.1463182,/orders?limit=10&offset=0,0,55.424
1790188198.146561,/orders?limit=10&offset=0,0,61.423
1790188198.1467578,/orders/notifications,0,41.329
1790188198.146955,/orders?limit=10&offset=0,0,38.905
1790188198.147169,/orders/notifications,0,51.549
1790188198.147404,/orders/stats,0,34.501
1790188198.148764,/orders/notifications,0,60.132
1790188198.149133,/orders/notifications,0,27.42
1790188198.149512,/orders?limit=10&offset=0,0,49.182
1790188198.1498811,/orders?limit=10&offset=0,0,21.637
1790188198.150238,/orders/stats,0,45.153
1790188198.1505249,/orders/stats,0,27.679
1790188198.150898,/orders/stats,0,44.435
1790188198.1514912,/orders/stats,0,30.347
1790188198.151795,/orders/stats,0,39.701
1790188198.152012,/orders?limit=10&offset=0,0,24.302
1790188198.15222,/orders/notifications,0,57.028
1790188198.152425,/orders/stats,0,73.155
1790188198.152638,/orders?limit=10&offset=0,0,30.119
1790188198.152834,/orders/stats,0,23.473
1790188198.1530292,/orders/stats,0,40.408
1790188198.153226,/orders/stats,0,55.737
1790188198.1534212,/orders/notifications,0,29.174
1790188198.15622,/orders?limit=10&offset=0,0,29.925
1790188198.1565309,/orders?limit=10&offset=0,0,28.56
1790188198.165349,/orders/notifications,0,37.971
1790188198.165875,/orders/notifications,0,42.458
1790188198.166284,/orders/stats,0,35.673
1790188198.1669729,/orders/notifications,0,37.395
1790188198.1673841,/orders/stats,0,38.245
1790188198.196317,/orders/notifications,0,43.076
1790188198.1968691,/orders?limit=10&offset=0,0,71.209
1790188198.198526,/orders/notifications,0,68.346
1790188198.199175,/orders?limit=10&offset=0,0,74.274
1790188198.2009249,/orders?limit=10&offset=0,0,69.275
1790188198.2652721,/orders/stats,0,115.376
1790188198.2657962,/orders/notifications,0,112.947
1790188198.266359,/orders/notifications,0,121.399
1790188198.266894,/orders/notifications,0,113.852
1790188198.267461,/orders/stats,0,121.36
1790188198.268066,/orders/stats,0,115.418
1790188198.2683241,/orders/stats,0,145.199
1790188198.268687,/orders/stats,0,140.094
1790188198.2689338,/orders?limit=10&offset=0,0,119.785
1790188198.269143,/orders?limit=10&offset=0,0,120.363
1790188198.2693398,/orders?limit=10&offset=0,0,122.573
1790188198.2695339,/orders/stats,0,122.964
1790188198.2697291,/orders/stats,0,137.417
1790188198.26995,/orders/stats,0,113.408
1790188198.27016,/orders/notifications,0,102.763
1790188198.2703621,/orders/notifications,0,143.762
1790188198.270572,/orders?limit=10&offset=0,0,105.203
1790188198.270772,/orders/stats,0,121.24
1790188198.270973,/orders?limit=10&offset=0,0,126.254
1790188198.2711859,/orders/notifications,0,119.381
1790188198.271368,/orders?limit=10&offset=0,0,127.241
1790188198.271574,/orders?limit=10&offset=0,0,127.086
1790188198.2718022,/orders/notifications,0,142.944
1790188198.272038,/orders/stats,0,125.073
1790188198.272293,/orders?limit=10&offset=0,0,125.114
1790188198.2724962,/orders?limit=10&offset=0,0,106.607
1790188198.272694,/orders/notifications,0,106.397
1790188198.2728581,/orders?limit=10&offset=0,0,76.522
1790188198.279267,/orders/notifications,0,133.631
1790188198.280991,/orders/notifications,0,130.441
1790188198.2818549,/orders/stats,0,84.971
1790188198.282909,/orders?limit=10&offset=0,0,137.705
1790188198.283621,/orders?limit=10&offset=0,0,138.201
1790188198.285502,/orders/notifications,0,133.06
1790188198.2858171,/orders?limit=10&offset=0,0,132.384
1790188198.286088,/orders/stats,0,129.854
1790188198.286308,/orders?limit=10&offset=0,0,87.764
1790188198.286572,/orders/notifications,0,156.633
1790188198.286788,/orders/stats,0,134.766
1790188198.286996,/orders/stats,0,140.668
1790188198.2873652,/orders/stats,0,141.482
1790188198.288428,/orders/notifications,0,138.177
1790188198.288745,/orders?limit=10&offset=0,0,164.851
1790188198.289005,/orders/stats,0,89.815
1790188198.289244,/orders/stats,0,87.268
1790188198.2894762,/orders/notifications,0,137.974
1790188198.289717,/orders?limit=10&offset=0,0,137.487
1790188198.289922,/orders/notifications,0,139.009
1790188198.290155,/orders?limit=10&offset=0,0,123.139
1790188198.290358,/orders/notifications,0,142.944
1790188198.344073,/orders/stats,0,58.242
1790188198.3444118,/orders?limit=10&offset=0,0,73.215
1790188198.344671,/orders/notifications,0,77.197
1790188198.344911,/orders?limit=10&offset=0,0,74.539
1790188198.34522,/orders/stats,0,73.843
1790188198.345608,/orders/notifications,0,59.509
1790188198.3458629,/orders/stats,0,73.358
1790188198.34609,/orders?limit=10&offset=0,0,79.717
1790188198.3463302,/orders/notifications,0,57.315
1790188198.346619,/orders/notifications,0,76.881
1790188198.346913,/orders?limit=10&offset=0,0,75.101
1790188198.347178,/orders/stats,0,63.539
1790188198.347478,/orders/stats,0,78.126
1790188198.348099,/orders?limit=10&offset=0,0,77.925
1790188198.348542,/orders/notifications,0,79.843
1790188198.348876,/orders/stats,0,79.724
1790188198.349355,/orders?limit=10&offset=0,0,62.767
1790188198.3498209,/orders/stats,0,59.655
1790188198.350415,/orders/notifications,0,68.542
1790188198.351088,/orders?limit=10&offset=0,0,61.601
1790188198.3519292,/orders/stats,0,80.945
1790188198.352371,/orders/notifications,0,82.826
1790188198.3526201,/orders/notifications,0,80.574
1790188198.3529012,/orders?limit=10&offset=0,0,73.614
1790188198.3531241,/orders?limit=10&offset=0,0,87.306
1790188198.35344,/orders?limit=10&offset=0,0,86.524
1790188198.353666,/orders/notifications,0,82.886
1790188198.353908,/orders/notifications,0,66.881
1790188198.3541398,/orders/stats,0,71.206
1790188198.3543649,/orders/stats,0,85.422
1790188198.354623,/orders?limit=10&offset=0,0,81.92
1790188198.354978,/orders?limit=10&offset=0,0,73.967
1790188198.355167,/orders/notifications,0,87.089
1790188198.355381,/orders?limit=10&offset=0,0,69.866
1790188198.3556428,/orders/notifications,0,66.391
1790188198.355971,/orders/stats,0,84.387
1790188198.356199,/orders/notifications,0,86.24
1790188198.3564641,/orders/notifications,0,69.667
1790188198.35674,/orders?limit=10&offset=0,0,66.809
1790188198.357273,/orders/stats,0,68.517
1790188198.357537,/orders?limit=10&offset=0,0,67.17
1790188198.3577652,/orders/stats,0,85.462
1790188198.358073,/orders/notifications,0,89.739
1790188198.358335,/orders/stats,0,85.469
1790188198.358727,/orders/notifications,0,71.235
1790188198.359995,/orders?limit=10&offset=0,0,71.553
1790188198.360734,/orders/notifications,0,95.441
1790188198.361109,/orders/stats,0,71.382
1790188198.361408,/orders/stats,0,16.983
1790188198.361872,/orders/stats,0,14.947
1790188198.36225,/orders/stats,0,17.315
1790188198.362546,/orders/stats,0,76.226
1790188198.3628109,/orders/stats,0,92.228
1790188198.363403,/orders?limit=10&offset=0,0,17.785
1790188198.363722,/orders/notifications,0,14.833
1790188198.364864,/orders/notifications,0,17.292
1790188198.3693419,/orders/notifications,0,25.25
1790188198.369786,/orders/notifications,0,13.805
1790188198.370038,/orders?limit=10&offset=0,0,17.404
1790188198.370275,/orders/stats,0,15.288
1790188198.370579,/orders/notifications,0,25.348
1790188198.3707929,/orders?limit=10&offset=0,0,22.238
1790188198.37306,/orders/notifications,0,18.911
1790188198.376864,/orders/notifications,0,24.921
1790188198.389514,/orders/stats,0,41.393
1790188198.3898602,/orders/stats,0,36.947
1790188198.390162,/orders?limit=10&offset=0,0,34.51
1790188198.390441,/orders?limit=10&offset=0,0,35.226
1790188198.39071,/orders/notifications,0,43.523
1790188198.390969,/orders?limit=10&offset=0,0,32.226
1790188198.3912802,/orders?limit=10&offset=0,0,37.605
1790188198.392085,/orders/notifications,0,34.8
1790188198.392431,/orders?limit=10&offset=0,0,34.347
1790188198.392781,/orders?limit=10&offset=0,0,46.427
1790188198.3934479,/orders/stats,0,39.997
1790188198.393943,/orders/notifications,0,48.07
1790188198.394366,/orders?limit=10&offset=0,0,41.981
1790188198.3963578,/orders/stats,0,38.809
1790188198.396698,/orders/stats,0,41.307
1790188198.397683,/orders/stats,0,43.046
1790188198.39908,/orders/notifications,0,37.656
1790188198.4002938,/orders/notifications,0,39.168
1790188198.401095,/orders?limit=10&offset=0,0,28.017
1790188198.402126,/orders?limit=10&offset=0,0,51.694
1790188198.4111009,/orders?limit=10&offset=0,0,54.625
1790188198.411425,/orders?limit=10&offset=0,0,47.69
1790188198.41169,/orders/notifications,0,49.133
1790188198.411904,/orders/stats,0,62.537
1790188198.44183,/orders/stats,0,85.077
1790188198.4421508,/orders?limit=10&offset=0,0,72.354
1790188198.462493,/orders/notifications,0,100.604
1790188198.4629571,/orders?limit=10&offset=0,0,118.272
1790188198.463258,/orders/stats,0,103.249
1790188198.4709299,/orders/stats,0,124.827
1790188198.4770198,/orders?limit=10&offset=0,0,116.272
1790188198.477359,/orders/notifications,0,127.524
1790188198.477686,/orders?limit=10&offset=0,0,123.767
1790188198.481024,/orders/notifications,0,91.142
1790188198.4819462,/orders/stats,0,111.893
1790188198.482514,/orders/stats,0,111.701
1790188198.4843562,/orders/stats,0,133.251
1790188198.485815,/orders?limit=10&offset=0,0,115.221
1790188198.488018,/orders/stats,0,134.882
1790188198.4893491,/orders/notifications,0,95.888
1790188198.4907038,/orders?limit=10&offset=0,0,91.606
1790188198.491008,/orders?limit=10&offset=0,0,134.781
1790188198.493918,/orders/stats,0,82.798
1790188198.494591,/orders/stats,0,83.15
1790188198.5039349,/orders/notifications,0,62.087
1790188198.504339,/orders?limit=10&offset=0,0,134.978
1790188198.5047429,/orders/notifications,0,115.211
1790188198.5057762,/orders?limit=10&offset=0,0,115.052
1790188198.513119,/orders?limit=10&offset=0,0,166.484
1790188198.515081,/orders/notifications,0,117.371
1790188198.515497,/orders/notifications,0,119.116
1790188198.515789,/orders/notifications,0,119.077
1790188198.564718,/orders/stats,0,171.917
1790188198.5653179,/orders/stats,0,163.175
1790188198.5656261,/orders?limit=10&offset=0,0,61.668
1790188198.566089,/orders/stats,0,88.387
1790188198.566571,/orders?limit=10&offset=0,0,104.053
1790188198.5669708,/orders/notifications,0,155.051
1790188198.5674329,/orders/notifications,0,85.467
1790188198.5677938,/orders/stats,0,54.656
1790188198.568393,/orders?limit=10&offset=0,0,63.638
1790188198.568733,/orders/notifications,0,214.355
1790188198.569002,/orders/notifications,0,211.226
1790188198.569244,/orders/notifications,0,98.291
1790188198.569524,/orders/stats,0,179.351
1790188198.56974,/orders/notifications,0,81.709
1790188198.569938,/orders/notifications,0,87.395
1790188198.570245,/orders/stats,0,175.866
1790188198.5704231,/orders?limit=10&offset=0,0,178.324
1790188198.570712,/orders?limit=10&offset=0,0,176.758
1790188198.571015,/orders/stats,0,93.979
1790188198.571263,/orders/notifications,0,107.995
1790188198.571557,/orders/stats,0,65.768
1790188198.5718951,/orders?limit=10&offset=0,0,56.386
1790188198.572084,/orders?limit=10&offset=0,0,195.204
1790188198.572351,/orders/notifications,0,78.417
1790188198.572524,/orders/notifications,0,214.178
1790188198.5729978,/orders?limit=10&offset=0,0,208.108
1790188198.573264,/orders/stats,0,82.546
1790188198.573555,/orders/stats,0,181.113
1790188198.573749,/orders/notifications,0,89.371
1790188198.574112,/orders/stats,0,172.997
1790188198.574448,/orders/notifications,0,211.625
1790188198.5748212,/orders?limit=10&offset=0,0,85.459
1790188198.575936,/orders/notifications,0,81.331
1790188198.57657,/orders?limit=10&offset=0,0,60.764
1790188198.5769532,/orders?limit=10&offset=0,0,95.903
1790188198.577308,/orders/stats,0,86.288
1790188198.577566,/orders/stats,0,214.149
1790188198.577864,/orders?limit=10&offset=0,0,100.481
1790188198.578184,/orders/stats,0,73.83
1790188198.578634,/orders/stats,0,188.179
1790188198.599743,/orders?limit=10&offset=0,0,30.984
1790188198.600472,/orders?limit=10&offset=0,0,200.153
1790188198.600964,/orders/stats,0,29.058
1790188198.6016488,/orders/notifications,0,36.907
1790188198.601835,/orders/notifications,0,30.811
1790188198.602041,/orders?limit=10&offset=0,0,33.03
1790188198.602338,/orders/stats,0,30.222
1790188198.602645,/orders?limit=10&offset=0,0,28.188
1790188198.6028821,/orders/stats,0,211.501
1790188198.6030898,/orders/notifications,0,31.525
1790188198.6032598,/orders/stats,0,32.539
1790188198.603481,/orders/notifications,0,38.148
1790188198.603717,/orders/stats,0,37.133
1790188198.603929,/orders/notifications,0,29.807
1790188198.60417,/orders/notifications,0,36.366
1790188198.604404,/orders?limit=10&offset=0,0,89.304
1790188198.6046941,/orders/stats,0,162.533
1790188198.604867,/orders/stats,0,213.886
1790188198.6050282,/orders/notifications,0,38.927
1790188198.60531,/orders/stats,0,30.481
1790188198.605597,/orders?limit=10&offset=0,0,35.65
1790188198.605837,/orders/stats,0,120.005
1790188198.606295,/orders/notifications,0,28.72
1790188198.606634,/orders?limit=10&offset=0,0,36.885
1790188198.6068852,/orders/stats,0,38.481
1790188198.607169,/orders/stats,0,36.736
1790188198.607559,/orders?limit=10&offset=0,0,31.61
1790188198.607877,/orders/notifications,0,245.613
1790188198.608242,/orders/notifications,0,38.708
1790188198.608487,/orders/notifications,0,29.842
1790188198.609188,/orders/notifications,0,35.914
1790188198.609876,/orders/stats,0,32.001
1790188198.610162,/orders?limit=10&offset=0,0,37.614
1790188198.6104288,/orders/stats,0,44.79
1790188198.610822,/orders?limit=10&offset=0,0,199.097
1790188198.6110778,/orders/notifications,0,240.788
1790188198.611379,/orders/notifications,0,37.815
1790188198.61167,/orders/stats,0,35.087
1790188198.611895,/orders/notifications,0,34.577
1790188198.6122172,/orders/notifications,0,41.963
1790188198.620265,/orders?limit=10&offset=0,0,52.807
1790188198.620607,/orders/stats,0,157.637
1790188198.6378691,/orders/stats,0,27.694
1790188198.638216,/orders?limit=10&offset=0,0,36.372
1790188198.638701,/orders/stats,0,34.288
1790188198.639076,/orders/notifications,0,36.185
1790188198.639324,/orders/stats,0,37.274
1790188198.639572,/orders?limit=10&offset=0,0,35.392
1790188198.639806,/orders?limit=10&offset=0,0,34.768
1790188198.640088,/orders/notifications,0,36.361
1790188198.640408,/orders?limit=10&offset=0,0,32.52
1790188198.6406689,/orders?limit=10&offset=0,0,37.57
1790188198.640984,/orders/stats,0,34.339
1790188198.641355,/orders?limit=10&offset=0,0,29.963
1790188198.641706,/orders/notifications,0,34.528
1790188198.642074,/orders/notifications,0,63.878
1790188198.642841,/orders?limit=10&offset=0,0,69.082
1790188198.6433952,/orders?limit=10&offset=0,0,76.407
1790188198.643928,/orders/stats,0,70.918
1790188198.6487958,/orders?limit=10&offset=0,0,77.519
1790188198.6491861,/orders?limit=10&offset=0,0,36.952
1790188198.64973,/orders/stats,0,29.44
1790188198.65027,/orders/notifications,0,38.585
1790188198.65072,/orders/notifications,0,48.371
1790188198.651078,/orders/stats,0,50.588
1790188198.651476,/orders/stats,0,74.511
1790188198.6518762,/orders/stats,0,41.044
1790188198.652064,/orders/notifications,0,45.126
1790188198.652284,/orders/notifications,0,47.582
1790188198.6525178,/orders?limit=10&offset=0,0,41.428
1790188198.652734,/orders?limit=10&offset=0,0,44.483
1790188198.6529422,/orders/notifications,0,47.623
1790188198.653152,/orders/notifications,0,47.307
1790188198.653357,/orders?limit=10&offset=0,0,49.419
1790188198.653733,/orders/notifications,0,43.846
1790188198.6540108,/orders/stats,0,54.235
1790188198.654305,/orders?limit=10&offset=0,0,42.4
1790188198.654552,/orders?limit=10&offset=0,0,85.298
1790188198.654819,/orders/notifications,0,49.944
1790188198.655048,/orders?limit=10&offset=0,0,53.388
1790188198.655277,/orders/notifications,0,17.392
1790188198.655508,/orders?limit=10&offset=0,0,16.422
1790188198.6557739,/orders/stats,0,15.096
1790188198.656037,/orders?limit=10&offset=0,0,49.732
1790188198.6562681,/orders/stats,0,48.699
1790188198.656488,/orders/stats,0,18.262
1790188198.656706,/orders?limit=10&offset=0,0,48.21
1790188198.65692,/orders/notifications,0,17.588
1790188198.65715,/orders/stats,0,54.495
1790188198.657364,/orders?limit=10&offset=0,0,53.874
1790188198.657579,/orders/notifications,0,56.599
1790188198.657805,/orders/stats,0,52.198
1790188198.658081,/orders/notifications,0,19.369
1790188198.6582851,/orders?limit=10&offset=0,0,49.086
1790188198.658475,/orders/stats,0,18.893
1790188198.658674,/orders/notifications,0,48.237
1790188198.65886,/orders/stats,0,19.046
1790188198.6591659,/orders/notifications,0,38.548
1790188198.6598558,/orders?limit=10&offset=0,0,87.495
1790188198.6601999,/orders?limit=10&offset=0,0,20.102
1790188198.660461,/orders/notifications,0,57.192
1790188198.6637938,/orders/stats,0,23.371
1790188198.688503,/orders/notifications,0,38.746
1790188198.694002,/orders?limit=10&offset=0,0,40.251
1790188198.695952,/orders?limit=10&offset=0,0,40.663
1790188198.70991,/orders/notifications,0,68.9
1790188198.71329,/orders/stats,0,64.084
1790188198.72827,/orders/stats,0,75.738
1790188198.7350342,/orders?limit=10&offset=0,0,80.201
1790188198.739897,/orders/notifications,0,84.111
1790188198.741056,/orders/stats,0,83.681
1790188198.741458,/orders/stats,0,84.74
1790188198.746122,/orders?limit=10&offset=0,0,85.646
1790188198.746512,/orders/notifications,0,87.643
1790188198.747489,/orders/stats,0,98.667
1790188198.74796,/orders?limit=10&offset=0,0,88.782
1790188198.748306,/orders?limit=10&offset=0,0,106.589
1790188198.754642,/orders/notifications,0,103.154
1790188198.755605,/orders/stats,0,102.859
1790188198.755892,/orders/notifications,0,104.007
1790188198.760899,/orders/stats,0,66.869
1790188198.76124,/orders/stats,0,106.182
1790188198.7614982,/orders/stats,0,105.45
1790188198.7618382,/orders/stats,0,108.472
1790188198.767999,/orders?limit=10&offset=0,0,109.901
1790188198.810133,/orders/stats,0,155.814
1790188198.810505,/orders/stats,0,167.098
1790188198.813208,/orders/stats,0,64.883
1790188198.81359,/orders/stats,0,158.071
1790188198.820456,/orders/stats,0,177.598
1790188198.822616,/orders/notifications,0,109.304
1790188198.822895,/orders?limit=10&offset=0,0,172.586
1790188198.8231502,/orders/stats,0,168.587
1790188198.823473,/orders?limit=10&offset=0,0,164.79
1790188198.823749,/orders?limit=10&offset=0,0,83.839
1790188198.823977,/orders/notifications,0,180.037
1790188198.824211,/orders?limit=10&offset=0,0,172.136
1790188198.824471,/orders/notifications,0,83.0
1790188198.824768,/orders/stats,0,78.624
1790188198.8258188,/orders?limit=10&offset=0,0,172.866
1790188198.826117,/orders/notifications,0,162.301
1790188198.8266392,/orders?limit=10&offset=0,0,138.119
1790188198.826911,/orders?limit=10&offset=0,0,116.959
1790188198.827175,/orders/notifications,0,170.014
1790188198.8276072,/orders/notifications,0,66.68
1790188198.827837,/orders/stats,0,92.785
1790188198.8281002,/orders?limit=10&offset=0,0,170.511
1790188198.828361,/orders/notifications,0,18.212
1790188198.828737,/orders/notifications,0,170.251
1790188198.838411,/orders/notifications,0,13.624
1790188198.841383,/orders/stats,0,13.272
1790188198.841711,/orders?limit=10&offset=0,0,15.584
1790188198.8535612,/orders/notifications,0,199.534
1790188198.8539252,/orders/stats,0,212.558
1790188198.854233,/orders/notifications,0,31.073
1790188198.8545458,/orders/notifications,0,203.456
1790188198.854818,/orders?limit=10&offset=0,0,212.733
1790188198.85503,/orders/notifications,0,93.182
1790188198.8552608,/orders/stats,0,107.288
1790188198.855628,/orders/notifications,0,42.402
1790188198.856025,/orders/stats,0,33.12
1790188198.8614998,/orders/notifications,0,33.652
1790188198.861859,/orders/stats,0,37.638
1790188198.862189,/orders/stats,0,36.357
1790188198.862483,/orders?limit=10&offset=0,0,7.926
1790188198.862747,/orders?limit=10&offset=0,0,38.757
1790188198.863141,/orders?limit=10&offset=0,0,24.716
1790188198.863492,/orders?limit=10&offset=0,0,38.948
1790188198.8645508,/orders?limit=10&offset=0,0,9.506
1790188198.8707168,/orders?limit=10&offset=0,0,48.084
1790188198.871331,/orders/stats,0,29.609
1790188198.871659,/orders/notifications,0,30.263
1790188198.8719308,/orders/notifications,0,16.658
1790188198.8740401,/orders?limit=10&offset=0,0,221.743
1790188198.874346,/orders/stats,0,216.05
1790188198.8746738,/orders?limit=10&offset=0,0,223.939
1790188198.874912,/orders/notifications,0,133.842
1790188198.8751721,/orders?limit=10&offset=0,0,218.233
1790188198.875613,/orders/notifications,0,119.976
1790188198.876159,/orders?limit=10&offset=0,0,48.973
1790188198.8767302,/orders/notifications,0,148.441
1790188198.8771358,/orders/stats,0,53.653
1790188198.877495,/orders/notifications,0,220.996
1790188198.877731,/orders/stats,0,53.972
1790188198.877963,/orders?limit=10&offset=0,0,224.798
1790188198.878209,/orders?limit=10&offset=0,0,122.305
1790188198.8785238,/orders?limit=10&offset=0,0,24.948
1790188198.878766,/orders/notifications,0,117.258
1790188198.879019,/orders/notifications,0,222.74
1790188198.879272,/orders/notifications,0,221.456
1790188198.8795578,/orders?limit=10&offset=0,0,25.314
1790188198.879807,/orders?limit=10&offset=0,0,133.282
1790188198.8800619,/orders?limit=10&offset=0,0,51.312
1790188198.8803048,/orders/notifications,0,66.701
1790188198.880619,/orders?limit=10&offset=0,0,52.248
1790188198.8816798,/orders?limit=10&offset=0,0,54.058
1790188198.88223,/orders/notifications,0,61.758
1790188198.882841,/orders?limit=10&offset=0,0,128.175
1790188198.8834822,/orders/stats,0,187.506
1790188198.88385,/orders/stats,0,223.963
1790188198.884344,/orders/stats,0,57.691
1790188198.884712,/orders/stats,0,116.676
1790188198.885003,/orders/notifications,0,31.068
1790188198.8851929,/orders/stats,0,224.982
1790188198.885369,/orders/stats,0,58.449
1790188198.885531,/orders/notifications,0,74.989
1790188198.885769,/orders/notifications,0,138.26
1790188198.8859441,/orders/notifications,0,124.694
1790188198.8895621,/orders/stats,0,34.733
1790188198.894421,/orders/notifications,0,38.384
1790188198.904552,/orders/stats,0,41.044
1790188198.90489,/orders?limit=10&offset=0,0,32.949
1790188198.905134,/orders?limit=10&offset=0,0,27.629
1790188198.90535,/orders/stats,0,24.721
1790188198.9056299,/orders/stats,0,30.946
1790188198.905911,/orders/notifications,0,22.038
1790188198.906316,/orders?limit=10&offset=0,0,27.516
1790188198.906552,/orders/stats,0,28.58
1790188198.9068081,/orders/notifications,0,17.233
1790188198.9070709,/orders?limit=10&offset=0,0,35.4
1790188198.907299,/orders?limit=10&offset=0,0,28.27
1790188198.9078112,/orders/notifications,0,22.608
1790188198.9080288,/orders?limit=10&offset=0,0,22.252
1790188198.9083362,/orders/notifications,0,46.136
1790188198.9085948,/orders/notifications,0,30.855
1790188198.9092338,/orders?limit=10&offset=0,0,53.594
1790188198.9095712,/orders?limit=10&offset=0,0,34.649
1790188198.910065,/orders?limit=10&offset=0,0,29.743
1790188198.910571,/orders/notifications,0,33.417
1790188198.913985,/orders/notifications,0,29.259
1790188198.914421,/orders?limit=10&offset=0,0,19.983
1790188198.9161768,/orders?limit=10&offset=0,0,40.545
1790188198.921332,/orders/notifications,0,35.951
1790188198.922221,/orders/stats,0,42.148
1790188198.9224908,/orders?limit=10&offset=0,0,37.479
1790188198.922793,/orders/stats,0,42.977
1790188198.923131,/orders?limit=10&offset=0,0,37.179
1790188198.923457,/orders/stats,0,17.129
1790188198.9236841,/orders/stats,0,48.502
1790188198.923968,/orders/stats,0,45.75
1790188198.9249809,/orders/notifications,0,19.621
1790188198.928534,/orders/stats,0,19.273
1790188198.9289029,/orders?limit=10&offset=0,0,22.961
1790188198.9306052,/orders/stats,0,23.295
1790188198.939612,/orders/stats,0,31.571
1790188198.939971,/orders/notifications,0,56.475
1790188198.9402409,/orders/stats,0,30.659
1790188198.940535,/orders?limit=10&offset=0,0,61.237
1790188198.940768,/orders?limit=10&offset=0,0,32.422
1790188198.941,/orders/stats,0,35.856
1790188198.94124,/orders?limit=10&offset=0,0,19.891
1790188198.944714,/orders/notifications,0,16.16
1790188198.945096,/orders/stats,0,21.954
1790188198.945483,/orders?limit=10&offset=0,0,37.661
1790188198.945724,/orders/stats,0,29.467
1790188198.945977,/orders/stats,0,17.06
1790188198.946254,/orders/notifications,0,22.275
1790188198.94654,/orders?limit=10&offset=0,0,85.023
1790188198.94686,/orders/notifications,0,72.503
1790188198.947244,/orders/stats,0,82.668
1790188198.9475079,/orders?limit=10&offset=0,0,33.505
1790188198.9478889,/orders/stats,0,73.834
1790188198.9484138,/orders/stats,0,85.654
1790188198.948807,/orders/stats,0,86.312
1790188198.949137,/orders/stats,0,78.403
1790188198.949499,/orders/notifications,0,87.618
1790188198.9498858,/orders/stats,0,86.731
1790188198.950328,/orders/stats,0,70.753
1790188198.950753,/orders/notifications,0,79.404
1790188198.9538019,/orders/stats,0,75.264
1790188198.9541209,/orders/stats,0,71.236
1790188198.954381,/orders?limit=10&offset=0,0,68.842
1790188198.954614,/orders/stats,0,78.443
1790188198.9548569,/orders?limit=10&offset=0,0,78.115
1790188198.9551191,/orders/notifications,0,48.557
1790188198.9553962,/orders/notifications,0,24.774
1790188198.955681,/orders/notifications,0,33.434
1790188198.955971,/orders?limit=10&offset=0,0,47.367
1790188198.956286,/orders/stats,0,74.589
1790188198.956553,/orders?limit=10&offset=0,0,74.31
1790188198.9568079,/orders/stats,0,49.727
1790188198.957181,/orders/stats,0,52.28
1790188198.957504,/orders/stats,0,47.428
1790188198.9578319,/orders?limit=10&offset=0,0,47.249
1790188198.958276,/orders?limit=10&offset=0,0,51.458
1790188198.958533,/orders/notifications,0,52.893
1790188198.958754,/orders/stats,0,44.318
1790188198.9635131,/orders/notifications,0,40.044
1790188198.9638798,/orders/stats,0,41.378
1790188198.964258,/orders/notifications,0,15.439
1790188198.964614,/orders/stats,0,24.068
1790188198.9649658,/orders/notifications,0,19.858
1790188198.965188,/orders/stats,0,23.938
1790188198.9872808,/orders/notifications,0,64.474
1790188198.987628,/orders/notifications,0,63.934
1790188198.9879098,/orders/notifications,0,83.342
1790188198.9899788,/orders/notifications,0,50.35
1790188198.990609,/orders/notifications,0,40.709
1790188198.9911602,/orders?limit=10&offset=0,0,44.289
1790188198.995608,/orders?limit=10&offset=0,0,40.474
1790188198.996025,/orders?limit=10&offset=0,0,51.296
1790188198.99629,/orders/notifications,0,111.933
1790188198.9965959,/orders?limit=10&offset=0,0,8.956
1790188198.996885,/orders/stats,0,40.904
1790188198.9972029,/orders/notifications,0,39.689
1790188198.99747,/orders?limit=10&offset=0,0,72.475
1790188198.9979148,/orders/stats,0,43.52
1790188198.998278,/orders?limit=10&offset=0,0,39.734
1790188198.99856,/orders?limit=10&offset=0,0,49.044
1790188198.998827,/orders/notifications,0,52.839
1790188198.999327,/orders/notifications,0,53.589
1790188198.999826,/orders?limit=10&offset=0,0,53.552
1790188199.00037,/orders/stats,0,43.804
1790188199.0008829,/orders?limit=10&offset=0,0,60.856
1790188199.0012858,/orders/notifications,0,46.662
1790188199.001663,/orders/notifications,0,54.409
1790188199.001887,/orders/notifications,0,53.985
1790188199.002107,/orders?limit=10&offset=0,0,51.338
1790188199.002302,/orders?limit=10&offset=0,0,38.034
1790188199.002521,/orders/stats,0,55.97
1790188199.002729,/orders/notifications,0,62.478
1790188199.003003,/orders?limit=10&offset=0,0,47.597
1790188199.0032341,/orders/stats,0,62.456
1790188199.0034828,/orders/notifications,0,55.056
1790188199.003718,/orders/stats,0,45.433
1790188199.003992,/orders?limit=10&offset=0,0,13.371
1790188199.004433,/orders?limit=10&offset=0,0,39.455
1790188199.0047302,/orders?limit=10&offset=0,0,14.739
1790188199.005004,/orders/notifications,0,50.872
1790188199.005287,/orders/notifications,0,40.088
1790188199.005599,/orders/notifications,0,55.253
1790188199.0058692,/orders/notifications,0,49.051
1790188199.006133,/orders/notifications,0,49.837
1790188199.0064619,/orders/notifications,0,47.699
1790188199.0067399,/orders/notifications,0,65.729
1790188199.007024,/orders?limit=10&offset=0,0,19.104
1790188199.007342,/orders/notifications,0,58.194
1790188199.007636,/orders/notifications,0,50.444
1790188199.007901,/orders/stats,0,60.379
1790188199.008224,/orders/notifications,0,43.599
1790188199.008916,/orders?limit=10&offset=0,0,21.62
1790188199.009279,/orders/stats,0,51.434
1790188199.0100129,/orders/stats,0,55.143
1790188199.010317,/orders/stats,0,19.138
1790188199.0106409,/orders?limit=10&offset=0,0,47.111
1790188199.010875,/orders/notifications,0,46.983
1790188199.011211,/orders/notifications,0,57.394
1790188199.01364,/orders/stats,0,68.142
1790188199.014216,/orders?limit=10&offset=0,0,58.523
1790188199.0206552,/orders/stats,0,24.614
1790188199.020992,/orders/stats,0,23.511
1790188199.021267,/orders/stats,0,22.976
1790188199.0215302,/orders/stats,0,24.925
1790188199.021804,/orders/stats,0,26.178
1790188199.022083,/orders/notifications,0,21.699
1790188199.022484,/orders/stats,0,21.583
1790188199.022754,/orders?limit=10&offset=0,0,21.46
1790188199.023009,/orders/notifications,0,26.115
1790188199.023245,/orders/stats,0,24.671
1790188199.026859,/orders/stats,0,17.929
1790188199.029815,/orders?limit=10&offset=0,0,18.927
1790188199.030335,/orders?limit=10&offset=0,0,34.033
1790188199.030774,/orders/stats,0,28.461
1790188199.045399,/orders/notifications,0,47.466
1790188199.0464482,/orders/notifications,0,43.914
1790188199.050783,/orders?limit=10&offset=0,0,44.025
1790188199.05318,/orders?limit=10&offset=0,0,54.338
1790188199.0534809,/orders/stats,0,53.636
1790188199.055881,/orders/stats,0,51.435
1790188199.0574589,/orders/notifications,0,34.963
1790188199.060621,/orders/stats,0,30.271
1790188199.061051,/orders/stats,0,56.311
1790188199.0615501,/orders/notifications,0,30.763
1790188199.0631008,/orders?limit=10&offset=0,0,59.604
1790188199.0634408,/orders/notifications,0,49.785
1790188199.0637288,/orders/stats,0,56.693
1790188199.064055,/orders/stats,0,49.823
1790188199.065714,/orders/notifications,0,57.8
1790188199.066234,/orders/notifications,0,45.225
1790188199.0668118,/orders/notifications,0,46.139
1790188199.06725,/orders?limit=10&offset=0,0,65.577
1790188199.07074,/orders/stats,0,60.082
1790188199.0710368,/orders?limit=10&offset=0,0,59.814
1790188199.071315,/orders?limit=10&offset=0,0,65.706
1790188199.0716748,/orders/stats,0,48.911
1790188199.0720158,/orders?limit=10&offset=0,0,69.277
1790188199.0727072,/orders/stats,0,42.877
1790188199.0731058,/orders/notifications,0,46.232
1790188199.0741591,/orders?limit=10&offset=0,0,67.685
1790188199.0753012,/orders/stats,0,71.297
1790188199.075983,/orders?limit=10&offset=0,0,29.519
1790188199.078191,/orders/notifications,0,56.647
1790188199.078576,/orders?limit=10&offset=0,0,15.124
1790188199.082658,/orders/stats,0,80.535
1790188199.085514,/orders?limit=10&offset=0,0,78.159
1790188199.0858612,/orders?limit=10&offset=0,0,88.646
1790188199.086119,/orders?limit=10&offset=0,0,80.819
1790188199.0863822,/orders/notifications,0,25.748
1790188199.086785,/orders/notifications,0,77.448
1790188199.087019,/orders/stats,0,84.006
1790188199.087488,/orders?limit=10&offset=0,0,42.074
1790188199.088418,/orders/notifications,0,85.174
1790188199.089043,/orders?limit=10&offset=0,0,31.572
1790188199.090483,/orders?limit=10&offset=0,0,84.603
1790188199.090761,/orders/stats,0,27.643
1790188199.091124,/orders?limit=10&offset=0,0,69.006
1790188199.091553,/orders/stats,0,40.746
1790188199.091928,/orders?limit=10&offset=0,0,83.539
1790188199.093581,/orders?limit=10&offset=0,0,91.682
1790188199.0939069,/orders/stats,0,26.644
1790188199.0942478,/orders/notifications,0,84.223
1790188199.094544,/orders/stats,0,41.349
1790188199.094819,/orders/stats,0,20.647
1790188199.0966332,/orders/stats,0,20.635
1790188199.0971048,/orders/notifications,0,33.364
1790188199.09809,/orders?limit=10&offset=0,0,91.937
1790188199.098499,/orders?limit=10&offset=0,0,32.767
1790188199.102821,/orders/stats,0,31.493
1790188199.103876,/orders/notifications,0,31.155
1790188199.1042151,/orders/notifications,0,100.487
1790188199.104486,/orders?limit=10&offset=0,0,96.839
1790188199.104745,/orders/notifications,0,33.059
1790188199.104993,/orders/notifications,0,34.238
1790188199.108651,/orders?limit=10&offset=0,0,14.39
1790188199.110204,/orders/notifications,0,86.944
1790188199.110615,/orders?limit=10&offset=0,0,24.222
1790188199.111181,/orders/notifications,0,55.286
1790188199.111447,/orders/stats,0,25.318
1790188199.1130571,/orders?limit=10&offset=0,0,113.711
1790188199.113388,/orders/stats,0,41.358
1790188199.113673,/orders?limit=10&offset=0,0,3.456
1790188199.113962,/orders/notifications,0,22.399
1790188199.114214,/orders?limit=10&offset=0,0,3.019
1790188199.1196659,/orders/notifications,0,25.11
1790188199.1199858,/orders?limit=10&offset=0,0,58.423
1790188199.1202948,/orders?limit=10&offset=0,0,53.468
1790188199.121871,/orders/notifications,0,25.221
1790188199.122143,/orders/stats,0,1.839
1790188199.122848,/orders/notifications,0,20.011
1790188199.124546,/orders?limit=10&offset=0,0,20.318
1790188199.124893,/orders/stats,0,34.395
1790188199.125592,/orders/stats,0,40.061
1790188199.1287649,/orders/stats,0,35.166
1790188199.12942,/orders?limit=10&offset=0,0,124.402
1790188199.1297338,/orders/stats,0,15.509
1790188199.13033,/orders/notifications,0,108.515
1790188199.1350138,/orders/stats,0,47.512
1790188199.1354141,/orders?limit=10&offset=0,0,38.296
1790188199.135594,/orders/stats,0,57.006
1790188199.1359081,/orders/stats,0,64.858
1790188199.1436958,/orders/notifications,0,133.352
1790188199.1440089,/orders?limit=10&offset=0,0,40.117
1790188199.144293,/orders?limit=10&offset=0,0,39.538
1790188199.144566,/orders/notifications,0,33.109
1790188199.1448672,/orders/notifications,0,62.188
1790188199.1450949,/orders/stats,0,34.47
1790188199.150568,/orders/stats,0,36.878
1790188199.151884,/orders/notifications,0,64.852
1790188199.152173,/orders/notifications,0,130.894
1790188199.152517,/orders?limit=10&offset=0,0,32.835
1790188199.152781,/orders/stats,0,66.91
1790188199.153022,/orders?limit=10&offset=0,0,66.225
1790188199.153224,/orders/notifications,0,58.395
1790188199.1562061,/orders/stats,0,65.067
1790188199.15791,/orders/notifications,0,104.417
1790188199.161803,/orders?limit=10&offset=0,0,56.796
1790188199.162216,/orders/notifications,0,26.297
1790188199.1666958,/orders/notifications,0,36.94
1790188199.167267,/orders/notifications,0,73.344
1790188199.1686258,/orders?limit=10&offset=0,0,90.414
1790188199.1689112,/orders/stats,0,24.608
1790188199.1691918,/orders?limit=10&offset=0,0,146.172
1790188199.169434,/orders?limit=10&offset=0,0,103.174
1790188199.1697412,/orders/stats,0,49.744
1790188199.171793,/orders?limit=10&offset=0,0,49.908
1790188199.172299,/orders/notifications,0,47.395
1790188199.172566,/orders/stats,0,19.535
1790188199.173285,/orders?limit=10&offset=0,0,29.571
1790188199.173603,/orders/stats,0,81.645
1790188199.1738582,/orders/stats,0,49.299
1790188199.1741672,/orders/stats,0,61.095
1790188199.178278,/orders/stats,0,16.456
1790188199.178632,/orders/notifications,0,65.231
1790188199.178933,/orders/stats,0,80.421
1790188199.1791842,/orders?limit=10&offset=0,0,34.307
1790188199.179471,/orders?limit=10&offset=0,0,27.571
1790188199.179759,/orders?limit=10&offset=0,0,91.328
1790188199.180005,/orders/stats,0,50.572
1790188199.180233,/orders?limit=10&offset=0,0,66.259
1790188199.1852438,/orders/stats,0,80.73
1790188199.185584,/orders?limit=10&offset=0,0,112.467
1790188199.187364,/orders?limit=10&offset=0,0,15.049
1790188199.188349,/orders?limit=10&offset=0,0,26.122
1790188199.189462,/orders/notifications,0,38.875
1790188199.1897228,/orders/stats,0,91.614
1790188199.1899571,/orders/notifications,0,44.851
1790188199.190315,/orders/notifications,0,21.394
1790188199.192467,/orders/stats,0,39.937
1790188199.193536,/orders/stats,0,24.089
1790188199.195371,/orders/notifications,0,15.354
1790188199.196071,/orders/notifications,0,60.462
1790188199.1969678,/orders/notifications,0,40.746
1790188199.200313,/orders/stats,0,56.289
1790188199.201426,/orders/notifications,0,27.806
1790188199.2026072,/orders/stats,0,93.94
1790188199.2029812,/orders/stats,0,34.341
1790188199.2053099,/orders/notifications,0,27.017
1790188199.206284,/orders/stats,0,70.859
1790188199.206912,/orders/stats,0,27.141
1790188199.2071779,/orders/notifications,0,28.234
1790188199.207855,/orders/notifications,0,22.591
1790188199.2081652,/orders?limit=10&offset=0,0,77.823
1790188199.2091331,/orders/notifications,0,86.976
1790188199.2095602,/orders/notifications,0,148.488
1790188199.210068,/orders/notifications,0,119.295
1790188199.2117162,/orders/notifications,0,147.644
1790188199.2121081,/orders/notifications,0,39.529
1790188199.213275,/orders?limit=10&offset=0,0,68.697
1790188199.213632,/orders/stats,0,124.576
1790188199.2140281,/orders/stats,0,26.649
1790188199.215096,/orders/notifications,0,86.313
1790188199.2171142,/orders/stats,0,28.747
1790188199.2187781,/orders/notifications,0,83.744
1790188199.2287989,/orders/notifications,0,59.045
1790188199.229147,/orders/notifications,0,35.596
1790188199.229538,/orders/stats,0,49.295
1790188199.2298481,/orders/stats,0,56.549
1790188199.230145,/orders?limit=10&offset=0,0,34.761
1790188199.2304058,/orders/stats,0,58.6
1790188199.23087,/orders?limit=10&offset=0,0,108.007
1790188199.231286,/orders/notifications,0,57.415
1790188199.235135,/orders/notifications,0,21.092
1790188199.2354481,/orders?limit=10&offset=0,0,82.215
1790188199.2357252,/orders/stats,0,66.524
1790188199.236058,/orders?limit=10&offset=0,0,28.19
1790188199.236385,/orders/notifications,0,43.904
1790188199.2366872,/orders/stats,0,57.491
1790188199.237012,/orders/stats,0,57.527
1790188199.237272,/orders/stats,0,51.678
1790188199.238881,/orders/notifications,0,163.565
1790188199.2397,/orders?limit=10&offset=0,0,43.614
1790188199.240205,/orders?limit=10&offset=0,0,88.02
1790188199.240464,/orders?limit=10&offset=0,0,73.181
1790188199.240757,/orders?limit=10&offset=0,0,29.027
1790188199.241112,/orders/notifications,0,88.318
1790188199.243764,/orders?limit=10&offset=0,0,42.322
1790188199.245427,/orders?limit=10&offset=0,0,66.778
1790188199.246638,/orders/notifications,0,16.216
1790188199.247382,/orders?limit=10&offset=0,0,57.413
1790188199.247744,/orders/notifications,0,40.818
1790188199.2486951,/orders/stats,0,40.517
1790188199.249055,/orders/notifications,0,13.314
1790188199.249501,/orders/notifications,0,123.893
1790188199.2501729,/orders/notifications,0,43.868
1790188199.252769,/orders?limit=10&offset=0,0,23.61
1790188199.253742,/orders?limit=10&offset=0,0,41.622
1790188199.254615,/orders/notifications,0,25.064
1790188199.2549498,/orders?limit=10&offset=0,0,88.214
1790188199.255389,/orders/notifications,0,38.24
1790188199.255692,/orders?limit=10&offset=0,0,65.341
1790188199.255935,/orders?limit=10&offset=0,0,58.952
1790188199.256429,/orders/stats,0,16.212
1790188199.256734,/orders/notifications,0,43.091
1790188199.25705,/orders?limit=10&offset=0,0,51.727
1790188199.2572749,/orders?limit=10&offset=0,0,50.085
1790188199.259816,/orders/notifications,0,85.626
1790188199.262271,/orders/notifications,0,59.646
1790188199.262657,/orders/notifications,0,25.374
1790188199.263314,/orders/notifications,0,62.984
1790188199.265228,/orders/notifications,0,62.232
1790188199.2655518,/orders/stats,0,52.261
1790188199.265996,/orders/stats,0,35.107
1790188199.270252,/orders?limit=10&offset=0,0,55.141
1790188199.271231,/orders?limit=10&offset=0,0,36.078
1790188199.276837,/orders/notifications,0,28.126
1790188199.2782972,/orders/stats,0,48.139
1790188199.2786088,/orders?limit=10&offset=0,0,89.133
1790188199.278892,/orders?limit=10&offset=0,0,28.7
1790188199.279239,/orders/stats,0,39.526
1790188199.2823849,/orders?limit=10&offset=0,0,63.588
1790188199.283106,/orders/stats,0,47.645
1790188199.288655,/orders?limit=10&offset=0,0,40.896
1790188199.289089,/orders/stats,0,33.143
1790188199.2893388,/orders/stats,0,41.924
1790188199.289758,/orders?limit=10&offset=0,0,40.234
1790188199.290046,/orders/notifications,0,53.023
1790188199.290277,/orders/stats,0,19.033
1790188199.290494,/orders?limit=10&offset=0,0,54.099
1790188199.290813,/orders?limit=10&offset=0,0,80.735
1790188199.291081,/orders?limit=10&offset=0,0,81.933
1790188199.295073,/orders?limit=10&offset=0,0,32.402
1790188199.295396,/orders?limit=10&offset=0,0,33.109
1790188199.295674,/orders?limit=10&offset=0,0,64.373
1790188199.2959192,/orders/stats,0,55.444
1790188199.300168,/orders/stats,0,46.397
1790188199.302766,/orders/stats,0,57.32
1790188199.303087,/orders/stats,0,67.017
1790188199.303332,/orders/notifications,0,37.308
1790188199.3038342,/orders/stats,0,48.874
1790188199.304066,/orders/stats,0,48.365
1790188199.305352,/orders/notifications,0,2.254
1790188199.305734,/orders?limit=10&offset=0,0,66.823
1790188199.306329,/orders?limit=10&offset=0,0,57.258
1790188199.309439,/orders/stats,0,56.655
1790188199.309946,/orders?limit=10&offset=0,0,33.094
1790188199.310185,/orders/notifications,0,120.451
1790188199.313076,/orders/notifications,0,33.823
1790188199.31357,/orders?limit=10&offset=0,0,58.943
1790188199.314473,/orders/notifications,0,48.904
1790188199.314871,/orders/notifications,0,58.428
1790188199.319329,/orders?limit=10&offset=0,0,90.511
1790188199.319774,/orders/notifications,0,89.913
1790188199.320131,/orders?limit=10&offset=0,0,60.28
1790188199.321973,/orders/notifications,0,32.623
1790188199.322967,/orders/stats,0,31.874
1790188199.324426,/orders/stats,0,29.017
1790188199.324809,/orders/notifications,0,20.733
1790188199.325099,/orders/stats,0,35.329
1790188199.3253708,/orders/stats,0,30.28
1790188199.325634,/orders/stats,0,84.867
1790188199.328675,/orders?limit=10&offset=0,0,119.1
1790188199.32917,/orders?limit=10&offset=0,0,63.924
1790188199.329453,/orders?limit=10&offset=0,0,16.36
1790188199.330198,/orders?limit=10&offset=0,0,83.541
1790188199.330615,/orders/notifications,0,27.833
1790188199.33099,/orders/notifications,0,94.289
1790188199.331297,/orders/stats,0,52.394
1790188199.332733,/orders?limit=10&offset=0,0,75.972
1790188199.3377018,/orders/stats,0,49.03
1790188199.338112,/orders/stats,0,47.287
1790188199.338513,/orders?limit=10&offset=0,0,33.142
1790188199.338888,/orders/stats,0,48.36
1790188199.339361,/orders?limit=10&offset=0,0,49.304
1790188199.339641,/orders/stats,0,61.021
1790188199.340201,/orders?limit=10&offset=0,0,76.873
1790188199.34566,/orders/stats,0,49.971
1790188199.346014,/orders/notifications,0,50.084
1790188199.346385,/orders/stats,0,63.976
1790188199.346682,/orders/notifications,0,63.56
1790188199.346953,/orders/stats,0,89.89
1790188199.3472362,/orders/stats,0,37.28
1790188199.3475242,/orders/stats,0,103.747
1790188199.353858,/orders/notifications,0,64.754
1790188199.358127,/orders?limit=10&offset=0,0,200.197
1790188199.361342,/orders/notifications,0,38.362
1790188199.362884,/orders/stats,0,92.614
1790188199.363183,/orders/notifications,0,62.982
1790188199.36349,/orders/stats,0,106.203
1790188199.3640661,/orders?limit=10&offset=0,0,18.036
1790188199.37282,/orders/notifications,0,41.509
1790188199.3737931,/orders/stats,0,68.047
1790188199.374075,/orders?limit=10&offset=0,0,132.951
1790188199.374392,/orders?limit=10&offset=0,0,49.569
1790188199.374652,/orders/stats,0,44.439
1790188199.3751948,/orders/notifications,0,36.282
1790188199.375496,/orders/stats,0,55.353
1790188199.377238,/orders?limit=10&offset=0,0,55.25
1790188199.377764,/orders/notifications,0,52.655
1790188199.378001,/orders/stats,0,38.628
1790188199.3785212,/orders?limit=10&offset=0,0,58.735
1790188199.3788228,/orders?limit=10&offset=0,0,64.331
1790188199.380278,/orders/stats,0,50.812
1790188199.38094,/orders/stats,0,52.25
1790188199.383307,/orders/stats,0,54.114
1790188199.383828,/orders/stats,0,64.476
1790188199.384256,/orders?limit=10&offset=0,0,74.059
1790188199.386594,/orders/notifications,0,82.744
1790188199.387358,/orders/notifications,0,47.705
1790188199.3885398,/orders?limit=10&offset=0,0,133.137
1790188199.3896,/orders?limit=10&offset=0,0,74.718
1790188199.389884,/orders/notifications,0,64.233
1790188199.393895,/orders/notifications,0,30.989
1790188199.397141,/orders/stats,0,64.377
1790188199.397505,/orders?limit=10&offset=0,0,94.142
1790188199.398654,/orders?limit=10&offset=0,0,44.779
1790188199.39977,/orders/notifications,0,121.457
1790188199.400662,/orders/stats,0,26.575
1790188199.400945,/orders/notifications,0,63.225
1790188199.4012191,/orders/notifications,0,53.967
1790188199.401549,/orders/notifications,0,92.096
1790188199.401885,/orders/stats,0,63.36
1790188199.403379,/orders/notifications,0,77.996
1790188199.4038432,/orders/stats,0,90.26
1790188199.4043572,/orders/stats,0,14.743
1790188199.4053938,/orders/notifications,0,41.887
1790188199.405853,/orders/stats,0,65.636
1790188199.406257,/orders/notifications,0,22.413
1790188199.407418,/orders?limit=10&offset=0,0,44.215
1790188199.408128,/orders/notifications,0,33.463
1790188199.408821,/orders/stats,0,102.473
1790188199.409319,/orders/stats,0,45.234
1790188199.416234,/orders?limit=10&offset=0,0,85.602
1790188199.416585,/orders?limit=10&offset=0,0,38.808
1790188199.4171112,/orders/stats,0,28.556
1790188199.419698,/orders/notifications,0,129.408
1790188199.42001,/orders/notifications,0,36.676
1790188199.4202628,/orders?limit=10&offset=0,0,89.261
1790188199.4205089,/orders/notifications,0,82.386
1790188199.420896,/orders/notifications,0,96.455
1790188199.4212449,/orders/stats,0,63.103
1790188199.421568,/orders/notifications,0,40.615
1790188199.423688,/orders/notifications,0,17.82
1790188199.4240441,/orders/stats,0,26.526
1790188199.4287539,/orders/stats,0,30.083
1790188199.4299898,/orders?limit=10&offset=0,0,29.03
1790188199.430364,/orders?limit=10&offset=0,0,55.158
1790188199.432677,/orders/notifications,0,31.995
1790188199.433072,/orders?limit=10&offset=0,0,71.716
1790188199.438111,/orders/notifications,0,60.098
1790188199.43858,/orders/notifications,0,91.615
1790188199.4389591,/orders/stats,0,60.426
1790188199.440733,/orders?limit=10&offset=0,0,50.836
1790188199.441073,/orders?limit=10&offset=0,0,68.237
1790188199.444421,/orders/notifications,0,47.222
1790188199.445065,/orders?limit=10&offset=0,0,24.544
1790188199.446992,/orders/notifications,0,71.454
1790188199.447861,/orders/stats,0,70.606
1790188199.4534569,/orders/notifications,0,51.559
1790188199.453804,/orders/notifications,0,106.268
1790188199.45489,/orders?limit=10&offset=0,0,51.495
1790188199.455852,/orders?limit=10&offset=0,0,61.919
1790188199.456856,/orders?limit=10&offset=0,0,36.833
1790188199.461604,/orders/notifications,0,52.266
1790188199.4619431,/orders/notifications,0,116.266
1790188199.463969,/orders/notifications,0,39.91
1790188199.4663239,/orders/stats,0,36.308
1790188199.4709089,/orders/stats,0,40.53
1790188199.471245,/orders/notifications,0,67.389
1790188199.471617,/orders/stats,0,55.365
1790188199.474797,/orders/stats,0,34.045
1790188199.475348,/orders/stats,0,58.752
1790188199.475721,/orders/stats,0,101.317
1790188199.476008,/orders/notifications,0,71.639
1790188199.476633,/orders?limit=10&offset=0,0,38.04
1790188199.479303,/orders?limit=10&offset=0,0,132.608
1790188199.4801111,/orders?limit=10&offset=0,0,73.841
1790188199.4805272,/orders?limit=10&offset=0,0,80.744
1790188199.482769,/orders?limit=10&offset=0,0,61.849
1790188199.485124,/orders/notifications,0,63.866
1790188199.485394,/orders?limit=10&offset=0,0,63.816
1790188199.48772,/orders?limit=10&offset=0,0,2.581
1790188199.488051,/orders/notifications,0,40.166
1790188199.488331,/orders/stats,0,104.051
1790188199.4903529,/orders/notifications,0,19.429
1790188199.491217,/orders?limit=10&offset=0,0,104.606
1790188199.491572,/orders/stats,0,71.297
1790188199.494715,/orders/stats,0,39.811
1790188199.497039,/orders/stats,0,40.168
1790188199.530387,/orders?limit=10&offset=0,0,83.371
1790188199.530702,/orders/notifications,0,54.966
1790188199.531083,/orders?limit=10&offset=0,0,98.383
1790188199.531384,/orders?limit=10&offset=0,0,107.68
1790188199.531851,/orders?limit=10&offset=0,0,93.723
1790188199.532137,/orders/stats,0,153.302
1790188199.536289,/orders/notifications,0,97.316
1790188199.537855,/orders/notifications,0,157.559
1790188199.5381591,/orders/notifications,0,109.388
1790188199.5384371,/orders?limit=10&offset=0,0,133.026
1790188199.5386932,/orders/stats,0,47.462
1790188199.538944,/orders/stats,0,97.86
1790188199.5391722,/orders/notifications,0,67.545
1790188199.539503,/orders/stats,0,94.424
1790188199.539851,/orders?limit=10&offset=0,0,86.036
1790188199.540132,/orders/notifications,0,43.078
1790188199.540493,/orders/stats,0,60.369
1790188199.540859,/orders/notifications,0,46.129
1790188199.541089,/orders/notifications,0,66.275
1790188199.541568,/orders?limit=10&offset=0,0,140.338
1790188199.541813,/orders?limit=10&offset=0,0,79.858
1790188199.544148,/orders?limit=10&offset=0,0,56.083
1790188199.544491,/orders?limit=10&offset=0,0,157.119
1790188199.5447092,/orders/stats,0,56.972
1790188199.5450182,/orders/stats,0,65.702
1790188199.545296,/orders/stats,0,112.211
1790188199.545695,/orders/notifications,0,199.281
1790188199.545984,/orders?limit=10&offset=0,0,137.828
1790188199.546415,/orders/stats,0,69.771
1790188199.546706,/orders/notifications,0,71.347
1790188199.554293,/orders/stats,0,73.752
1790188199.555159,/orders/stats,0,23.294
1790188199.555498,/orders/stats,0,25.094
1790188199.562828,/orders?limit=10&offset=0,0,23.643
1790188199.563106,/orders?limit=10&offset=0,0,25.236
1790188199.563572,/orders/stats,0,80.774
1790188199.564427,/orders/stats,0,108.558
1790188199.571148,/orders/stats,0,26.984
1790188199.571475,/orders/stats,0,40.379
1790188199.571763,/orders?limit=10&offset=0,0,26.056
1790188199.572002,/orders/notifications,0,26.696
1790188199.5723479,/orders/stats,0,27.845
1790188199.573378,/orders?limit=10&offset=0,0,32.278
1790188199.573691,/orders/notifications,0,18.181
1790188199.5748448,/orders/stats,0,12.0
1790188199.575135,/orders/notifications,0,28.709
1790188199.57535,/orders?limit=10&offset=0,0,44.637
1790188199.577448,/orders/notifications,0,13.002
1790188199.5779781,/orders/notifications,0,5.617
1790188199.581557,/orders/stats,0,35.548
1790188199.5828888,/orders/notifications,0,11.394
1790188199.5834901,/orders?limit=10&offset=0,0,47.178
1790188199.584152,/orders?limit=10&offset=0,0,139.71
1790188199.584589,/orders/notifications,0,39.868
1790188199.5850098,/orders/notifications,0,46.056
1790188199.585332,/orders?limit=10&offset=0,0,114.073
1790188199.585567,/orders/stats,0,178.109
1790188199.5857549,/orders/stats,0,100.351
1790188199.585953,/orders?limit=10&offset=0,0,12.251
1790188199.58613,/orders/notifications,0,53.981
1790188199.58637,/orders?limit=10&offset=0,0,8.908
1790188199.586592,/orders/stats,0,14.819
1790188199.5868642,/orders/notifications,0,15.702
1790188199.587154,/orders/notifications,0,98.81
1790188199.587391,/orders/stats,0,24.275
1790188199.587602,/orders?limit=10&offset=0,0,46.734
1790188199.587774,/orders/notifications,0,213.966
1790188199.5880399,/orders?limit=10&offset=0,0,168.325
1790188199.588265,/orders/notifications,0,49.562
1790188199.588463,/orders/notifications,0,122.107
1790188199.588682,/orders/notifications,0,34.374
1790188199.58896,/orders?limit=10&offset=0,0,48.819
1790188199.589136,/orders?limit=10&offset=0,0,187.576
1790188199.589452,/orders/notifications,0,49.92
1790188199.589685,/orders/notifications,0,49.181
1790188199.5899289,/orders/notifications,0,44.901
1790188199.5902112,/orders/notifications,0,98.626
1790188199.590472,/orders/stats,0,50.591
1790188199.590754,/orders/notifications,0,35.583
1790188199.5910249,/orders/stats,0,59.629
1790188199.5914261,/orders?limit=10&offset=0,0,115.407
1790188199.5916631,/orders/stats,0,49.84
1790188199.591879,/orders/notifications,0,174.751
1790188199.59231,/orders/stats,0,53.864
1790188199.592816,/orders?limit=10&offset=0,0,139.339
1790188199.5932631,/orders/notifications,0,29.678
1790188199.593803,/orders?limit=10&offset=0,0,21.79
1790188199.594174,/orders?limit=10&offset=0,0,103.805
1790188199.594453,/orders/stats,0,52.875
1790188199.594696,/orders/notifications,0,185.859
1790188199.594941,/orders?limit=10&offset=0,0,56.77
1790188199.5952451,/orders?limit=10&offset=0,0,131.258
1790188199.595666,/orders?limit=10&offset=0,0,48.949
1790188199.5959868,/orders/stats,0,20.628
1790188199.596313,/orders?limit=10&offset=0,0,134.691
1790188199.596642,/orders/stats,0,23.251
1790188199.602737,/orders?limit=10&offset=0,0,24.744
1790188199.603169,/orders/notifications,0,21.588
1790188199.604008,/orders?limit=10&offset=0,0,10.735
1790188199.604374,/orders?limit=10&offset=0,0,15.683
1790188199.604661,/orders?limit=10&offset=0,0,14.965
1790188199.604961,/orders?limit=10&offset=0,0,29.817
1790188199.605192,/orders/stats,0,17.143
1790188199.60558,/orders/notifications,0,13.907
1790188199.606118,/orders/stats,0,16.973
1790188199.629193,/orders?limit=10&offset=0,0,40.716
1790188199.629571,/orders?limit=10&offset=0,0,43.432
1790188199.629811,/orders/notifications,0,43.192
1790188199.63006,/orders?limit=10&offset=0,0,35.353
1790188199.630322,/orders?limit=10&offset=0,0,40.381
1790188199.6307359,/orders/notifications,0,45.155
1790188199.631211,/orders/stats,0,35.954
1790188199.631679,/orders?limit=10&offset=0,0,43.894
1790188199.63198,/orders?limit=10&offset=0,0,41.757
1790188199.632266,/orders/stats,0,46.303
1790188199.632732,/orders/stats,0,48.55
1790188199.6332889,/orders?limit=10&offset=0,0,46.412
1790188199.633718,/orders?limit=10&offset=0,0,49.114
1790188199.634109,/orders/stats,0,42.671
1790188199.6344461,/orders/stats,0,39.494
1790188199.634908,/orders/notifications,0,38.91
1790188199.6351302,/orders/notifications,0,42.803
1790188199.6353421,/orders/stats,0,39.665
1790188199.6356962,/orders/stats,0,50.354
1790188199.635929,/orders?limit=10&offset=0,0,47.657
1790188199.636117,/orders?limit=10&offset=0,0,45.353
1790188199.637342,/orders/stats,0,32.956
1790188199.637665,/orders/stats,0,34.913
1790188199.637962,/orders/stats,0,50.351
1790188199.6382122,/orders/notifications,0,41.557
1790188199.6384351,/orders/notifications,0,32.305
1790188199.6392179,/orders/notifications,0,51.818
1790188199.639501,/orders/stats,0,43.175
1790188199.63981,/orders/notifications,0,8.586
1790188199.64014,/orders/stats,0,35.168
1790188199.640387,/orders?limit=10&offset=0,0,37.207
1790188199.640629,/orders/stats,0,46.444
1790188199.644382,/orders/stats,0,14.8
1790188199.6446688,/orders/notifications,0,11.907
1790188199.6449122,/orders?limit=10&offset=0,0,9.773
1790188199.645299,/orders/stats,0,52.471
1790188199.6456451,/orders/stats,0,59.265
1790188199.645887,/orders/stats,0,62.37
1790188199.646114,/orders/notifications,0,71.256
1790188199.646382,/orders?limit=10&offset=0,0,56.918
1790188199.646642,/orders/stats,0,42.621
1790188199.646925,/orders?limit=10&offset=0,0,61.894
1790188199.647275,/orders/notifications,0,56.78
1790188199.6477282,/orders?limit=10&offset=0,0,64.811
1790188199.648452,/orders?limit=10&offset=0,0,42.855
1790188199.6488461,/orders?limit=10&offset=0,0,61.682
1790188199.6492429,/orders?limit=10&offset=0,0,57.343
1790188199.649781,/orders/stats,0,45.101
1790188199.650198,/orders/notifications,0,44.995
1790188199.650655,/orders/notifications,0,56.19
1790188199.651052,/orders/stats,0,20.72
1790188199.651956,/orders/stats,0,58.141
1790188199.652268,/orders/notifications,0,66.502
1790188199.6525362,/orders/stats,0,63.567
1790188199.652864,/orders/notifications,0,61.828
1790188199.653186,/orders/notifications,0,20.909
1790188199.653522,/orders/stats,0,24.31
1790188199.656758,/orders/notifications,0,21.051
1790188199.657061,/orders/stats,0,25.069
1790188199.661725,/orders/notifications,0,27.267
1790188199.6626098,/orders/stats,0,29.303
1790188199.662952,/orders/notifications,0,24.98
1790188199.6707819,/orders/notifications,0,24.882
1790188199.676599,/orders?limit=10&offset=0,0,36.766
1790188199.677773,/orders/stats,0,46.078
1790188199.678157,/orders?limit=10&offset=0,0,47.403
1790188199.679876,/orders?limit=10&offset=0,0,41.648
1790188199.680307,/orders?limit=10&offset=0,0,45.388
1790188199.681849,/orders/notifications,0,36.534
1790188199.686653,/orders/notifications,0,39.996
1790188199.6870122,/orders/stats,0,40.075
1790188199.687274,/orders?limit=10&offset=0,0,48.829
1790188199.6892931,/orders?limit=10&offset=0,0,39.079
1790188199.689565,/orders/notifications,0,37.597
1790188199.690339,/orders/notifications,0,50.187
1790188199.69068,/orders/notifications,0,56.552
1790188199.693857,/orders/notifications,0,58.495
1790188199.6952891,/orders?limit=10&offset=0,0,33.546
1790188199.695725,/orders?limit=10&offset=0,0,32.761
1790188199.696075,/orders?limit=10&offset=0,0,49.949
1790188199.6963332,/orders/stats,0,51.411
1790188199.699736,/orders/stats,0,50.458
1790188199.701298,/orders/notifications,0,48.748
1790188199.702507,/orders/stats,0,56.111
1790188199.704541,/orders/stats,0,68.413
1790188199.704916,/orders/notifications,0,67.56
1790188199.7051651,/orders/stats,0,64.768
1790188199.705926,/orders/notifications,0,66.412
1790188199.706217,/orders/stats,0,72.476
1790188199.7064462,/orders?limit=10&offset=0,0,53.251
1790188199.708389,/orders?limit=10&offset=0,0,78.566
1790188199.7097049,/orders/notifications,0,52.631
1790188199.712,/orders/stats,0,31.678
1790188199.712353,/orders?limit=10&offset=0,0,65.062
1790188199.712639,/orders/stats,0,64.898
1790188199.71744,/orders?limit=10&offset=0,0,78.193
1790188199.718333,/orders/notifications,0,67.268
1790188199.722239,/orders/notifications,0,76.577
1790188199.753988,/orders/notifications,0,91.36
1790188199.754312,/orders/stats,0,74.421
1790188199.754569,/orders/notifications,0,116.892
1790188199.754823,/orders/stats,0,65.517
1790188199.7550652,/orders/stats,0,67.78
1790188199.755394,/orders/stats,0,106.531
1790188199.7556632,/orders?limit=10&offset=0,0,103.383
1790188199.755933,/orders?limit=10&offset=0,0,37.583
1790188199.756192,/orders/notifications,0,51.017
1790188199.7564402,/orders/stats,0,78.272
1790188199.756705,/orders?limit=10&offset=0,0,34.452
1790188199.7569149,/orders/notifications,0,79.128
1790188199.7571578,/orders?limit=10&offset=0,0,70.489
1790188199.7574441,/orders?limit=10&offset=0,0,66.715
1790188199.7576761,/orders/stats,0,40.197
1790188199.757922,/orders?limit=10&offset=0,0,68.344
1790188199.7585762,/orders/stats,0,122.635
1790188199.758894,/orders/stats,0,110.423
1790188199.7591832,/orders/stats,0,129.112
1790188199.759446,/orders/stats,0,82.812
1790188199.759817,/orders?limit=10&offset=0,0,69.465
1790188199.760277,/orders/notifications,0,48.256
1790188199.7606862,/orders?limit=10&offset=0,0,50.966
1790188199.7609432,/orders/stats,0,48.58
1790188199.761205,/orders/notifications,0,61.446
1790188199.761485,/orders?limit=10&offset=0,0,110.816
1790188199.761833,/orders?limit=10&offset=0,0,108.958
1790188199.762107,/orders/notifications,0,112.306
1790188199.762389,/orders/notifications,0,108.855
1790188199.762608,/orders?limit=10&offset=0,0,91.807
1790188199.762866,/orders?limit=10&offset=0,0,68.974
1790188199.76317,/orders/stats,0,54.767
1790188199.763438,/orders?limit=10&offset=0,0,118.759
1790188199.763716,/orders?limit=10&offset=0,0,106.943
1790188199.764043,/orders?limit=10&offset=0,0,82.172
1790188199.765314,/orders?limit=10&offset=0,0,63.999
1790188199.765773,/orders/notifications,0,125.132
1790188199.766117,/orders/stats,0,59.66
1790188199.7665331,/orders/notifications,0,79.509
1790188199.767023,/orders/stats,0,71.281
1790188199.7674701,/orders?limit=10&offset=0,0,62.542
1790188199.7686741,/orders/stats,0,73.366
1790188199.768942,/orders/notifications,0,62.715
1790188199.769162,/orders?limit=10&offset=0,0,63.211
1790188199.769396,/orders/notifications,0,124.993
1790188199.769718,/orders/notifications,0,57.068
1790188199.770036,/orders/notifications,0,65.481
1790188199.770935,/orders/stats,0,74.848
1790188199.7712882,/orders/notifications,0,74.944
1790188199.772311,/orders/notifications,0,69.789
1790188199.778176,/orders?limit=10&offset=0,0,21.973
1790188199.778503,/orders/notifications,0,23.428
1790188199.778762,/orders?limit=10&offset=0,0,21.811
1790188199.779139,/orders/stats,0,23.195
1790188199.779408,/orders/notifications,0,22.958
1790188199.779648,/orders/notifications,0,21.96
1790188199.779949,/orders/notifications,0,24.544
1790188199.780216,/orders/notifications,0,19.262
1790188199.780564,/orders/notifications,0,26.241
1790188199.780947,/orders/stats,0,21.119
1790188199.781278,/orders/stats,0,23.824
1790188199.781659,/orders/notifications,0,26.824
1790188199.781949,/orders?limit=10&offset=0,0,27.941
1790188199.782319,/orders?limit=10&offset=0,0,22.027
1790188199.782641,/orders/stats,0,24.708
1790188199.7830698,/orders/stats,0,27.395
1790188199.7834811,/orders/stats,0,20.858
1790188199.7840052,/orders/stats,0,22.161
1790188199.7877262,/orders/notifications,0,29.136
1790188199.793424,/orders/notifications,0,10.769
1790188199.793796,/orders/stats,0,30.347
1790188199.794229,/orders/stats,0,37.513
1790188199.794583,/orders?limit=10&offset=0,0,15.165
1790188199.794862,/orders/notifications,0,28.734
1790188199.7951732,/orders?limit=10&offset=0,0,40.594
1790188199.797496,/orders/stats,0,28.32
1790188199.806944,/orders?limit=10&offset=0,0,25.27
1790188199.8072698,/orders/notifications,0,38.583
1790188199.807511,/orders/stats,0,50.344
1790188199.8102558,/orders/stats,0,27.923
1790188199.810636,/orders?limit=10&offset=0,0,44.09
1790188199.810907,/orders?limit=10&offset=0,0,32.393
1790188199.811156,/orders/notifications,0,47.976
1790188199.811389,/orders/notifications,0,52.197
1790188199.811766,/orders/stats,0,46.428
1790188199.812116,/orders/stats,0,48.387
1790188199.8124201,/orders?limit=10&offset=0,0,31.845
1790188199.812695,/orders?limit=10&offset=0,0,50.295
1790188199.812962,/orders?limit=10&offset=0,0,50.845
1790188199.813376,/orders/notifications,0,30.286
1790188199.813657,/orders?limit=10&offset=0,0,25.916
1790188199.814155,/orders?limit=10&offset=0,0,44.107
1790188199.821276,/orders?limit=10&offset=0,0,41.314
1790188199.821692,/orders?limit=10&offset=0,0,52.739
1790188199.8219478,/orders?limit=10&offset=0,0,52.22
1790188199.822297,/orders/stats,0,43.506
1790188199.8225448,/orders/stats,0,61.05
1790188199.8228421,/orders/notifications,0,39.348
1790188199.823083,/orders?limit=10&offset=0,0,29.644
1790188199.8233469,/orders/stats,0,62.649
1790188199.823599,/orders/stats,0,59.546
1790188199.8238568,/orders?limit=10&offset=0,0,28.984
1790188199.824137,/orders?limit=10&offset=0,0,43.909
1790188199.8244202,/orders/stats,0,29.236
1790188199.824804,/orders?limit=10&offset=0,0,52.481
1790188199.830393,/orders/notifications,0,59.444
1790188199.8313081,/orders/notifications,0,37.485
1790188199.831983,/orders/notifications,0,37.741
1790188199.832273,/orders/notifications,0,48.251
1790188199.8334432,/orders?limit=10&offset=0,0,72.222
1790188199.8340611,/orders/notifications,0,54.904
1790188199.834629,/orders?limit=10&offset=0,0,68.843
1790188199.8351219,/orders/notifications,0,53.832
1790188199.835364,/orders/stats,0,28.405
1790188199.835548,/orders/stats,0,13.845
1790188199.839185,/orders?limit=10&offset=0,0,28.018
1790188199.839551,/orders/notifications,0,15.12
1790188199.839824,/orders?limit=10&offset=0,0,28.425
1790188199.840236,/orders/notifications,0,59.279
1790188199.845154,/orders/notifications,0,37.63
1790188199.8454971,/orders/stats,0,20.683
1790188199.84577,/orders/notifications,0,86.866
1790188199.846015,/orders/stats,0,78.533
1790188199.846265,/orders/notifications,0,48.747
1790188199.846622,/orders?limit=10&offset=0,0,77.212
1790188199.8582358,/orders/stats,0,35.141
1790188199.858637,/orders/notifications,0,46.508
1790188199.859073,/orders?limit=10&offset=0,0,79.384
1790188199.859402,/orders/stats,0,46.429
1790188199.8598661,/orders/stats,0,81.667
1790188199.860173,/orders/notifications,0,93.129
1790188199.860408,/orders/stats,0,78.446
1790188199.860668,/orders/stats,0,38.71
1790188199.862935,/orders/notifications,0,52.662
1790188199.863324,/orders/stats,0,52.674
1790188199.867414,/orders/notifications,0,44.845
1790188199.871665,/orders/stats,0,36.954
1790188199.873396,/orders/stats,0,110.517
1790188199.873712,/orders/stats,0,79.117
1790188199.874005,/orders/notifications,0,50.396
1790188199.874261,/orders/stats,0,60.592
1790188199.87463,/orders?limit=10&offset=0,0,67.349
1790188199.877007,/orders?limit=10&offset=0,0,105.701
1790188199.87732,/orders/notifications,0,31.811
1790188199.8776839,/orders?limit=10&offset=0,0,45.398
1790188199.8782122,/orders?limit=10&offset=0,0,37.966
1790188199.878486,/orders?limit=10&offset=0,0,46.477
1790188199.878742,/orders/stats,0,45.279
1790188199.886546,/orders/stats,0,47.346
1790188199.886861,/orders?limit=10&offset=0,0,56.45
1790188199.887127,/orders/stats,0,72.958
1790188199.887378,/orders?limit=10&offset=0,0,42.21
1790188199.887648,/orders?limit=10&offset=0,0,41.868
1790188199.887935,/orders/notifications,0,29.684
1790188199.8882182,/orders/stats,0,75.513
1790188199.888494,/orders/stats,0,64.347
1790188199.888725,/orders?limit=10&offset=0,0,28.542
1790188199.889109,/orders/notifications,0,53.552
1790188199.889411,/orders/notifications,0,129.951
1790188199.8897228,/orders/stats,0,65.856
1790188199.890317,/orders/notifications,0,16.594
1790188199.890572,/orders/stats,0,69.281
1790188199.890977,/orders/stats,0,80.059
1790188199.8914099,/orders/notifications,0,79.633
1790188199.891652,/orders?limit=10&offset=0,0,68.8
1790188199.8918889,/orders/notifications,0,18.481
1790188199.895346,/orders?limit=10&offset=0,0,32.392
1790188199.8958158,/orders?limit=10&offset=0,0,64.414
1790188199.8961549,/orders?limit=10&offset=0,0,82.766
1790188199.896373,/orders?limit=10&offset=0,0,50.096
1790188199.8966541,/orders/notifications,0,35.975
1790188199.896899,/orders/notifications,0,37.005
1790188199.8972118,/orders/notifications,0,25.535
1790188199.897664,/orders/notifications,0,37.244
1790188199.897963,/orders/stats,0,85.531
1790188199.8983831,/orders/notifications,0,38.969
1790188199.901224,/orders/stats,0,54.573
1790188199.901875,/orders?limit=10&offset=0,0,34.432
1790188199.905074,/orders/stats,0,16.338
1790188199.907108,/orders/notifications,0,71.732
1790188199.908226,/orders?limit=10&offset=0,0,34.133
1790188199.9085262,/orders/stats,0,30.03
1790188199.909098,/orders/notifications,0,63.072
1790188199.909774,/orders/notifications,0,87.462
1790188199.912299,/orders?limit=10&offset=0,0,53.65
1790188199.916157,/orders/stats,0,14.263
1790188199.916723,/orders/stats,0,39.685
1790188199.9192572,/orders/stats,0,41.031
1790188199.9196658,/orders/stats,0,60.582
1790188199.9199119,/orders/notifications,0,30.18
1790188199.9202392,/orders/notifications,0,41.486
1790188199.920584,/orders/stats,0,42.889
1790188199.922813,/orders?limit=10&offset=0,0,30.913
1790188199.9239721,/orders/notifications,0,49.699
1790188199.925018,/orders/stats,0,28.851
1790188199.927593,/orders/stats,0,87.742
1790188199.9279501,/orders/notifications,0,29.975
1790188199.928836,/orders?limit=10&offset=0,0,89.269
1790188199.930124,/orders/stats,0,17.807
1790188199.9308999,/orders/notifications,0,43.76
1790188199.931252,/orders/stats,0,39.589
1790188199.9319859,/orders/notifications,0,15.244
1790188199.9340281,/orders?limit=10&offset=0,0,26.902
1790188199.934596,/orders/stats,0,38.763
1790188199.936203,/orders/stats,0,48.813
1790188199.93921,/orders?limit=10&offset=0,0,41.986
1790188199.9395132,/orders?limit=10&offset=0,0,41.838
1790188199.939755,/orders?limit=10&offset=0,0,41.361
1790188199.941472,/orders?limit=10&offset=0,0,52.048
1790188199.941739,/orders?limit=10&offset=0,0,53.795
1790188199.94209,/orders/notifications,0,78.754
1790188199.942548,/orders?limit=10&offset=0,0,107.414
1790188199.943213,/orders?limit=10&offset=0,0,54.093
1790188199.9436018,/orders?limit=10&offset=0,0,109.525
1790188199.945483,/orders/notifications,0,58.919
1790188199.945951,/orders/notifications,0,122.591
1790188199.947184,/orders/stats,0,60.309
1790188199.950315,/orders/notifications,0,29.709
1790188199.9508579,/orders/notifications,0,19.587
1790188199.953913,/orders/notifications,0,65.683
1790188199.954237,/orders?limit=10&offset=0,0,44.43
1790188199.956258,/orders/stats,0,16.733
1790188199.957779,/orders/stats,0,15.219
1790188199.958081,/orders/notifications,0,41.902
1790188199.961183,/orders?limit=10&offset=0,0,52.072
1790188199.962121,/orders/notifications,0,31.982
1790188199.9697359,/orders/stats,0,35.677
1790188199.9701161,/orders/stats,0,82.455
1790188199.970397,/orders/stats,0,74.012
1790188199.972511,/orders/notifications,0,71.245
1790188199.972849,/orders?limit=10&offset=0,0,82.521
1790188199.975504,/orders/notifications,0,84.515
1790188199.977651,/orders/stats,0,34.037
1790188199.979003,/orders?limit=10&offset=0,0,59.079
1790188199.980212,/orders/stats,0,51.36
1790188199.981127,/orders?limit=10&offset=0,0,60.873
1790188199.981964,/orders/stats,0,73.699
1790188199.983136,/orders/notifications,0,74.59
1790188199.985874,/orders/notifications,0,38.672
1790188199.986242,/orders/stats,0,111.601
1790188199.987471,/orders/notifications,0,59.863
1790188199.987812,/orders/notifications,0,97.229
1790188199.988155,/orders/stats,0,48.932
1790188199.988728,/orders/notifications,0,100.223
1790188199.98911,/orders?limit=10&offset=0,0,47.008
1790188199.9906619,/orders/notifications,0,85.572
1790188199.990967,/orders/notifications,0,34.695
1790188199.992207,/orders?limit=10&offset=0,0,46.244
1790188199.992934,/orders?limit=10&offset=0,0,62.018
1790188199.99442,/orders?limit=10&offset=0,0,36.328
1790188199.994784,/orders?limit=10&offset=0,0,62.783
1790188199.995061,/orders?limit=10&offset=0,0,32.924
1790188199.995462,/orders?limit=10&offset=0,0,98.552
1790188199.995764,/orders/stats,0,72.937
1790188199.998871,/orders/notifications,0,28.46
1790188200.004055,/orders/stats,0,49.804
1790188200.004798,/orders/stats,0,63.049
1790188200.00514,/orders?limit=10&offset=0,0,19.253
1790188200.005453,/orders/stats,0,62.206
1790188200.010633,/orders?limit=10&offset=0,0,86.643
1790188200.010999,/orders?limit=10&offset=0,0,60.125
1790188200.011271,/orders/notifications,0,75.053
1790188200.018013,/orders/notifications,0,48.247
1790188200.0197408,/orders/stats,0,24.264
1790188200.02052,/orders/stats,0,59.319
1790188200.028675,/orders?limit=10&offset=0,0,137.25
1790188200.0290618,/orders/notifications,0,109.789
1790188200.0293372,/orders?limit=10&offset=0,0,40.595
1790188200.029637,/orders?limit=10&offset=0,0,101.675
1790188200.029897,/orders/stats,0,40.774
1790188200.030169,/orders?limit=10&offset=0,0,42.346
1790188200.0522199,/orders/stats,0,110.73
1790188200.052649,/orders?limit=10&offset=0,0,69.483
1790188200.052951,/orders/stats,0,58.518
1790188200.0531971,/orders/notifications,0,71.217
1790188200.056166,/orders/notifications,0,86.035
1790188200.0564601,/orders/stats,0,64.24
1790188200.056675,/orders?limit=10&offset=0,0,84.15
1790188200.0717928,/orders/notifications,0,94.125
1790188200.072164,/orders/notifications,0,85.908
1790188200.072484,/orders?limit=10&offset=0,0,126.985
1790188200.0728,/orders/notifications,0,147.768
1790188200.073079,/orders?limit=10&offset=0,0,82.404
1790188200.073369,/orders/stats,0,78.573
1790188200.073647,/orders/notifications,0,68.836
1790188200.073929,/orders/notifications,0,68.464
1790188200.0741801,/orders/stats,0,178.816
1790188200.0744781,/orders/notifications,0,86.311
1790188200.078683,/orders?limit=10&offset=0,0,182.014
1790188200.07901,/orders?limit=10&offset=0,0,201.677
1790188200.0821052,/orders/stats,0,89.149
1790188200.089366,/orders/notifications,0,93.587
1790188200.0924952,/orders?limit=10&offset=0,0,105.008
1790188200.0944588,/orders?limit=10&offset=0,0,118.939
1790188200.1031098,/orders/stats,0,124.089
1790188200.103445,/orders/notifications,0,183.765
1790188200.103742,/orders/stats,0,73.563
1790188200.104021,/orders/stats,0,108.924
1790188200.10428,/orders/stats,0,93.626
1790188200.104515,/orders/notifications,0,146.721
1790188200.104793,/orders/stats,0,93.783
1790188200.1050298,/orders?limit=10&offset=0,0,151.101
1790188200.1053069,/orders/stats,0,165.54
1790188200.105634,/orders?limit=10&offset=0,0,155.284
1790188200.1059048,/orders/notifications,0,49.436
1790188200.1061828,/orders/notifications,0,24.057
1790188200.106411,/orders/notifications,0,33.03
1790188200.1066408,/orders?limit=10&offset=0,0,95.359
1790188200.106909,/orders/notifications,0,86.374
1790188200.107153,/orders/stats,0,77.805
1790188200.107487,/orders?limit=10&offset=0,0,116.508
1790188200.1078432,/orders?limit=10&offset=0,0,108.952
1790188200.1230478,/orders?limit=10&offset=0,0,51.236
1790188200.12336,/orders?limit=10&offset=0,0,94.285
1790188200.1236129,/orders/notifications,0,119.542
1790188200.123843,/orders?limit=10&offset=0,0,67.663
1790188200.136001,/orders/stats,0,163.137
1790188200.136321,/orders/stats,0,63.826
1790188200.136608,/orders/notifications,0,201.99
1790188200.136874,/orders/stats,0,84.214
1790188200.137099,/orders/stats,0,58.078
1790188200.137599,/orders/stats,0,108.905
1790188200.137932,/orders/stats,0,132.779
1790188200.1383228,/orders?limit=10&offset=0,0,85.117
1790188200.138565,/orders?limit=10&offset=0,0,120.523
1790188200.139321,/orders?limit=10&offset=0,0,49.941
1790188200.1451142,/orders/stats,0,39.467
1790188200.1454778,/orders?limit=10&offset=0,0,71.538
1790188200.14578,/orders/notifications,0,42.652
1790188200.146069,/orders/notifications,0,38.906
1790188200.1463559,/orders?limit=10&offset=0,0,40.164
1790188200.14665,/orders/notifications,0,166.421
1790188200.146891,/orders/stats,0,90.207
1790188200.1474009,/orders/stats,0,24.03
1790188200.14853,/orders?limit=10&offset=0,0,41.6
1790188200.14886,/orders/notifications,0,96.622
1790188200.1492548,/orders/notifications,0,44.963
1790188200.149791,/orders/stats,0,71.09
1790188200.15018,/orders/notifications,0,97.217
1790188200.150558,/orders/notifications,0,45.748
1790188200.151592,/orders?limit=10&offset=0,0,78.777
1790188200.151874,/orders?limit=10&offset=0,0,47.348
1790188200.152082,/orders/notifications,0,122.173
1790188200.1523688,/orders?limit=10&offset=0,0,78.707
1790188200.1526122,/orders/notifications,0,78.421
1790188200.1528718,/orders/notifications,0,133.115
1790188200.153204,/orders/notifications,0,49.172
1790188200.153536,/orders/stats,0,46.039
1790188200.153928,/orders/stats,0,172.784
1790188200.1542652,/orders/stats,0,49.226
1790188200.154573,/orders?limit=10&offset=0,0,51.117
1790188200.154915,/orders/notifications,0,49.596
1790188200.1556768,/orders/notifications,0,18.794
1790188200.15678,/orders/stats,0,62.306
1790188200.157844,/orders/notifications,0,54.09
1790188200.158185,/orders/notifications,0,20.575
1790188200.158447,/orders/stats,0,85.355
1790188200.1588638,/orders/stats,0,52.213
1790188200.159169,/orders?limit=10&offset=0,0,84.681
1790188200.159453,/orders/stats,0,35.595
1790188200.163209,/orders/notifications,0,27.19
1790188200.1635861,/orders/notifications,0,18.456
1790188200.1640892,/orders/stats,0,56.235
1790188200.164425,/orders?limit=10&offset=0,0,40.786
1790188200.1653068,/orders/stats,0,25.973
1790188200.169268,/orders/notifications,0,31.324
1790188200.170343,/orders/notifications,0,23.44
1790188200.170698,/orders/notifications,0,23.279
1790188200.1729631,/orders?limit=10&offset=0,0,100.785
1790188200.173245,/orders/notifications,0,36.914
1790188200.1735349,/orders/stats,0,21.651
1790188200.174238,/orders/notifications,0,37.13
1790188200.1746318,/orders?limit=10&offset=0,0,28.842
1790188200.175733,/orders?limit=10&offset=0,0,29.652
1790188200.179538,/orders/notifications,0,14.219
1790188200.1798809,/orders/notifications,0,25.606
1790188200.180126,/orders?limit=10&offset=0,0,25.201
1790188200.1803808,/orders?limit=10&offset=0,0,11.099
1790188200.182955,/orders/stats,0,34.397
1790188200.183605,/orders/stats,0,24.423
1790188200.184021,/orders?limit=10&offset=0,0,35.147
1790188200.184868,/orders?limit=10&offset=0,0,34.674
1790188200.185319,/orders/notifications,0,25.843
1790188200.187658,/orders/stats,0,42.167
1790188200.1882749,/orders/stats,0,158.625
1790188200.188571,/orders?limit=10&offset=0,0,35.69
1790188200.188996,/orders/stats,0,36.617
1790188200.18924,/orders?limit=10&offset=0,0,83.325
1790188200.189976,/orders/notifications,0,36.429
1790188200.191489,/orders/stats,0,45.121
1790188200.191981,/orders/stats,0,53.406
1790188200.193697,/orders?limit=10&offset=0,0,35.497
1790188200.194102,/orders/notifications,0,44.293
1790188200.194357,/orders/stats,0,56.024
1790188200.1947808,/orders/notifications,0,30.678
1790188200.196278,/orders/notifications,0,37.403
1790188200.197141,/orders/stats,0,45.535
1790188200.197485,/orders?limit=10&offset=0,0,91.063
1790188200.198494,/orders/stats,0,18.102
1790188200.200202,/orders?limit=10&offset=0,0,14.867
1790188200.203155,/orders/notifications,0,29.582
1790188200.203569,/orders/stats,0,39.13
1790188200.2040162,/orders?limit=10&offset=0,0,40.419
1790188200.2049248,/orders/stats,0,15.674
1790188200.206082,/orders?limit=10&offset=0,0,35.724
1790188200.207362,/orders?limit=10&offset=0,0,27.468
1790188200.2105742,/orders/stats,0,25.69
1790188200.210919,/orders/stats,0,87.855
1790188200.2111669,/orders?limit=10&offset=0,0,58.545
1790188200.2115042,/orders?limit=10&offset=0,0,37.253
1790188200.213714,/orders/stats,0,37.964
1790188200.217313,/orders?limit=10&offset=0,0,59.443
1790188200.2183108,/orders?limit=10&offset=0,0,28.322
1790188200.218587,/orders/stats,0,43.944
1790188200.219486,/orders/notifications,0,27.984
1790188200.219828,/orders?limit=10&offset=0,0,64.139
1790188200.220149,/orders/stats,0,40.013
1790188200.22036,/orders/notifications,0,63.567
1790188200.222635,/orders?limit=10&offset=0,0,27.841
1790188200.226517,/orders?limit=10&offset=0,0,63.289
1790188200.226893,/orders?limit=10&offset=0,0,53.635
1790188200.2294662,/orders/stats,0,74.88
1790188200.229803,/orders/notifications,0,42.131
1790188200.230099,/orders/notifications,0,41.09
1790188200.230507,/orders?limit=10&offset=0,0,83.845
1790188200.233595,/orders?limit=10&offset=0,0,83.005
1790188200.235669,/orders/notifications,0,77.209
1790188200.23616,/orders?limit=10&offset=0,0,42.047
1790188200.236406,/orders?limit=10&offset=0,0,87.138
1790188200.239591,/orders/notifications,0,56.602
1790188200.239899,/orders/stats,0,21.576
1790188200.240563,/orders/stats,0,51.981
1790188200.24089,/orders/notifications,0,57.269
1790188200.2412019,/orders/stats,0,35.107
1790188200.241544,/orders/stats,0,34.155
1790188200.2417789,/orders/stats,0,68.803
1790188200.242044,/orders/stats,0,149.534
1790188200.244135,/orders?limit=10&offset=0,0,73.424
1790188200.24445,/orders/stats,0,24.612
1790188200.244852,/orders/stats,0,44.631
1790188200.2451231,/orders/stats,0,47.627
1790188200.245489,/orders/notifications,0,53.496
1790188200.245752,/orders?limit=10&offset=0,0,93.659
1790188200.246398,/orders/stats,0,52.684
1790188200.246718,/orders/notifications,0,32.986
1790188200.250633,/orders/notifications,0,45.689
1790188200.252673,/orders/stats,0,68.634
1790188200.252993,/orders?limit=10&offset=0,0,99.762
1790188200.2532978,/orders?limit=10&offset=0,0,57.005
1790188200.25353,/orders/notifications,0,55.025
1790188200.2537842,/orders/notifications,0,99.845
1790188200.254092,/orders/notifications,0,56.937
1790188200.255428,/orders/notifications,0,14.851
1790188200.25755,/orders/stats,0,40.202
1790188200.258504,/orders/stats,0,31.595
1790188200.260361,/orders/stats,0,26.727
1790188200.26091,/orders/notifications,0,66.511
1790188200.261855,/orders/stats,0,39.205
1790188200.262495,/orders/notifications,0,42.335
1790188200.2627819,/orders/notifications,0,74.496
1790188200.267422,/orders/stats,0,55.887
1790188200.269634,/orders/stats,0,25.485
1790188200.269919,/orders/notifications,0,27.866
1790188200.2701619,/orders/notifications,0,25.299
1790188200.27041,/orders?limit=10&offset=0,0,7.617
1790188200.2708852,/orders/notifications,0,41.404
1790188200.272461,/orders?limit=10&offset=0,0,52.962
1790188200.2728698,/orders?limit=10&offset=0,0,37.185
1790188200.273161,/orders?limit=10&offset=0,0,22.491
1790188200.2736819,/orders/notifications,0,62.751
1790188200.2739542,/orders/notifications,0,21.262
1790188200.274229,/orders/notifications,0,16.667
1790188200.2786329,/orders?limit=10&offset=0,0,25.09
1790188200.2790642,/orders/stats,0,25.754
1790188200.281996,/orders?limit=10&offset=0,0,27.888
1790188200.2843761,/orders?limit=10&offset=0,0,54.255
1790188200.284937,/orders/notifications,0,43.725
1790188200.2851782,/orders?limit=10&offset=0,0,39.676
1790188200.285574,/orders/stats,0,81.545
1790188200.289132,/orders?limit=10&offset=0,0,18.958
1790188200.289443,/orders?limit=10&offset=0,0,86.272
1790188200.293683,/orders?limit=10&offset=0,0,46.952
1790188200.2942002,/orders/stats,0,41.196
1790188200.295661,/orders?limit=10&offset=0,0,116.105
1790188200.2963488,/orders/notifications,0,92.767
1790188200.30238,/orders/notifications,0,23.301
1790188200.302857,/orders/stats,0,72.335
1790188200.303196,/orders/notifications,0,61.641
1790188200.306622,/orders/stats,0,22.218
1790188200.307075,/orders/stats,0,61.31
1790188200.3078551,/orders/stats,0,81.322
1790188200.308203,/orders/stats,0,71.786
1790188200.308502,/orders?limit=10&offset=0,0,171.882
1790188200.3086872,/orders/notifications,0,62.277
1790188200.312653,/orders/stats,0,23.196
1790188200.313154,/orders?limit=10&offset=0,0,73.547
1790188200.313447,/orders/stats,0,43.028
1790188200.313776,/orders/notifications,0,71.987
1790188200.316679,/orders?limit=10&offset=0,0,54.164
1790188200.320756,/orders?limit=10&offset=0,0,17.548
1790188200.3213708,/orders/notifications,0,76.236
1790188200.3220742,/orders/notifications,0,103.476
1790188200.322454,/orders?limit=10&offset=0,0,102.084
1790188200.3249102,/orders/notifications,0,39.322
1790188200.325432,/orders?limit=10&offset=0,0,54.536
1790188200.326873,/orders/stats,0,115.693
1790188200.327502,/orders/stats,0,54.33
1790188200.32782,/orders/notifications,0,65.932
1790188200.32806,/orders/notifications,0,88.15
1790188200.328313,/orders/stats,0,55.839
1790188200.3285491,/orders?limit=10&offset=0,0,54.586
1790188200.3307588,/orders/notifications,0,36.544
1790188200.332042,/orders?limit=10&offset=0,0,29.644
1790188200.3339782,/orders?limit=10&offset=0,0,37.606
1790188200.334476,/orders/stats,0,52.456
1790188200.3348238,/orders/stats,0,98.652
1790188200.335092,/orders?limit=10&offset=0,0,50.145
1790188200.3374841,/orders?limit=10&offset=0,0,67.553
1790188200.3377721,/orders/stats,0,52.585
1790188200.339721,/orders/stats,0,50.575
1790188200.341312,/orders?limit=10&offset=0,0,32.616
1790188200.3416991,/orders?limit=10&offset=0,0,100.796
1790188200.342011,/orders/notifications,0,28.553
1790188200.345116,/orders?limit=10&offset=0,0,115.299
1790188200.345441,/orders/notifications,0,42.571
1790188200.346001,/orders?limit=10&offset=0,0,15.222
1790188200.346304,/orders?limit=10&offset=0,0,90.755
1790188200.351507,/orders/notifications,0,44.869
1790188200.351871,/orders/stats,0,14.373
1790188200.352353,/orders/stats,0,43.842
1790188200.352579,/orders?limit=10&offset=0,0,91.658
1790188200.352844,/orders?limit=10&offset=0,0,7.393
1790188200.354749,/orders?limit=10&offset=0,0,29.824
1790188200.355074,/orders/stats,0,26.514
1790188200.3575182,/orders/stats,0,23.517
1790188200.357881,/orders/stats,0,22.779
1790188200.3592472,/orders?limit=10&offset=0,0,37.86
1790188200.3598201,/orders/notifications,0,101.294
1790188200.361255,/orders/stats,0,88.372
1790188200.3616068,/orders/notifications,0,53.393
1790188200.361921,/orders?limit=10&offset=0,0,39.834
1790188200.362585,/orders/stats,0,49.414
1790188200.363185,/orders/stats,0,69.487
1790188200.365598,/orders/notifications,0,98.13
1790188200.367291,/orders/stats,0,50.564
1790188200.368358,/orders/notifications,0,33.869
1790188200.3688488,/orders/stats,0,36.791
1790188200.370633,/orders/notifications,0,15.548
1790188200.3713322,/orders/stats,0,26.201
1790188200.37167,/orders/stats,0,49.206
1790188200.3737411,/orders/notifications,0,35.957
1790188200.374509,/orders?limit=10&offset=0,0,120.713
1790188200.3750348,/orders?limit=10&offset=0,0,47.203
1790188200.3752818,/orders/stats,0,96.633
1790188200.376417,/orders?limit=10&offset=0,0,34.382
1790188200.3772202,/orders?limit=10&offset=0,0,25.698
1790188200.3782852,/orders/notifications,0,38.55
1790188200.3785868,/orders/stats,0,37.258
1790188200.379272,/orders/stats,0,53.827
1790188200.379545,/orders?limit=10&offset=0,0,65.758
1790188200.379821,/orders/notifications,0,51.497
1790188200.380249,/orders/stats,0,59.478
1790188200.380544,/orders/notifications,0,169.953
1790188200.3832629,/orders/stats,0,36.946
1790188200.38534,/orders?limit=10&offset=0,0,25.496
1790188200.388174,/orders/stats,0,35.585
1790188200.388414,/orders?limit=10&offset=0,0,60.343
1790188200.389146,/orders/notifications,0,144.683
1790188200.3894138,/orders/notifications,0,28.146
1790188200.3897421,/orders/notifications,0,120.092
1790188200.3914082,/orders/stats,0,16.361
1790188200.3928618,/orders/notifications,0,85.772
1790188200.400136,/orders/notifications,0,42.597
1790188200.4008598,/orders/notifications,0,88.19
1790188200.402167,/orders/notifications,0,141.79
1790188200.403612,/orders/notifications,0,45.719
1790188200.403881,/orders/notifications,0,32.2
1790188200.4044611,/orders/notifications,0,52.578
1790188200.4049852,/orders/notifications,0,77.469
1790188200.405229,/orders/notifications,0,37.91
1790188200.4055092,/orders?limit=10&offset=0,0,39.894
1790188200.405767,/orders/stats,0,26.211
1790188200.4059892,/orders?limit=10&offset=0,0,132.294
1790188200.406828,/orders?limit=10&offset=0,0,38.453
1790188200.407097,/orders/notifications,0,54.732
1790188200.407383,/orders/stats,0,18.948
1790188200.4076421,/orders/stats,0,52.877
1790188200.407905,/orders?limit=10&offset=0,0,29.607
1790188200.410526,/orders/notifications,0,83.636
1790188200.411227,/orders?limit=10&offset=0,0,40.58
1790188200.412881,/orders/notifications,0,50.28
1790188200.413193,/orders?limit=10&offset=0,0,23.44
1790188200.4137568,/orders/notifications,0,105.886
1790188200.414023,/orders?limit=10&offset=0,0,24.864
1790188200.415565,/orders/notifications,0,44.216
1790188200.4161658,/orders/stats,0,54.198
1790188200.4166489,/orders?limit=10&offset=0,0,142.407
1790188200.420266,/orders?limit=10&offset=0,0,18.083
1790188200.422078,/orders/stats,0,16.558
1790188200.422553,/orders/notifications,0,43.954
1790188200.4230568,/orders/notifications,0,42.789
1790188200.423402,/orders/stats,0,127.725
1790188200.423646,/orders/stats,0,38.292
1790188200.425983,/orders/notifications,0,62.784
1790188200.4278982,/orders/stats,0,51.464
1790188200.4282198,/orders/stats,0,16.981
1790188200.432585,/orders/notifications,0,53.283
1790188200.433224,/orders?limit=10&offset=0,0,29.593
1790188200.434054,/orders?limit=10&offset=0,0,18.47
1790188200.435238,/orders?limit=10&offset=0,0,30.763
1790188200.435554,/orders?limit=10&offset=0,0,42.678
1790188200.4358091,/orders/notifications,0,44.387
1790188200.438164,/orders?limit=10&offset=0,0,58.331
1790188200.438438,/orders/notifications,0,55.159
1790188200.439256,/orders/notifications,0,104.421
1790188200.4395242,/orders/notifications,0,64.231
1790188200.4397922,/orders?limit=10&offset=0,0,16.723
1790188200.4401221,/orders?limit=10&offset=0,0,50.697
1790188200.440416,/orders/stats,0,87.562
1790188200.4408782,/orders/stats,0,32.962
1790188200.4435751,/orders/stats,0,30.368
1790188200.443914,/orders?limit=10&offset=0,0,43.024
1790188200.444269,/orders?limit=10&offset=0,0,44.105
1790188200.444503,/orders?limit=10&offset=0,0,39.506
1790188200.450481,/orders?limit=10&offset=0,0,43.367
1790188200.451342,/orders/stats,0,92.079
1790188200.451916,/orders/stats,0,77.392
1790188200.4521449,/orders/stats,0,110.435
1790188200.452723,/orders/stats,0,75.489
1790188200.452988,/orders?limit=10&offset=0,0,91.369
1790188200.453252,/orders?limit=10&offset=0,0,79.498
1790188200.453491,/orders?limit=10&offset=0,0,42.95
1790188200.455329,/orders/notifications,0,3.174
1790188200.4558568,/orders?limit=10&offset=0,0,51.965
1790188200.456265,/orders/stats,0,16.132
1790188200.4565141,/orders/stats,0,39.849
1790188200.457073,/orders/stats,0,36.792
1790188200.45957,/orders/notifications,0,52.163
1790188200.460125,/orders/notifications,0,38.004
1790188200.4609349,/orders?limit=10&offset=0,0,28.313
1790188200.46122,/orders?limit=10&offset=0,0,25.401
1790188200.4621289,/orders/notifications,0,54.476
1790188200.4625762,/orders?limit=10&offset=0,0,40.009
1790188200.463198,/orders?limit=10&offset=0,0,24.749
1790188200.4684951,/orders?limit=10&offset=0,0,63.249
1790188200.468818,/orders/stats,0,29.015
1790188200.469203,/orders/notifications,0,28.313
1790188200.4694452,/orders/notifications,0,41.214
1790188200.469831,/orders/stats,0,62.989
1790188200.471755,/orders/stats,0,27.815
1790188200.472068,/orders/stats,0,126.052
1790188200.472416,/orders/stats,0,28.136
1790188200.4726698,/orders/notifications,0,21.316
1790188200.472903,/orders/stats,0,37.65
1790188200.4733472,/orders/notifications,0,49.691
1790188200.47362,/orders?limit=10&offset=0,0,60.724
1790188200.4752629,/orders/stats,0,37.084
1790188200.477359,/orders/notifications,0,24.624
1790188200.4787788,/orders/notifications,0,38.351
1790188200.479069,/orders/stats,0,25.807
1790188200.479739,/orders?limit=10&offset=0,0,99.183
1790188200.4809291,/orders?limit=10&offset=0,0,25.58
1790188200.482987,/orders?limit=10&offset=0,0,13.768
1790188200.484426,/orders/stats,0,51.172
1790188200.485385,/orders/notifications,0,61.971
1790188200.487832,/orders?limit=10&offset=0,0,61.834
1790188200.48811,/orders/notifications,0,60.197
1790188200.488565,/orders/notifications,0,36.638
1790188200.489024,/orders/stats,0,38.506
1790188200.490752,/orders?limit=10&offset=0,0,51.215
1790188200.49129,/orders/stats,0,77.255
1790188200.491563,/orders/stats,0,38.565
1790188200.491943,/orders/notifications,0,86.165
1790188200.4944682,/orders/stats,0,60.388
1790188200.496598,/orders/notifications,0,26.755
1790188200.4997902,/orders/notifications,0,27.707
1790188200.502275,/orders?limit=10&offset=0,0,88.502
1790188200.502579,/orders/stats,0,39.99
1790188200.502906,/orders?limit=10&offset=0,0,40.763
1790188200.503741,/orders?limit=10&offset=0,0,31.061
1790188200.505197,/orders/notifications,0,29.918
1790188200.505499,/orders?limit=10&offset=0,0,28.126
1790188200.506455,/orders?limit=10&offset=0,0,27.661
1790188200.506745,/orders/notifications,0,50.469
1790188200.507002,/orders/notifications,0,63.412
1790188200.507493,/orders/notifications,0,138.629
1790188200.508395,/orders/stats,0,17.63
1790188200.508723,/orders/stats,0,102.723
1790188200.5092878,/orders/stats,0,29.536
1790188200.510004,/orders/stats,0,48.7
1790188200.51031,/orders/notifications,0,122.122
1790188200.5127082,/orders?limit=10&offset=0,0,73.437
1790188200.513057,/orders?limit=10&offset=0,0,39.699
1790188200.5141098,/orders/notifications,0,11.519
1790188200.5155032,/orders/notifications,0,46.672
1790188200.517066,/orders/notifications,0,37.982
1790188200.517766,/orders/notifications,0,61.241
1790188200.520024,/orders?limit=10&offset=0,0,50.568
1790188200.5203469,/orders/stats,0,59.399
1790188200.521056,/orders/notifications,0,63.97
1790188200.523608,/orders/notifications,0,13.571
1790188200.5240672,/orders?limit=10&offset=0,0,35.946
1790188200.524351,/orders/stats,0,61.14
1790188200.52753,/orders/notifications,0,111.342
1790188200.528009,/orders/stats,0,74.505
1790188200.530189,/orders/stats,0,85.674
1790188200.530587,/orders/notifications,0,36.104
1790188200.5316648,/orders?limit=10&offset=0,0,71.513
1790188200.532269,/orders/stats,0,25.798
1790188200.533895,/orders/stats,0,30.137
1790188200.535409,/orders/stats,0,52.385
1790188200.535844,/orders/notifications,0,64.075
1790188200.536119,/orders/notifications,0,51.669
1790188200.536365,/orders/stats,0,30.856
1790188200.538641,/orders?limit=10&offset=0,0,53.243
1790188200.539055,/orders?limit=10&offset=0,0,28.695
1790188200.5393002,/orders/notifications,0,14.938
1790188200.5395331,/orders/notifications,0,30.801
1790188200.5404842,/orders/notifications,0,48.91
1790188200.540829,/orders/stats,0,72.317
1790188200.5412369,/orders/stats,0,38.947
1790188200.5443919,/orders?limit=10&offset=0,0,52.437
1790188200.5456882,/orders/stats,0,64.734
1790188200.546172,/orders?limit=10&offset=0,0,32.046
1790188200.546453,/orders?limit=10&offset=0,0,41.242
1790188200.546711,/orders?limit=10&offset=0,0,87.104
1790188200.547076,/orders/notifications,0,26.718
1790188200.5476422,/orders/notifications,0,39.188
1790188200.5495481,/orders/notifications,0,76.618
1790188200.553134,/orders?limit=10&offset=0,0,53.316
1790188200.5534341,/orders?limit=10&offset=0,0,56.817
1790188200.5551639,/orders/notifications,0,27.142
1790188200.555619,/orders/stats,0,42.896
1790188200.556132,/orders?limit=10&offset=0,0,40.612
1790188200.5599968,/orders?limit=10&offset=0,0,38.927
1790188200.560962,/orders?limit=10&offset=0,0,24.832
1790188200.56126,/orders/stats,0,87.629
1790188200.561575,/orders/stats,0,15.39
1790188200.562022,/orders/notifications,0,72.986
1790188200.562363,/orders/stats,0,49.293
1790188200.563099,/orders/stats,0,127.532
1790188200.5672781,/orders/stats,0,47.233
1790188200.569209,/orders?limit=10&offset=0,0,61.702
1790188200.569636,/orders?limit=10&offset=0,0,52.534
1790188200.57,/orders?limit=10&offset=0,0,52.222
1790188200.5713658,/orders/notifications,0,15.731
1790188200.5716412,/orders/notifications,0,99.212
1790188200.572107,/orders/notifications,0,38.184
1790188200.5733461,/orders?limit=10&offset=0,0,49.723
1790188200.573617,/orders/stats,0,85.771
1790188200.574463,/orders?limit=10&offset=0,0,2.344
1790188200.574807,/orders?limit=10&offset=0,0,34.308
1790188200.575381,/orders?limit=10&offset=0,0,36.07
1790188200.577145,/orders/notifications,0,40.768
1790188200.5775092,/orders/notifications,0,36.668
1790188200.57966,/orders/stats,0,26.213
1790188200.580213,/orders/notifications,0,34.509
1790188200.5823622,/orders?limit=10&offset=0,0,46.502
1790188200.585577,/orders?limit=10&offset=0,0,37.918
1790188200.585889,/orders/notifications,0,76.568
1790188200.586174,/orders?limit=10&offset=0,0,55.575
1790188200.5864499,/orders/notifications,0,56.245
1790188200.586735,/orders/stats,0,130.863
1790188200.587083,/orders?limit=10&offset=0,0,59.534
1790188200.587314,/orders/stats,0,48.248
1790188200.5879838,/orders/stats,0,27.973
1790188200.590081,/orders/stats,0,16.72
1790188200.590689,/orders/notifications,0,27.576
1790188200.590971,/orders/notifications,0,28.594
1790188200.59138,/orders?limit=10&offset=0,0,84.367
1790188200.591656,/orders/stats,0,59.975
1790188200.594562,/orders/stats,0,47.838
1790188200.595051,/orders/stats,0,38.907
1790188200.595902,/orders/notifications,0,104.597
1790188200.5963762,/orders?limit=10&offset=0,0,107.799
1790188200.597242,/orders/stats,0,58.585
1790188200.598654,/orders/stats,0,95.735
1790188200.603363,/orders/stats,0,50.211
1790188200.603721,/orders?limit=10&offset=0,0,41.687
1790188200.6040142,/orders/notifications,0,62.766
1790188200.606323,/orders?limit=10&offset=0,0,15.337
1790188200.6068869,/orders/stats,0,82.807
1790188200.607145,/orders?limit=10&offset=0,0,60.058
1790188200.607388,/orders/stats,0,37.378
1790188200.609298,/orders/stats,0,39.649
1790188200.610071,/orders?limit=10&offset=0,0,32.912
1790188200.6104572,/orders?limit=10&offset=0,0,30.231
1790188200.61075,/orders/stats,0,28.369
1790188200.611122,/orders/stats,0,41.899
1790188200.612996,/orders/stats,0,26.809
1790188200.613303,/orders?limit=10&offset=0,0,73.759
1790188200.6136189,/orders/notifications,0,52.033
1790188200.613972,/orders/stats,0,26.876
1790188200.615808,/orders/stats,0,41.322
1790188200.618142,/orders?limit=10&offset=0,0,27.437
1790188200.618607,/orders/stats,0,74.199
1790188200.618885,/orders?limit=10&offset=0,0,63.707
1790188200.619162,/orders/notifications,0,29.062
1790188200.6209059,/orders?limit=10&offset=0,0,71.331
1790188200.621231,/orders/notifications,0,53.922
1790188200.6218612,/orders?limit=10&offset=0,0,50.481
1790188200.6223848,/orders/notifications,0,61.113
1790188200.623159,/orders?limit=10&offset=0,0,27.242
1790188200.624007,/orders/notifications,0,26.749
1790188200.624424,/orders?limit=10&offset=0,0,37.964
1790188200.626983,/orders/stats,0,52.163
1790188200.627346,/orders?limit=10&offset=0,0,120.587
1790188200.633002,/orders/notifications,0,45.643
1790188200.63361,/orders/stats,0,23.141
1790188200.633991,/orders?limit=10&offset=0,0,62.335
1790188200.635477,/orders/stats,0,29.139
1790188200.635946,/orders?limit=10&offset=0,0,50.045
1790188200.637438,/orders/notifications,0,38.766
1790188200.6381462,/orders/stats,0,16.273
1790188200.638421,/orders/notifications,0,102.997
1790188200.639234,/orders/notifications,0,26.222
1790188200.639594,/orders/notifications,0,52.848
1790188200.640466,/orders/notifications,0,37.086
1790188200.64111,/orders/notifications,0,22.49
1790188200.641546,/orders/stats,0,22.65
1790188200.644174,/orders/notifications,0,49.592
1790188200.644532,/orders?limit=10&offset=0,0,67.012
1790188200.644795,/orders/notifications,0,37.397
1790188200.6452491,/orders/stats,0,59.655
1790188200.6455219,/orders/stats,0,38.365
1790188200.651053,/orders?limit=10&offset=0,0,47.019
1790188200.651927,/orders/stats,0,27.49
1790188200.652235,/orders/stats,0,38.921
1790188200.652514,/orders/stats,0,77.121
1790188200.652746,/orders/notifications,0,61.08
1790188200.655817,/orders/stats,0,64.423
1790188200.6561332,/orders/stats,0,37.975
1790188200.6563892,/orders/notifications,0,61.325
1790188200.6566541,/orders/notifications,0,76.98
1790188200.6568818,/orders/notifications,0,18.723
1790188200.659151,/orders/stats,0,62.762
1790188200.660477,/orders/notifications,0,86.847
1790188200.661885,/orders?limit=10&offset=0,0,39.485
1790188200.666365,/orders/stats,0,119.896
1790188200.667069,/orders?limit=10&offset=0,0,43.045
1790188200.667528,/orders?limit=10&offset=0,0,53.894
1790188200.6707578,/orders?limit=10&offset=0,0,32.326
1790188200.671146,/orders/notifications,0,44.148
1790188200.671511,/orders/notifications,0,62.196
1790188200.671776,/orders/stats,0,110.802
1790188200.672014,/orders/notifications,0,65.114
1790188200.673672,/orders/stats,0,63.586
1790188200.675266,/orders?limit=10&offset=0,0,31.077
1790188200.675858,/orders/stats,0,54.938
1790188200.679178,/orders/notifications,0,45.552
1790188200.680202,/orders/notifications,0,34.937
1790188200.680755,/orders/stats,0,44.798
1790188200.681037,/orders/notifications,0,148.752
1790188200.682729,/orders/notifications,0,47.224
1790188200.683413,/orders?limit=10&offset=0,0,45.956
1790188200.684,/orders/stats,0,80.265
1790188200.687742,/orders/notifications,0,35.216
1790188200.688115,/orders/stats,0,37.024
1790188200.688415,/orders?limit=10&offset=0,0,69.242
1790188200.688693,/orders/stats,0,61.334
1790188200.69212,/orders?limit=10&offset=0,0,50.996
1790188200.6931279,/orders/notifications,0,37.284
1790188200.69551,/orders/notifications,0,53.951
1790188200.696106,/orders/notifications,0,84.971
1790188200.696379,/orders?limit=10&offset=0,0,51.569
1790188200.696855,/orders/stats,0,52.311
1790188200.698247,/orders/stats,0,64.233
1790188200.698646,/orders?limit=10&offset=0,0,41.753
1790188200.6990101,/orders/stats,0,75.837
1790188200.700641,/orders/notifications,0,55.1
1790188200.70596,/orders?limit=10&offset=0,0,53.202
1790188200.706296,/orders/notifications,0,34.508
1790188200.706764,/orders/stats,0,39.222
1790188200.707059,/orders?limit=10&offset=0,0,35.034
1790188200.710102,/orders/stats,0,34.82
1790188200.710655,/orders?limit=10&offset=0,0,50.16
1790188200.711009,/orders?limit=10&offset=0,0,77.979
1790188200.711301,/orders/notifications,0,97.315
1790188200.71153,/orders/notifications,0,35.657
1790188200.716154,/orders?limit=10&offset=0,0,35.929
1790188200.71707,/orders/notifications,0,18.795
1790188200.717689,/orders/notifications,0,33.665
1790188200.718486,/orders?limit=10&offset=0,0,39.29
1790188200.719022,/orders?limit=10&offset=0,0,78.542
1790188200.7192981,/orders?limit=10&offset=0,0,36.538
1790188200.719616,/orders?limit=10&offset=0,0,63.214
1790188200.71986,/orders?limit=10&offset=0,0,80.614
1790188200.723489,/orders/notifications,0,67.343
1790188200.7263129,/orders/stats,0,55.538
1790188200.726658,/orders?limit=10&offset=0,0,69.992
1790188200.727103,/orders?limit=10&offset=0,0,55.945
1790188200.7288299,/orders/stats,0,22.853
1790188200.729263,/orders/notifications,0,55.576
1790188200.7296278,/orders/notifications,0,113.797
1790188200.737931,/orders/notifications,0,49.223
1790188200.738282,/orders/stats,0,49.856
1790188200.7400808,/orders?limit=10&offset=0,0,118.836
1790188200.740633,/orders?limit=10&offset=0,0,69.107
1790188200.741339,/orders/stats,0,74.251
1790188200.744874,/orders/notifications,0,85.707
1790188200.7452722,/orders/notifications,0,35.153
1790188200.745631,/orders/stats,0,18.515
1790188200.746073,/orders/notifications,0,49.202
1790188200.7463949,/orders?limit=10&offset=0,0,53.23
1790188200.746681,/orders/stats,0,84.78
1790188200.752646,/orders/stats,0,53.983
1790188200.753083,/orders?limit=10&offset=0,0,41.542
1790188200.753431,/orders?limit=10&offset=0,0,42.119
1790188200.754983,/orders?limit=10&offset=0,0,67.225
1790188200.7553868,/orders/stats,0,36.353
1790188200.755717,/orders/notifications,0,74.948
1790188200.757267,/orders/stats,0,65.131
1790188200.75758,/orders?limit=10&offset=0,0,76.53
1790188200.7600598,/orders?limit=10&offset=0,0,53.743
1790188200.7625878,/orders/notifications,0,55.809
1790188200.762913,/orders?limit=10&offset=0,0,67.39
1790188200.7634308,/orders/stats,0,52.762
1790188200.7640011,/orders/notifications,0,176.001
1790188200.770041,/orders/stats,0,86.605
1790188200.770396,/orders/notifications,0,118.146
1790188200.770713,/orders?limit=10&offset=0,0,131.105
1790188200.771241,/orders?limit=10&offset=0,0,54.154
1790188200.773115,/orders/notifications,0,34.821
1790188200.773386,/orders/stats,0,54.077
1790188200.7736561,/orders?limit=10&offset=0,0,50.153
1790188200.7741299,/orders/stats,0,67.06
1790188200.774528,/orders/notifications,0,48.199
1790188200.775886,/orders/stats,0,79.493
1790188200.777863,/orders?limit=10&offset=0,0,15.258
1790188200.77897,/orders?limit=10&offset=0,0,49.328
1790188200.779852,/orders?limit=10&offset=0,0,15.834
1790188200.7822132,/orders?limit=10&offset=0,0,11.804
1790188200.7825558,/orders?limit=10&offset=0,0,81.891
1790188200.782918,/orders/stats,0,66.726
1790188200.783631,/orders?limit=10&offset=0,0,45.678
1790188200.784239,/orders/stats,0,31.143
1790188200.786637,/orders/notifications,0,175.875
1790188200.787911,/orders/notifications,0,14.513
1790188200.788246,/orders/stats,0,28.169
1790188200.788576,/orders/notifications,0,42.932
1790188200.7894971,/orders/notifications,0,42.803
1790188200.789758,/orders/notifications,0,60.913
1790188200.790561,/orders/notifications,0,102.432
1790188200.7911649,/orders/notifications,0,38.499
1790188200.791902,/orders/stats,0,72.031
1790188200.792161,/orders/stats,0,37.163
1790188200.796801,/orders?limit=10&offset=0,0,50.71
1790188200.79732,/orders/stats,0,39.729
1790188200.798914,/orders?limit=10&offset=0,0,43.183
1790188200.79935,/orders?limit=10&offset=0,0,24.808
1790188200.7998898,/orders/stats,0,73.219
1790188200.8012211,/orders/stats,0,38.293
1790188200.802002,/orders/notifications,0,38.556
1790188200.803923,/orders/stats,0,85.422
1790188200.8043141,/orders/notifications,0,137.923
1790188200.807182,/orders?limit=10&offset=0,0,2.856
1790188200.8074582,/orders/stats,0,67.36
1790188200.807984,/orders/notifications,0,156.025
1790188200.808297,/orders?limit=10&offset=0,0,79.021
1790188200.808529,/orders?limit=10&offset=0,0,35.402
1790188200.810365,/orders/stats,0,30.498
1790188200.810696,/orders/stats,0,27.044
1790188200.8110259,/orders/stats,0,70.378
1790188200.8112938,/orders/notifications,0,69.942
1790188200.8115551,/orders?limit=10&offset=0,0,66.666
1790188200.8143702,/orders?limit=10&offset=0,0,25.779
1790188200.8147671,/orders?limit=10&offset=0,0,12.752
1790188200.817183,/orders/stats,0,63.729
1790188200.8179688,/orders/notifications,0,29.712
1790188200.8190668,/orders/stats,0,36.497
1790188200.819597,/orders?limit=10&offset=0,0,30.087
1790188200.821335,/orders/notifications,0,64.052
1790188200.821897,/orders/notifications,0,38.965
1790188200.82217,/orders/notifications,0,37.919
1790188200.822488,/orders/stats,0,76.081
1790188200.822939,/orders/notifications,0,48.796
1790188200.824644,/orders/notifications,0,48.744
1790188200.826263,/orders/stats,0,14.685
1790188200.826803,/orders/stats,0,27.853
1790188200.8272069,/orders?limit=10&offset=0,0,109.505
1790188200.827619,/orders/notifications,0,128.596
1790188200.829379,/orders/stats,0,50.39
1790188200.829813,/orders?limit=10&offset=0,0,40.045
1790188200.830252,/orders/stats,0,48.023
1790188200.830534,/orders?limit=10&offset=0,0,134.411
1790188200.835623,/orders/stats,0,28.424
1790188200.836053,/orders/notifications,0,16.971
1790188200.836376,/orders?limit=10&offset=0,0,45.199
1790188200.836624,/orders/notifications,0,44.455
1790188200.837473,/orders/notifications,0,33.536
1790188200.837981,/orders/notifications,0,40.649
1790188200.838917,/orders?limit=10&offset=0,0,16.717
1790188200.83969,/orders/stats,0,40.323
1790188200.8399649,/orders?limit=10&offset=0,0,52.041
1790188200.84033,/orders/notifications,0,13.513
1790188200.840746,/orders/stats,0,69.493
1790188200.841148,/orders/stats,0,121.521
1790188200.841702,/orders/notifications,0,40.466
1790188200.8420181,/orders/notifications,0,71.962
1790188200.8459609,/orders?limit=10&offset=0,0,59.308
1790188200.8462741,/orders/stats,0,72.607
1790188200.846752,/orders?limit=10&offset=0,0,38.753
1790188200.8540428,/orders/stats,0,23.494
1790188200.854389,/orders/notifications,0,44.01
1790188200.856412,/orders/stats,0,9.646
1790188200.857347,/orders?limit=10&offset=0,0,66.772
1790188200.858349,/orders/notifications,0,102.947
1790188200.860223,/orders/stats,0,45.441
1790188200.862699,/orders/notifications,0,55.227
1790188200.863196,/orders/stats,0,43.586
1790188200.863484,/orders?limit=10&offset=0,0,27.418
1790188200.863759,/orders?limit=10&offset=0,0,118.473
1790188200.865599,/orders/stats,0,57.057
1790188200.8661451,/orders/stats,0,57.833
1790188200.868753,/orders/notifications,0,39.351
1790188200.869884,/orders/notifications,0,58.845
1790188200.870403,/orders/notifications,0,78.488
1790188200.87244,/orders?limit=10&offset=0,0,2.539
1790188200.872917,/orders?limit=10&offset=0,0,30.889
1790188200.873426,/orders/stats,0,162.403
1790188200.8738701,/orders/notifications,0,27.584
1790188200.874132,/orders/notifications,0,56.921
1790188200.874418,/orders/notifications,0,38.778
1790188200.8751528,/orders?limit=10&offset=0,0,53.801
1790188200.877853,/orders/notifications,0,23.791
1790188200.878835,/orders?limit=10&offset=0,0,24.43
1790188200.879236,/orders/stats,0,101.358
1790188200.8795059,/orders?limit=10&offset=0,0,68.201
1790188200.8806221,/orders/stats,0,53.402
1790188200.881813,/orders?limit=10&offset=0,0,57.152
1790188200.883465,/orders?limit=10&offset=0,0,43.113
1790188200.8839722,/orders/notifications,0,42.808
1790188200.8852422,/orders/notifications,0,44.479
1790188200.887003,/orders?limit=10&offset=0,0,16.587
1790188200.887315,/orders/notifications,0,87.411
1790188200.889579,/orders?limit=10&offset=0,0,15.148
1790188200.890102,/orders/stats,0,75.713
1790188200.8903959,/orders/notifications,0,24.238
1790188200.89107,/orders?limit=10&offset=0,0,68.118
1790188200.8915,/orders?limit=10&offset=0,0,53.507
1790188200.892865,/orders?limit=10&offset=0,0,14.993
1790188200.89402,/orders/stats,0,36.657
1790188200.896152,/orders/stats,0,66.323
1790188200.8967319,/orders/notifications,0,2.697
1790188200.897022,/orders/stats,0,60.634
1790188200.897501,/orders?limit=10&offset=0,0,23.618
1790188200.9007082,/orders/stats,0,129.967
1790188200.9012978,/orders/notifications,0,74.998
1790188200.904356,/orders?limit=10&offset=0,0,86.373
1790188200.904808,/orders/notifications,0,65.104
1790188200.9057221,/orders/stats,0,65.746
1790188200.906056,/orders/notifications,0,26.786
1790188200.907396,/orders?limit=10&offset=0,0,23.405
1790188200.9079318,/orders/notifications,0,47.692
1790188200.908674,/orders/stats,0,45.179
1790188200.9090931,/orders/notifications,0,35.653
1790188200.9102342,/orders?limit=10&offset=0,0,24.975
1790188200.9122481,/orders?limit=10&offset=0,0,43.479
1790188200.912725,/orders/notifications,0,22.61
1790188200.913009,/orders/stats,0,37.843
1790188200.913276,/orders/stats,0,22.194
1790188200.9177809,/orders/stats,0,71.8
1790188200.919444,/orders/notifications,0,96.943
1790188200.919752,/orders/stats,0,37.923
1790188200.920015,/orders/stats,0,47.086
1790188200.920297,/orders/notifications,0,109.588
1790188200.920552,/orders?limit=10&offset=0,0,57.835
1790188200.920796,/orders/notifications,0,40.159
1790188200.9228601,/orders/stats,0,2.296
1790188200.923902,/orders/stats,0,26.388
1790188200.924191,/orders?limit=10&offset=0,0,87.555
1790188200.924435,/orders?limit=10&offset=0,0,34.027
1790188200.925044,/orders?limit=10&offset=0,0,83.328
1790188200.9277282,/orders?limit=10&offset=0,0,105.816
1790188200.928053,/orders/stats,0,44.568
1790188200.9298592,/orders/notifications,0,24.122
1790188200.930184,/orders/notifications,0,34.012
1790188200.932148,/orders/notifications,0,23.462
1790188200.933886,/orders?limit=10&offset=0,0,24.767
1790188200.935803,/orders/stats,0,56.952
1790188200.936466,/orders?limit=10&offset=0,0,108.832
1790188200.9367669,/orders?limit=10&offset=0,0,49.442
1790188200.937108,/orders/stats,0,47.516
1790188200.937462,/orders/stats,0,98.528
1790188200.937762,/orders/stats,0,27.514
1790188200.938093,/orders/notifications,0,37.361
1790188200.940546,/orders/stats,0,143.725
1790188200.940829,/orders/stats,0,36.459
1790188200.941248,/orders/notifications,0,27.959
1790188200.942474,/orders/stats,0,78.702
1790188200.942828,/orders/notifications,0,79.619
1790188200.943309,/orders?limit=10&offset=0,0,69.166
1790188200.945466,/orders/stats,0,38.055
1790188200.945974,/orders?limit=10&offset=0,0,38.027
1790188200.9463072,/orders?limit=10&offset=0,0,25.501
1790188200.946663,/orders?limit=10&offset=0,0,49.918
1790188200.947107,/orders?limit=10&offset=0,0,109.619
1790188200.952325,/orders/notifications,0,29.451
1790188200.9536371,/orders/notifications,0,123.37
1790188200.9539158,/orders?limit=10&offset=0,0,41.178
1790188200.954169,/orders/stats,0,29.722
1790188200.954442,/orders/notifications,0,26.377
1790188200.954668,/orders/stats,0,29.612
1790188200.954885,/orders?limit=10&offset=0,0,50.066
1790188200.955606,/orders/stats,0,83.152
1790188200.956107,/orders?limit=10&offset=0,0,50.039
1790188200.957952,/orders?limit=10&offset=0,0,37.641
1790188200.958285,/orders/notifications,0,61.251
1790188200.9596832,/orders?limit=10&offset=0,0,27.516
1790188200.9605708,/orders/stats,0,36.363
1790188200.96109,/orders?limit=10&offset=0,0,59.779
1790188200.9625201,/orders/notifications,0,25.045
1790188200.964194,/orders/notifications,0,51.171
1790188200.965939,/orders/stats,0,38.189
1790188200.9672298,/orders?limit=10&offset=0,0,47.764
1790188200.967736,/orders/notifications,0,102.115
1790188200.968682,/orders/notifications,0,26.192
1790188200.9707441,/orders?limit=10&offset=0,0,40.868
1790188200.971026,/orders/notifications,0,114.601
1790188200.971308,/orders/notifications,0,15.689
1790188200.971585,/orders/stats,0,16.691
1790188200.9720058,/orders/notifications,0,36.188
1790188200.9723608,/orders/notifications,0,26.879
1790188200.973641,/orders/stats,0,26.965
1790188200.974445,/orders/stats,0,87.424
1790188200.974742,/orders/notifications,0,36.969
1790188200.975639,/orders/notifications,0,34.799
1790188200.9774442,/orders/notifications,0,57.679
1790188200.979157,/orders?limit=10&offset=0,0,24.703
1790188200.97973,/orders?limit=10&offset=0,0,15.517
1790188200.9825852,/orders/stats,0,91.057
1790188200.984816,/orders/stats,0,72.551
1790188200.985227,/orders/stats,0,48.748
1790188200.985495,/orders/stats,0,48.717
1790188200.9860532,/orders/stats,0,28.087
1790188200.986345,/orders/stats,0,93.465
1790188200.986597,/orders?limit=10&offset=0,0,28.302
1790188200.987361,/orders?limit=10&offset=0,0,46.1
1790188200.987658,/orders/stats,0,26.556
1790188200.989625,/orders?limit=10&offset=0,0,59.426
1790188200.989901,/orders?limit=10&offset=0,0,22.15
1790188200.9905438,/orders/notifications,0,66.626
1790188200.990824,/orders?limit=10&offset=0,0,13.368
1790188200.9912279,/orders?limit=10&offset=0,0,132.865
1790188200.994434,/orders/stats,0,23.675
1790188200.994816,/orders/notifications,0,23.22
1790188200.9988632,/orders?limit=10&offset=0,0,36.327
1790188201.0009532,/orders?limit=10&offset=0,0,25.294
1790188201.0017002,/orders/stats,0,47.771
1790188201.002141,/orders/notifications,0,84.325
1790188201.002534,/orders/stats,0,35.287
1790188201.0028281,/orders/stats,0,59.508
1790188201.003139,/orders/stats,0,15.764
1790188201.005106,/orders?limit=10&offset=0,0,36.41
1790188201.005499,/orders?limit=10&offset=0,0,34.463
1790188201.005949,/orders/stats,0,58.83
1790188201.006243,/orders/notifications,0,45.645
1790188201.006739,/orders?limit=10&offset=0,0,68.636
1790188201.0071628,/orders/notifications,0,33.508
1790188201.009845,/orders/notifications,0,35.374
1790188201.010672,/orders/notifications,0,24.316
1790188201.010992,/orders/notifications,0,25.487
1790188201.011302,/orders?limit=10&offset=0,0,57.651
1790188201.0115578,/orders/notifications,0,45.585
1790188201.012383,/orders/stats,0,132.864
1790188201.0126998,/orders/notifications,0,92.673
1790188201.013341,/orders/notifications,0,25.671
1790188201.0137138,/orders/stats,0,57.594
1790188201.014306,/orders/stats,0,80.388
1790188201.0196888,/orders?limit=10&offset=0,0,48.368
1790188201.0200262,/orders/stats,0,40.283
1790188201.021006,/orders?limit=10&offset=0,0,46.251
1790188201.0212889,/orders/notifications,0,38.674
1790188201.021795,/orders/notifications,0,36.557
1790188201.022061,/orders/stats,0,62.34
1790188201.022337,/orders?limit=10&offset=0,0,79.496
1790188201.0225742,/orders?limit=10&offset=0,0,50.201
1790188201.025144,/orders/stats,0,38.535
1790188201.026158,/orders/notifications,0,71.974
1790188201.0266812,/orders?limit=10&offset=0,0,15.678
1790188201.0289652,/orders/stats,0,39.326
1790188201.029439,/orders/notifications,0,26.29
1790188201.02977,/orders?limit=10&offset=0,0,39.213
1790188201.030217,/orders/notifications,0,45.384
1790188201.03056,/orders/stats,0,39.725
1790188201.036053,/orders?limit=10&offset=0,0,64.033
1790188201.036362,/orders/stats,0,31.241
1790188201.0395432,/orders/notifications,0,36.996
1790188201.0400178,/orders/stats,0,60.847
1790188201.040376,/orders/notifications,0,37.537
1790188201.04095,/orders/notifications,0,103.829
1790188201.0412421,/orders/stats,0,94.923
1790188201.0415318,/orders/notifications,0,29.136
1790188201.0418692,/orders/notifications,0,101.306
1790188201.045673,/orders?limit=10&offset=0,0,39.415
1790188201.0460532,/orders/stats,0,40.542
1790188201.046442,/orders/notifications,0,60.377
1790188201.0493078,/orders/stats,0,13.23
1790188201.052402,/orders?limit=10&offset=0,0,26.23
1790188201.052744,/orders?limit=10&offset=0,0,42.871
1790188201.052997,/orders/stats,0,63.085
1790188201.053236,/orders/stats,0,52.178
1790188201.0535219,/orders/stats,0,54.641
1790188201.0538182,/orders/notifications,0,59.37
1790188201.056298,/orders/notifications,0,42.57
1790188201.0574121,/orders?limit=10&offset=0,0,15.868
1790188201.057832,/orders/stats,0,38.128
1790188201.058723,/orders/notifications,0,5.19
1790188201.0601652,/orders/notifications,0,105.485
1790188201.060481,/orders/stats,0,30.699
1790188201.0608299,/orders?limit=10&offset=0,0,39.529
1790188201.061159,/orders/notifications,0,24.787
1790188201.061397,/orders/stats,0,38.813
1790188201.061802,/orders/stats,0,40.782
1790188201.062159,/orders?limit=10&offset=0,0,67.33
1790188201.0626712,/orders/stats,0,40.323
1790188201.062953,/orders/notifications,0,32.38
1790188201.063252,/orders/stats,0,51.937
1790188201.0667882,/orders/notifications,0,52.458
1790188201.06955,/orders/notifications,0,29.519
1790188201.069841,/orders/stats,0,43.148
1790188201.070084,/orders/stats,0,78.844
1790188201.0707,/orders/notifications,0,50.662
1790188201.071284,/orders?limit=10&offset=0,0,64.108
1790188201.071603,/orders?limit=10&offset=0,0,41.374
1790188201.0720088,/orders/notifications,0,25.945
1790188201.074,/orders?limit=10&offset=0,0,12.829
1790188201.074455,/orders?limit=10&offset=0,0,63.769
1790188201.075072,/orders/notifications,0,25.732
1790188201.07675,/orders?limit=10&offset=0,0,63.393
1790188201.078485,/orders/notifications,0,25.236
1790188201.0795252,/orders/notifications,0,50.544
1790188201.090059,/orders/notifications,0,67.985
1790188201.093492,/orders?limit=10&offset=0,0,51.61
1790188201.095211,/orders?limit=10&offset=0,0,48.755
1790188201.095693,/orders/notifications,0,93.978
1790188201.0964942,/orders/notifications,0,38.648
1790188201.0998678,/orders?limit=10&offset=0,0,87.149
1790188201.101977,/orders?limit=10&offset=0,0,62.414
1790188201.10432,/orders/notifications,0,63.065
1790188201.104776,/orders?limit=10&offset=0,0,50.892
1790188201.105231,/orders?limit=10&offset=0,0,64.265
1790188201.1064892,/orders?limit=10&offset=0,0,77.035
1790188201.106981,/orders?limit=10&offset=0,0,154.636
1790188201.107826,/orders/notifications,0,37.729
1790188201.108136,/orders?limit=10&offset=0,0,51.824
1790188201.111847,/orders/stats,0,105.094
1790188201.154859,/orders/stats,0,80.821
1790188201.155243,/orders/notifications,0,149.281
1790188201.1555588,/orders/stats,0,109.865
1790188201.155817,/orders/stats,0,60.591
1790188201.156062,/orders/stats,0,81.595
1790188201.156281,/orders/stats,0,49.289
1790188201.1565151,/orders?limit=10&offset=0,0,116.126
1790188201.1567922,/orders/stats,0,51.549
1790188201.157055,/orders/stats,0,57.152
1790188201.157304,/orders?limit=10&offset=0,0,87.739
1790188201.157527,/orders?limit=10&offset=0,0,98.792
1790188201.157751,/orders/stats,0,104.995
1790188201.1579719,/orders?limit=10&offset=0,0,62.266
1790188201.1581702,/orders/notifications,0,133.012
1790188201.158365,/orders/notifications,0,95.102
1790188201.158755,/orders?limit=10&offset=0,0,54.421
1790188201.159085,/orders/notifications,0,89.232
1790188201.1595032,/orders?limit=10&offset=0,0,69.428
1790188201.160245,/orders/stats,0,58.251
1790188201.160491,/orders?limit=10&offset=0,0,63.979
1790188201.160848,/orders/notifications,0,100.355
1790188201.1611001,/orders?limit=10&offset=0,0,94.273
1790188201.161385,/orders?limit=10&offset=0,0,53.545
1790188201.161629,/orders?limit=10&offset=0,0,89.608
1790188201.1618938,/orders?limit=10&offset=0,0,150.325
1790188201.16223,/orders?limit=10&offset=0,0,140.421
1790188201.162592,/orders?limit=10&offset=0,0,160.437
1790188201.162993,/orders/stats,0,102.151
1790188201.163247,/orders/stats,0,69.742
1790188201.1635,/orders?limit=10&offset=0,0,85.001
1790188201.163778,/orders/notifications,0,101.093
1790188201.164174,/orders/stats,0,111.754
1790188201.164841,/orders/stats,0,218.851
1790188201.165314,/orders/stats,0,103.139
1790188201.1657238,/orders?limit=10&offset=0,0,102.755
1790188201.1662898,/orders?limit=10&offset=0,0,95.575
1790188201.16676,/orders/notifications,0,113.751
1790188201.171952,/orders/stats,0,114.524
1790188201.1725829,/orders?limit=10&offset=0,0,112.403
1790188201.173048,/orders/stats,0,66.546
1790188201.178944,/orders/stats,0,21.405
1790188201.182129,/orders/notifications,0,21.87
1790188201.18666,/orders/stats,0,115.359
1790188201.186969,/orders/notifications,0,125.153
1790188201.189785,/orders/notifications,0,26.78
1790188201.194217,/orders/notifications,0,132.806
1790188201.194536,/orders/stats,0,117.771
1790188201.194856,/orders?limit=10&offset=0,0,115.315
1790188201.195796,/orders/stats,0,33.89
1790188201.197252,/orders/stats,0,125.633
1790188201.200659,/orders/notifications,0,44.819
1790188201.201222,/orders?limit=10&offset=0,0,43.042
1790188201.201536,/orders?limit=10&offset=0,0,42.442
1790188201.201904,/orders/stats,0,45.376
1790188201.206563,/orders/notifications,0,94.698
1790188201.207338,/orders/stats,0,45.698
1790188201.210442,/orders/notifications,0,46.25
1790188201.210816,/orders/notifications,0,45.961
1790188201.213991,/orders/notifications,0,59.108
1790188201.2145522,/orders?limit=10&offset=0,0,59.295
1790188201.215091,/orders/notifications,0,58.285
1790188201.215441,/orders/stats,0,58.126
1790188201.218529,/orders/notifications,0,23.977
1790188201.220628,/orders/notifications,0,23.359
1790188201.221745,/orders/stats,0,60.346
1790188201.2236521,/orders/stats,0,60.139
1790188201.223941,/orders?limit=10&offset=0,0,17.364
1790188201.2299578,/orders/stats,0,63.65
1790188201.230349,/orders/notifications,0,57.289
1790188201.23106,/orders/notifications,0,75.473
1790188201.2319438,/orders/notifications,0,75.87
1790188201.2361448,/orders/stats,0,77.378
1790188201.236366,/orders?limit=10&offset=0,0,77.994
1790188201.238919,/orders/notifications,0,59.957
1790188201.239954,/orders?limit=10&offset=0,0,164.866
1790188201.240932,/orders/notifications,0,54.254
1790188201.241235,/orders/stats,0,78.994
1790188201.2415528,/orders/stats,0,75.804
1790188201.241788,/orders?limit=10&offset=0,0,41.099
1790188201.242382,/orders/stats,0,79.778
1790188201.2445009,/orders/notifications,0,72.529
1790188201.2449632,/orders/stats,0,3.125
1790188201.2463932,/orders?limit=10&offset=0,0,15.315
1790188201.2471309,/orders?limit=10&offset=0,0,32.025
1790188201.2495959,/orders?limit=10&offset=0,0,88.72
1790188201.250269,/orders/stats,0,89.152
1790188201.2534568,/orders?limit=10&offset=0,0,32.816
1790188201.253943,/orders/notifications,0,88.615
1790188201.254247,/orders/stats,0,94.707
1790188201.256385,/orders/stats,0,148.236
1790188201.2572968,/orders/stats,0,152.506
1790188201.257895,/orders/stats,0,85.292
1790188201.258344,/orders?limit=10&offset=0,0,68.544
1790188201.258729,/orders/notifications,0,35.062
1790188201.260674,/orders?limit=10&offset=0,0,42.128
1790188201.2610712,/orders?limit=10&offset=0,0,94.297
1790188201.261363,/orders/notifications,0,105.072
1790188201.263335,/orders?limit=10&offset=0,0,76.353
1790188201.2637079,/orders/notifications,0,100.45
1790188201.2702851,/orders/notifications,0,40.307
1790188201.2706041,/orders?limit=10&offset=0,0,60.147
1790188201.2708611,/orders?limit=10&offset=0,0,56.847
1790188201.27109,/orders/stats,0,56.523
1790188201.271326,/orders?limit=10&offset=0,0,77.095
1790188201.271619,/orders/notifications,0,29.227
1790188201.271904,/orders/notifications,0,114.143
1790188201.272758,/orders/stats,0,77.89
1790188201.2780778,/orders?limit=10&offset=0,0,114.288
1790188201.278455,/orders/stats,0,32.044
1790188201.2788422,/orders/notifications,0,28.548
1790188201.279758,/orders/stats,0,78.209
1790188201.286386,/orders/notifications,0,44.82
1790188201.286688,/orders/notifications,0,129.622
1790188201.2870028,/orders/stats,0,33.532
1790188201.287275,/orders?limit=10&offset=0,0,55.314
1790188201.287622,/orders/notifications,0,16.523
1790188201.287859,/orders/stats,0,86.624
1790188201.288094,/orders?limit=10&offset=0,0,105.946
1790188201.288397,/orders?limit=10&offset=0,0,18.097
1790188201.288662,/orders/stats,0,48.695
1790188201.289122,/orders/notifications,0,31.812
1790188201.289512,/orders/stats,0,129.007
1790188201.294343,/orders/notifications,0,72.579
1790188201.294637,/orders?limit=10&offset=0,0,50.122
1790188201.294944,/orders?limit=10&offset=0,0,31.225
1790188201.295232,/orders/notifications,0,22.46
1790188201.2955031,/orders/notifications,0,80.046
1790188201.295763,/orders/stats,0,25.148
1790188201.296033,/orders/stats,0,34.952
1790188201.296296,/orders/stats,0,18.205
1790188201.2966359,/orders?limit=10&offset=0,0,85.809
1790188201.296874,/orders/notifications,0,42.617
1790188201.297201,/orders/notifications,0,39.292
1790188201.2989671,/orders?limit=10&offset=0,0,40.226
1790188201.3088,/orders?limit=10&offset=0,0,36.883
1790188201.309772,/orders/notifications,0,13.45
1790188201.3102489,/orders/stats,0,152.267
1790188201.310564,/orders/stats,0,49.876
1790188201.31109,/orders?limit=10&offset=0,0,57.133
1790188201.3113658,/orders/notifications,0,66.391
1790188201.311627,/orders/notifications,0,22.954
1790188201.3119192,/orders/stats,0,62.293
1790188201.3122072,/orders/notifications,0,32.436
1790188201.3125162,/orders/stats,0,76.139
1790188201.3129501,/orders/notifications,0,111.035
1790188201.313191,/orders/notifications,0,23.668
1790188201.3135529,/orders/stats,0,89.602
1790188201.3138702,/orders/stats,0,25.765
1790188201.314603,/orders?limit=10&offset=0,0,73.653
1790188201.3152099,/orders?limit=10&offset=0,0,28.511
1790188201.315491,/orders/notifications,0,59.091
1790188201.3157492,/orders?limit=10&offset=0,0,36.896
1790188201.316212,/orders/stats,0,21.254
1790188201.316761,/orders/notifications,0,109.404
1790188201.317729,/orders?limit=10&offset=0,0,46.096
1790188201.320802,/orders/notifications,0,124.991
1790188201.321153,/orders?limit=10&offset=0,0,32.019
1790188201.321516,/orders?limit=10&offset=0,0,91.156
1790188201.3218482,/orders/notifications,0,85.688
1790188201.3221178,/orders/notifications,0,26.075
1790188201.322423,/orders/notifications,0,35.41
1790188201.322881,/orders/notifications,0,44.413
1790188201.32461,/orders?limit=10&offset=0,0,38.207
1790188201.325301,/orders/stats,0,28.655
1790188201.3263302,/orders/stats,0,55.444
1790188201.3272982,/orders/stats,0,40.011
1790188201.327649,/orders?limit=10&offset=0,0,40.016
1790188201.327936,/orders/stats,0,69.58
1790188201.3365,/orders?limit=10&offset=0,0,26.711
1790188201.336828,/orders/notifications,0,41.055
1790188201.337066,/orders?limit=10&offset=0,0,75.69
1790188201.3373718,/orders?limit=10&offset=0,0,43.015
1790188201.337686,/orders?limit=10&offset=0,0,40.803
1790188201.337994,/orders/notifications,0,96.747
1790188201.3382442,/orders/notifications,0,50.376
1790188201.338607,/orders/stats,0,50.182
1790188201.338884,/orders/stats,0,39.904
1790188201.339129,/orders/notifications,0,25.565
1790188201.3393438,/orders?limit=10&offset=0,0,27.128
1790188201.339589,/orders/stats,0,24.367
1790188201.3398778,/orders/stats,0,68.54
1790188201.3401542,/orders/stats,0,76.801
1790188201.340755,/orders/stats,0,46.106
1790188201.3414578,/orders/notifications,0,25.225
1790188201.3449569,/orders?limit=10&offset=0,0,24.138
1790188201.345385,/orders?limit=10&offset=0,0,22.951
1790188201.345834,/orders?limit=10&offset=0,0,34.197
1790188201.346344,/orders/stats,0,99.198
1790188201.346598,/orders?limit=10&offset=0,0,31.096
1790188201.347104,/orders/notifications,0,19.793
1790188201.347389,/orders?limit=10&offset=0,0,34.429
1790188201.354198,/orders/notifications,0,27.827
1790188201.354957,/orders/notifications,0,43.027
1790188201.35525,/orders/notifications,0,15.363
1790188201.3555992,/orders?limit=10&offset=0,0,32.707
1790188201.355872,/orders?limit=10&offset=0,0,44.493
1790188201.35643,/orders/stats,0,31.806
1790188201.35674,/orders/notifications,0,28.783
1790188201.3570628,/orders/stats,0,29.403
1790188201.357302,/orders/notifications,0,47.042
1790188201.3576279,/orders/stats,0,43.007
1790188201.357863,/orders?limit=10&offset=0,0,18.725
1790188201.3581,/orders?limit=10&offset=0,0,41.325
1790188201.359,/orders/stats,0,21.923
1790188201.362488,/orders?limit=10&offset=0,0,65.275
1790188201.363331,/orders?limit=10&offset=0,0,68.085
1790188201.363696,/orders/stats,0,42.532
1790188201.363976,/orders?limit=10&offset=0,0,41.83
1790188201.369257,/orders/stats,0,31.872
1790188201.3696141,/orders?limit=10&offset=0,0,130.68
1790188201.369882,/orders/stats,0,32.186
1790188201.37024,/orders/stats,0,33.726
1790188201.370564,/orders/notifications,0,56.683
1790188201.370924,/orders/stats,0,62.108
1790188201.374711,/orders?limit=10&offset=0,0,52.85
1790188201.37515,/orders/notifications,0,36.243
1790188201.375749,/orders/stats,0,28.345
1790188201.37614,/orders/stats,0,65.04
1790188201.376638,/orders/notifications,0,5.704
1790188201.3774972,/orders/stats,0,14.992
1790188201.377843,/orders/notifications,0,31.487
1790188201.3780868,/orders/stats,0,22.205
1790188201.378345,/orders/notifications,0,37.579
1790188201.378627,/orders/notifications,0,53.314
1790188201.379185,/orders?limit=10&offset=0,0,4.022
1790188201.386508,/orders?limit=10&offset=0,0,29.191
1790188201.386842,/orders/notifications,0,29.203
1790188201.3870862,/orders/stats,0,28.977
1790188201.387306,/orders/stats,0,65.78
1790188201.387608,/orders?limit=10&offset=0,0,50.768
1790188201.38786,/orders/notifications,0,75.331
1790188201.3881972,/orders?limit=10&offset=0,0,74.995
1790188201.388715,/orders?limit=10&offset=0,0,33.454
1790188201.389733,/orders/stats,0,44.76
1790188201.39072,/orders?limit=10&offset=0,0,36.507
1790188201.394999,/orders?limit=10&offset=0,0,99.483
1790188201.3953102,/orders/notifications,0,36.296
1790188201.395583,/orders/stats,0,56.228
1790188201.3958578,/orders?limit=10&offset=0,0,54.387
1790188201.396091,/orders?limit=10&offset=0,0,58.087
1790188201.39637,/orders/notifications,0,26.477
1790188201.3966331,/orders/stats,0,38.76
1790188201.396918,/orders/notifications,0,86.342
1790188201.3975801,/orders?limit=10&offset=0,0,50.172
1790188201.403884,/orders/notifications,0,65.264
1790188201.4041998,/orders/stats,0,8.332
1790188201.406355,/orders/stats,0,17.628
1790188201.407281,/orders?limit=10&offset=0,0,36.685
1790188201.407572,/orders/stats,0,28.374
1790188201.407937,/orders/notifications,0,68.337
1790188201.408237,/orders/notifications,0,68.073
1790188201.408597,/orders?limit=10&offset=0,0,29.959
1790188201.408843,/orders/stats,0,93.08
1790188201.412878,/orders/stats,0,48.885
1790188201.413216,/orders/stats,0,18.202
1790188201.413845,/orders/stats,0,58.231
1790188201.4150138,/orders?limit=10&offset=0,0,28.158
1790188201.421429,/orders/notifications,0,52.152
1790188201.4218,/orders?limit=10&offset=0,0,24.868
1790188201.422059,/orders/notifications,0,32.313
1790188201.422414,/orders/notifications,0,52.162
1790188201.422671,/orders/stats,0,76.826
1790188201.423017,/orders/stats,0,53.391
1790188201.423296,/orders/stats,0,76.687
1790188201.423546,/orders?limit=10&offset=0,0,85.29
1790188201.427534,/orders/stats,0,52.802
1790188201.4278378,/orders/stats,0,41.315
1790188201.430337,/orders?limit=10&offset=0,0,52.478
1790188201.4308732,/orders/notifications,0,34.228
1790188201.432807,/orders/stats,0,44.594
1790188201.435675,/orders/stats,0,117.924
1790188201.436003,/orders?limit=10&offset=0,0,39.621
1790188201.436291,/orders/stats,0,40.188
1790188201.4365199,/orders/notifications,0,80.075
1790188201.43677,/orders/notifications,0,79.696
1790188201.4370198,/orders?limit=10&offset=0,0,58.663
1790188201.437236,/orders/notifications,0,59.139
1790188201.4375129,/orders/stats,0,39.913
1790188201.439717,/orders/stats,0,32.421
1790188201.440046,/orders/notifications,0,31.152
1790188201.440544,/orders/notifications,0,64.781
1790188201.4408681,/orders?limit=10&offset=0,0,45.547
1790188201.443137,/orders/notifications,0,47.541
1790188201.445625,/orders?limit=10&offset=0,0,90.611
1790188201.4477901,/orders?limit=10&offset=0,0,39.536
1790188201.4485571,/orders?limit=10&offset=0,0,26.125
1790188201.449745,/orders/stats,0,86.386
1790188201.452286,/orders/notifications,0,28.975
1790188201.452585,/orders/notifications,0,45.001
1790188201.452875,/orders/stats,0,44.269
1790188201.453121,/orders/notifications,0,75.611
1790188201.454844,/orders/notifications,0,41.615
1790188201.455636,/orders/stats,0,40.603
1790188201.456199,/orders/stats,0,65.442
1790188201.4572842,/orders/notifications,0,21.593
1790188201.458289,/orders/notifications,0,21.987
1790188201.461496,/orders/notifications,0,38.464
1790188201.462096,/orders/notifications,0,85.943
1790188201.4626172,/orders/notifications,0,98.907
1790188201.46291,/orders?limit=10&offset=0,0,86.26
1790188201.463969,/orders/stats,0,118.567
1790188201.469028,/orders?limit=10&offset=0,0,28.966
1790188201.46941,/orders/notifications,0,41.859
1790188201.469685,/orders/notifications,0,82.588
1790188201.469989,/orders?limit=10&offset=0,0,17.687
1790188201.4717178,/orders/notifications,0,43.868
1790188201.4720562,/orders/notifications,0,84.74
1790188201.4724,/orders?limit=10&offset=0,0,29.248
1790188201.4728441,/orders/stats,0,31.938
1790188201.4747279,/orders/notifications,0,68.358
1790188201.476361,/orders?limit=10&offset=0,0,39.578
1790188201.4768798,/orders?limit=10&offset=0,0,55.436
1790188201.4791849,/orders?limit=10&offset=0,0,71.235
1790188201.479551,/orders/stats,0,31.738
1790188201.48015,/orders/stats,0,56.591
1790188201.484478,/orders/stats,0,96.848
1790188201.4854279,/orders/notifications,0,72.529
1790188201.485724,/orders?limit=10&offset=0,0,32.593
1790188201.487627,/orders/notifications,0,83.413
1790188201.488043,/orders/stats,0,57.688
1790188201.488383,/orders?limit=10&offset=0,0,51.852
1790188201.4887512,/orders/notifications,0,55.921
1790188201.489055,/orders/stats,0,52.025
1790188201.490979,/orders?limit=10&offset=0,0,28.347
1790188201.492076,/orders?limit=10&offset=0,0,39.478
1790188201.4950771,/orders?limit=10&offset=0,0,138.322
1790188201.4958,/orders?limit=10&offset=0,0,107.926
1790188201.496243,/orders/notifications,0,82.381
1790188201.496532,/orders/stats,0,60.517
1790188201.4970188,/orders?limit=10&offset=0,0,59.747
1790188201.4972968,/orders/notifications,0,41.085
1790188201.497568,/orders?limit=10&offset=0,0,27.872
1790188201.499784,/orders/stats,0,77.962
1790188201.5004008,/orders?limit=10&offset=0,0,45.543
1790188201.502544,/orders?limit=10&offset=0,0,30.811
1790188201.502851,/orders?limit=10&offset=0,0,45.553
1790188201.503096,/orders?limit=10&offset=0,0,44.792
1790188201.506358,/orders?limit=10&offset=0,0,102.454
1790188201.506625,/orders/notifications,0,66.894
1790188201.507065,/orders/notifications,0,51.411
1790188201.507787,/orders/notifications,0,85.103
1790188201.508054,/orders?limit=10&offset=0,0,38.632
1790188201.508327,/orders?limit=10&offset=0,0,46.216
1790188201.50866,/orders/stats,0,39.615
1790188201.510229,/orders/notifications,0,60.46
1790188201.5106041,/orders?limit=10&offset=0,0,70.047
1790188201.510863,/orders/stats,0,40.865
1790188201.511095,/orders/notifications,0,47.112
1790188201.512033,/orders?limit=10&offset=0,0,81.146
1790188201.512322,/orders/stats,0,66.676
1790188201.512608,/orders/notifications,0,39.75
1790188201.5128891,/orders?limit=10&offset=0,0,16.635
1790188201.513199,/orders/notifications,0,75.673
1790188201.516217,/orders/notifications,0,28.147
1790188201.518694,/orders?limit=10&offset=0,0,29.93
1790188201.519113,/orders/stats,0,70.536
1790188201.519398,/orders?limit=10&offset=0,0,57.888
1790188201.520892,/orders?limit=10&offset=0,0,98.82
1790188201.521179,/orders/notifications,0,41.615
1790188201.522809,/orders/stats,0,14.743
1790188201.523135,/orders?limit=10&offset=0,0,48.393
1790188201.523612,/orders?limit=10&offset=0,0,35.971
1790188201.523882,/orders/stats,0,32.889
1790188201.527404,/orders/stats,0,24.841
1790188201.527785,/orders/stats,0,39.388
1790188201.528089,/orders/stats,0,51.199
1790188201.5304089,/orders/notifications,0,45.9
1790188201.530872,/orders/stats,0,24.501
1790188201.531874,/orders/notifications,0,78.987
1790188201.5327868,/orders/notifications,0,13.659
1790188201.5344,/orders/stats,0,58.019
1790188201.535309,/orders?limit=10&offset=0,0,25.064
1790188201.535508,/orders/stats,0,49.774
1790188201.537756,/orders?limit=10&offset=0,0,26.646
1790188201.5387058,/orders/stats,0,15.56
1790188201.5391612,/orders/stats,0,41.583
1790188201.539458,/orders/stats,0,39.042
1790188201.539833,/orders/notifications,0,59.67
1790188201.540214,/orders/stats,0,61.014
1790188201.54051,/orders?limit=10&offset=0,0,24.26
1790188201.5408,/orders/stats,0,77.878
1790188201.54128,/orders/stats,0,38.419
1790188201.5446012,/orders?limit=10&offset=0,0,37.964
1790188201.5452642,/orders/stats,0,48.225
1790188201.545779,/orders/stats,0,35.164
1790188201.546276,/orders/notifications,0,10.757
1790188201.549066,/orders/stats,0,45.953
1790188201.549771,/orders/stats,0,31.059
1790188201.5530298,/orders/notifications,0,29.136
1790188201.5540302,/orders?limit=10&offset=0,0,81.962
1790188201.55439,/orders?limit=10&offset=0,0,46.589
1790188201.5546439,/orders/stats,0,82.233
1790188201.555379,/orders?limit=10&offset=0,0,48.302
1790188201.555676,/orders/stats,0,47.339
1790188201.556065,/orders?limit=10&offset=0,0,23.26
1790188201.557315,/orders/stats,0,21.995
1790188201.5598211,/orders/notifications,0,32.361
1790188201.560197,/orders/stats,0,47.296
1790188201.560508,/orders/notifications,0,21.336
1790188201.563255,/orders/stats,0,68.161
1790188201.563596,/orders/stats,0,25.827
1790188201.563875,/orders/notifications,0,55.201
1790188201.564178,/orders/stats,0,44.769
1790188201.564529,/orders?limit=10&offset=0,0,24.684
1790188201.565797,/orders/notifications,0,37.695
1790188201.570067,/orders/notifications,0,59.192
1790188201.570369,/orders?limit=10&offset=0,0,73.061
1790188201.571145,/orders/notifications,0,58.81
1790188201.571496,/orders/notifications,0,71.684
1790188201.571757,/orders?limit=10&offset=0,0,59.135
1790188201.572066,/orders/notifications,0,49.242
1790188201.5724218,/orders/stats,0,48.797
1790188201.574643,/orders/notifications,0,28.85
1790188201.575076,/orders/notifications,0,34.851
1790188201.5757298,/orders?limit=10&offset=0,0,54.54
1790188201.57632,/orders/notifications,0,35.01
1790188201.57701,/orders/notifications,0,27.926
1790188201.577494,/orders/notifications,0,38.025
1790188201.580192,/orders/stats,0,68.143
1790188201.5805361,/orders?limit=10&offset=0,0,50.111
1790188201.5811331,/orders/notifications,0,50.245
1790188201.5822248,/orders/stats,0,27.821
1790188201.583573,/orders?limit=10&offset=0,0,17.75
1790188201.585427,/orders/notifications,0,40.148
1790188201.585848,/orders/stats,0,29.771
1790188201.5861812,/orders/notifications,0,47.462
1790188201.5864441,/orders?limit=10&offset=0,0,73.232
1790188201.5867038,/orders/stats,0,94.614
1790188201.588493,/orders/notifications,0,99.421
1790188201.589965,/orders?limit=10&offset=0,0,104.522
1790188201.590252,/orders/stats,0,69.346
1790188201.59049,/orders?limit=10&offset=0,0,37.446
1790188201.590719,/orders/notifications,0,4.861
1790188201.590936,/orders/notifications,0,26.749
1790188201.591151,/orders/notifications,0,50.34
1790188201.591966,/orders?limit=10&offset=0,0,17.309
1790188201.592837,/orders/notifications,0,96.288
1790188201.594506,/orders/notifications,0,39.85
1790188201.595559,/orders/stats,0,3.577
1790188201.59633,/orders/stats,0,55.807
1790188201.598836,/orders/notifications,0,41.504
1790188201.6007712,/orders?limit=10&offset=0,0,40.239
1790188201.6011462,/orders/notifications,0,37.873
1790188201.602038,/orders/notifications,0,41.829
1790188201.603981,/orders/stats,0,39.438
1790188201.605004,/orders/stats,0,60.387
1790188201.605262,/orders/notifications,0,70.841
1790188201.605535,/orders/stats,0,50.144
1790188201.606241,/orders?limit=10&offset=0,0,25.093
1790188201.6073558,/orders?limit=10&offset=0,0,37.274
1790188201.6076758,/orders/notifications,0,25.436
1790188201.607955,/orders?limit=10&offset=0,0,21.764
1790188201.611048,/orders/stats,0,24.591
1790188201.6113532,/orders/notifications,0,47.747
1790188201.613608,/orders/notifications,0,23.343
1790188201.6139631,/orders?limit=10&offset=0,0,23.234
1790188201.6164632,/orders?limit=10&offset=0,0,70.162
1790188201.617012,/orders?limit=10&offset=0,0,25.844
1790188201.617476,/orders/stats,0,63.429
1790188201.618793,/orders/notifications,0,14.798
1790188201.6192021,/orders/notifications,0,63.516
1790188201.620736,/orders/notifications,0,15.717
1790188201.621156,/orders?limit=10&offset=0,0,61.301
1790188201.621451,/orders?limit=10&offset=0,0,46.363
1790188201.62174,/orders/stats,0,14.343
1790188201.62203,/orders?limit=10&offset=0,0,27.511
1790188201.6226912,/orders/notifications,0,50.256
1790188201.6242418,/orders?limit=10&offset=0,0,35.713
1790188201.624796,/orders/stats,0,49.052
1790188201.625172,/orders?limit=10&offset=0,0,48.15
1790188201.625718,/orders/stats,0,55.336
1790188201.628482,/orders/stats,0,44.882
1790188201.628858,/orders?limit=10&offset=0,0,36.005
1790188201.629138,/orders/stats,0,48.59
1790188201.631367,/orders/stats,0,25.093
1790188201.633225,/orders/notifications,0,83.423
1790188201.6340091,/orders/notifications,0,38.427
1790188201.63663,/orders?limit=10&offset=0,0,35.471
1790188201.6372428,/orders/notifications,0,40.899
1790188201.638745,/orders/stats,0,48.243
1790188201.639526,/orders?limit=10&offset=0,0,28.161
1790188201.639789,/orders?limit=10&offset=0,0,48.843
1790188201.6408021,/orders?limit=10&offset=0,0,69.294
1790188201.641205,/orders?limit=10&offset=0,0,70.044
1790188201.6414819,/orders/notifications,0,30.419
1790188201.6442208,/orders?limit=10&offset=0,0,25.412
1790188201.644577,/orders?limit=10&offset=0,0,59.135
1790188201.646317,/orders/notifications,0,59.599
1790188201.647145,/orders?limit=10&offset=0,0,39.453
1790188201.6483,/orders?limit=10&offset=0,0,71.937
1790188201.6537971,/orders/notifications,0,22.4
1790188201.654495,/orders/stats,0,33.03
1790188201.654994,/orders?limit=10&offset=0,0,77.482
1790188201.655749,/orders?limit=10&offset=0,0,53.696
1790188201.6581671,/orders?limit=10&offset=0,0,20.908
1790188201.6586099,/orders?limit=10&offset=0,0,53.336
1790188201.6626801,/orders/stats,0,33.804
1790188201.6632059,/orders?limit=10&offset=0,0,91.128
1790188201.6676,/orders/stats,0,22.995
1790188201.670649,/orders/stats,0,7.427
1790188201.670942,/orders?limit=10&offset=0,0,72.088
1790188201.673228,/orders/notifications,0,93.017
1790188201.674353,/orders/notifications,0,68.805
1790188201.6746502,/orders/notifications,0,3.987
1790188201.6765661,/orders/notifications,0,59.069
1790188201.676985,/orders/stats,0,36.168
1790188201.677374,/orders/stats,0,60.875
1790188201.677686,/orders/notifications,0,51.957
1790188201.6795158,/orders?limit=10&offset=0,0,60.301
1790188201.6799161,/orders/stats,0,58.744
1790188201.680193,/orders/notifications,0,51.043
1790188201.685088,/orders?limit=10&offset=0,0,62.381
1790188201.6856132,/orders?limit=10&offset=0,0,31.8
1790188201.685876,/orders/stats,0,95.896
1790188201.6861389,/orders/stats,0,64.098
1790188201.686848,/orders/notifications,0,65.097
1790188201.687788,/orders/stats,0,70.759
1790188201.688096,/orders/notifications,0,63.287
1790188201.688429,/orders?limit=10&offset=0,0,74.807
1790188201.6886961,/orders/stats,0,49.158
1790188201.690424,/orders/stats,0,32.241
1790188201.691735,/orders/stats,0,47.498
1790188201.69288,/orders/stats,0,92.087
1790188201.693553,/orders?limit=10&offset=0,0,15.856
1790188201.695494,/orders?limit=10&offset=0,0,163.602
1790188201.6958752,/orders/stats,0,40.863
1790188201.6963131,/orders/stats,0,40.551
1790188201.696699,/orders/notifications,0,42.19
1790188201.702726,/orders/stats,0,44.1
1790188201.7052171,/orders?limit=10&offset=0,0,63.724
1790188201.705605,/orders/stats,0,57.288
1790188201.705835,/orders/stats,0,97.869
1790188201.706424,/orders/notifications,0,29.426
1790188201.706918,/orders?limit=10&offset=0,0,32.549
1790188201.7072089,/orders/notifications,0,44.513
1790188201.7074702,/orders?limit=10&offset=0,0,143.582
1790188201.707731,/orders/stats,0,66.514
1790188201.711741,/orders/stats,0,87.478
1790188201.712119,/orders/notifications,0,44.481
1790188201.718535,/orders/notifications,0,79.648
1790188201.7188668,/orders/notifications,0,32.982
1790188201.719779,/orders?limit=10&offset=0,0,46.536
1790188201.720132,/orders/notifications,0,32.332
1790188201.7203572,/orders/stats,0,106.381
1790188201.720672,/orders/notifications,0,92.173
1790188201.726465,/orders?limit=10&offset=0,0,105.711
1790188201.726759,/orders/stats,0,154.99
1790188201.727186,/orders?limit=10&offset=0,0,80.85
1790188201.727485,/orders/stats,0,231.67
1790188201.727804,/orders/stats,0,80.641
1790188201.728102,/orders?limit=10&offset=0,0,94.855
1790188201.728425,/orders?limit=10&offset=0,0,53.764
1790188201.730966,/orders/notifications,0,38.05
1790188201.736074,/orders/stats,0,42.508
1790188201.7363698,/orders/notifications,0,56.442
1790188201.736634,/orders/stats,0,51.01
1790188201.7375202,/orders/stats,0,112.334
1790188201.737875,/orders?limit=10&offset=0,0,57.672
1790188201.738283,/orders/stats,0,31.349
1790188201.738521,/orders?limit=10&offset=0,0,104.494
1790188201.7400901,/orders?limit=10&offset=0,0,51.981
1790188201.742989,/orders/notifications,0,51.227
1790188201.744024,/orders/notifications,0,17.254
1790188201.744884,/orders/notifications,0,39.267
1790188201.746187,/orders/stats,0,50.671
1790188201.746523,/orders/notifications,0,218.721
1790188201.7470222,/orders/notifications,0,50.696
1790188201.747342,/orders/stats,0,62.236
1790188201.75221,/orders?limit=10&offset=0,0,65.348
1790188201.7538,/orders/notifications,0,42.041
1790188201.754617,/orders?limit=10&offset=0,0,35.739
1790188201.755129,/orders?limit=10&offset=0,0,36.574
1790188201.755401,/orders/stats,0,35.61
1790188201.755733,/orders?limit=10&offset=0,0,79.152
1790188201.7599201,/orders?limit=10&offset=0,0,52.693
1790188201.7604291,/orders/stats,0,33.949
1790188201.7607949,/orders/stats,0,53.314
1790188201.7611148,/orders?limit=10&offset=0,0,54.678
1790188201.761343,/orders/stats,0,81.811
1790188201.761805,/orders/stats,0,90.852
1790188201.7620218,/orders/stats,0,125.377
1790188201.76408,/orders/notifications,0,77.929
1790188201.7655911,/orders?limit=10&offset=0,0,34.602
1790188201.76617,/orders/notifications,0,30.078
1790188201.766704,/orders/notifications,0,89.312
1790188201.767211,/orders/stats,0,29.323
1790188201.7718039,/orders/stats,0,17.172
1790188201.772237,/orders/stats,0,44.122
1790188201.772487,/orders/stats,0,32.383
1790188201.773058,/orders/notifications,0,45.241
1790188201.7736802,/orders/stats,0,133.879
1790188201.777559,/orders?limit=10&offset=0,0,65.425
1790188201.778002,/orders?limit=10&offset=0,0,30.967
1790188201.7782788,/orders/notifications,0,41.636
1790188201.7786329,/orders/stats,0,26.405
1790188201.78107,/orders/stats,0,15.456
1790188201.78271,/orders?limit=10&offset=0,0,62.025
1790188201.7831419,/orders/stats,0,27.997
1790188201.7838562,/orders/notifications,0,95.147
1790188201.784142,/orders?limit=10&offset=0,0,30.33
1790188201.788219,/orders/notifications,0,80.475
1790188201.7901561,/orders/notifications,0,52.621
1790188201.791005,/orders/notifications,0,52.708
1790188201.791471,/orders/stats,0,86.238
1790188201.791741,/orders/stats,0,53.209
1790188201.792449,/orders/notifications,0,30.633
1790188201.795605,/orders/stats,0,68.406
1790188201.796042,/orders/stats,0,40.296
1790188201.796354,/orders?limit=10&offset=0,0,52.284
1790188201.796608,/orders?limit=10&offset=0,0,51.711
1790188201.7968352,/orders/notifications,0,41.425
1790188201.7970638,/orders/notifications,0,36.624
1790188201.797994,/orders/notifications,0,37.186
1790188201.7987661,/orders/notifications,0,26.267
1790188201.8023229,/orders/notifications,0,40.967
1790188201.8028858,/orders/notifications,0,55.531
1790188201.803185,/orders?limit=10&offset=0,0,106.473
1790188201.8034601,/orders/stats,0,115.019
1790188201.804311,/orders/notifications,0,32.494
1790188201.805828,/orders?limit=10&offset=0,0,85.684
1790188201.806384,/orders/notifications,0,78.886
1790188201.8072,/orders/notifications,0,111.31
1790188201.8074691,/orders?limit=10&offset=0,0,64.444
1790188201.807754,/orders/notifications,0,40.527
1790188201.808195,/orders?limit=10&offset=0,0,19.961
1790188201.810248,/orders?limit=10&offset=0,0,19.227
1790188201.811271,/orders?limit=10&offset=0,0,38.197
1790188201.8116071,/orders/notifications,0,39.358
1790188201.812819,/orders/notifications,0,31.726
1790188201.8131268,/orders/notifications,0,66.924
1790188201.813727,/orders?limit=10&offset=0,0,67.191
1790188201.816362,/orders/notifications,0,113.601
1790188201.817467,/orders?limit=10&offset=0,0,50.742
1790188201.8203678,/orders?limit=10&offset=0,0,16.044
1790188201.822527,/orders/notifications,0,26.907
1790188201.822807,/orders?limit=10&offset=0,0,15.042
1790188201.823332,/orders?limit=10&offset=0,0,86.951
1790188201.823614,/orders?limit=10&offset=0,0,26.767
1790188201.82386,/orders?limit=10&offset=0,0,12.241
1790188201.824331,/orders/notifications,0,50.637
1790188201.826905,/orders/stats,0,49.33
1790188201.8292532,/orders?limit=10&offset=0,0,12.865
1790188201.830487,/orders/stats,0,47.76
1790188201.831897,/orders/stats,0,24.414
1790188201.833329,/orders?limit=10&offset=0,0,49.458
1790188201.834135,/orders/stats,0,105.686
1790188201.834501,/orders/stats,0,73.375
1790188201.837238,/orders/stats,0,26.954
1790188201.83786,/orders?limit=10&offset=0,0,73.76
1790188201.83817,/orders/notifications,0,117.799
1790188201.8384159,/orders/notifications,0,76.384
1790188201.839005,/orders/stats,0,60.992
1790188201.839401,/orders?limit=10&offset=0,0,26.263
1790188201.8406668,/orders/stats,0,23.183
1790188201.84096,/orders?limit=10&offset=0,0,62.671
1790188201.841608,/orders?limit=10&offset=0,0,34.392
1790188201.841872,/orders/stats,0,36.03
1790188201.842311,/orders/notifications,0,50.559
1790188201.845748,/orders/stats,0,49.128
1790188201.846901,/orders/stats,0,23.555
1790188201.847209,/orders/stats,0,44.014
1790188201.8552032,/orders?limit=10&offset=0,0,52.3
1790188201.855644,/orders?limit=10&offset=0,0,31.3
1790188201.8560152,/orders?limit=10&offset=0,0,43.181
1790188201.856288,/orders?limit=10&offset=0,0,66.118
1790188201.8565602,/orders/stats,0,42.819
1790188201.8584251,/orders/notifications,0,75.266
1790188201.859374,/orders/stats,0,99.425
1790188201.8604858,/orders/stats,0,40.083
1790188201.8623402,/orders?limit=10&offset=0,0,65.263
1790188201.8626938,/orders/notifications,0,28.182
1790188201.8630211,/orders?limit=10&offset=0,0,60.681
1790188201.863281,/orders/stats,0,39.41
1790188201.8640482,/orders?limit=10&offset=0,0,41.505
1790188201.8654552,/orders/stats,0,42.634
1790188201.868299,/orders/notifications,0,64.826
1790188201.869299,/orders?limit=10&offset=0,0,31.117
1790188201.871344,/orders?limit=10&offset=0,0,78.881
1790188201.871765,/orders/stats,0,87.614
1790188201.8724968,/orders/notifications,0,31.816
1790188201.872779,/orders/stats,0,33.366
1790188201.873056,/orders?limit=10&offset=0,0,30.734
1790188201.873313,/orders/stats,0,17.654
1790188201.873982,/orders/stats,0,77.616
1790188201.8742578,/orders/notifications,0,78.201
1790188201.877193,/orders?limit=10&offset=0,0,111.006
1790188201.877573,/orders?limit=10&offset=0,0,79.561
1790188201.8795469,/orders/notifications,0,52.623
1790188201.880012,/orders/notifications,0,33.096
1790188201.88037,/orders?limit=10&offset=0,0,73.97
1790188201.881599,/orders/notifications,0,175.749
1790188201.884117,/orders?limit=10&offset=0,0,85.331
1790188201.884628,/orders/notifications,0,45.608
1790188201.886931,/orders?limit=10&offset=0,0,14.406
1790188201.887222,/orders/notifications,0,26.709
1790188201.887566,/orders/notifications,0,50.313
1790188201.88911,/orders/stats,0,25.046
1790188201.893478,/orders/stats,0,37.178
1790188201.893877,/orders/stats,0,38.632
1790188201.894254,/orders/notifications,0,52.371
1790188201.894528,/orders?limit=10&offset=0,0,36.075
1790188201.8948128,/orders/stats,0,65.545
1790188201.897723,/orders/notifications,0,65.802
1790188201.8989298,/orders/notifications,0,208.489
1790188201.899492,/orders?limit=10&offset=0,0,25.218
1790188201.9022279,/orders/notifications,0,38.933
1790188201.9026,/orders/stats,0,18.459
1790188201.9028292,/orders/stats,0,64.955
1790188201.9030669,/orders?limit=10&offset=0,0,40.362
1790188201.903434,/orders/notifications,0,57.673
1790188201.904021,/orders/stats,0,92.736
1790188201.905646,/orders/stats,0,97.439
1790188201.905942,/orders/notifications,0,33.149
1790188201.90625,/orders/notifications,0,34.473
1790188201.906786,/orders/notifications,0,13.293
1790188201.907233,/orders/stats,0,65.611
1790188201.907594,/orders/notifications,0,18.468
1790188201.907939,/orders/notifications,0,34.615
1790188201.91062,/orders/notifications,0,36.61
1790188201.910987,/orders/stats,0,48.632
1790188201.913142,/orders/stats,0,35.932
1790188201.9139662,/orders/stats,0,44.649
1790188201.91433,/orders?limit=10&offset=0,0,16.577
1790188201.915027,/orders/notifications,0,136.379
1790188201.916064,/orders/notifications,0,13.446
1790188201.920852,/orders/notifications,0,26.027
1790188201.921174,/orders/stats,0,87.822
1790188201.9216142,/orders/notifications,0,87.458
1790188201.92197,/orders?limit=10&offset=0,0,14.02
1790188201.922365,/orders?limit=10&offset=0,0,37.705
1790188201.924514,/orders/stats,0,25.007
1790188201.925351,/orders/stats,0,47.761
1790188201.9257321,/orders/stats,0,84.76
1790188201.927901,/orders/stats,0,24.822
1790188201.928447,/orders?limit=10&offset=0,0,48.42
1790188201.928755,/orders?limit=10&offset=0,0,34.489
1790188201.929301,/orders/stats,0,57.944
1790188201.932647,/orders?limit=10&offset=0,0,25.028
1790188201.93594,/orders/notifications,0,24.939
1790188201.9363132,/orders/notifications,0,70.842
1790188201.936563,/orders/stats,0,73.532
1790188201.9368582,/orders/notifications,0,15.672
1790188201.937105,/orders/stats,0,81.079
1790188201.9374661,/orders/stats,0,50.518
1790188201.937706,/orders/stats,0,114.08
1790188201.938,/orders?limit=10&offset=0,0,99.572
1790188201.9401002,/orders?limit=10&offset=0,0,34.146
1790188201.940586,/orders/notifications,0,33.316
1790188201.941222,/orders/stats,0,68.154
1790188201.9414861,/orders?limit=10&offset=0,0,26.44
1790188201.942017,/orders/stats,0,61.636
1790188201.9424791,/orders/notifications,0,28.5
1790188201.9434571,/orders/notifications,0,37.796
1790188201.9438,/orders/notifications,0,96.578
1790188201.9450822,/orders?limit=10&offset=0,0,34.445
1790188201.94589,/orders/notifications,0,16.576
1790188201.946195,/orders/notifications,0,86.803
1790188201.9465349,/orders?limit=10&offset=0,0,47.59
1790188201.946839,/orders/notifications,0,90.266
1790188201.947092,/orders/notifications,0,116.588
1790188201.9522078,/orders?limit=10&offset=0,0,70.587
1790188201.952736,/orders/stats,0,58.198
1790188201.953077,/orders?limit=10&offset=0,0,49.632
1790188201.9533288,/orders?limit=10&offset=0,0,37.244
1790188201.955415,/orders?limit=10&offset=0,0,49.153
1790188201.95588,/orders?limit=10&offset=0,0,68.647
1790188201.9561331,/orders/notifications,0,14.898
1790188201.960024,/orders?limit=10&offset=0,0,23.696
1790188201.960505,/orders?limit=10&offset=0,0,23.628
1790188201.9608471,/orders/notifications,0,35.104
1790188201.96109,/orders/notifications,0,47.933
1790188201.9613252,/orders/notifications,0,67.435
1790188201.961707,/orders?limit=10&offset=0,0,14.604
1790188201.9627159,/orders?limit=10&offset=0,0,16.507
1790188201.963091,/orders/notifications,0,25.611
1790188201.963375,/orders/notifications,0,35.46
1790188201.9639392,/orders/stats,0,25.929
1790188201.965158,/orders?limit=10&offset=0,0,43.529
1790188201.970272,/orders/notifications,0,28.242
1790188201.970696,/orders?limit=10&offset=0,0,68.449
1790188201.970992,/orders/stats,0,38.317
1790188201.9714692,/orders?limit=10&offset=0,0,27.998
1790188201.9717388,/orders/notifications,0,35.158
1790188201.972127,/orders/notifications,0,69.285
1790188201.9728582,/orders?limit=10&offset=0,0,26.955
1790188201.973184,/orders/notifications,0,47.82
1790188201.9740689,/orders/notifications,0,36.352
1790188201.975413,/orders?limit=10&offset=0,0,14.312
1790188201.978058,/orders?limit=10&offset=0,0,14.955
1790188201.97839,/orders?limit=10&offset=0,0,57.524
1790188201.97915,/orders/stats,0,13.97
1790188201.979427,/orders?limit=10&offset=0,0,111.112
1790188201.980354,/orders?limit=10&offset=0,0,36.543
1790188201.9838998,/orders/stats,0,28.463
1790188201.984426,/orders/stats,0,39.329
1790188201.98608,/orders/stats,0,39.531
1790188201.987944,/orders/notifications,0,196.457
1790188201.988506,/orders?limit=10&offset=0,0,100.928
1790188201.9887831,/orders/stats,0,60.292
1790188201.989061,/orders/stats,0,36.838
1790188201.989876,/orders/stats,0,61.11
1790188201.990889,/orders?limit=10&offset=0,0,54.931
1790188201.991431,/orders/stats,0,69.054
1790188201.994911,/orders/notifications,0,90.876
1790188201.995435,/orders?limit=10&offset=0,0,34.576
1790188201.996306,/orders/notifications,0,11.867
1790188201.9973812,/orders/stats,0,44.289
1790188201.997707,/orders/notifications,0,33.755
1790188201.998913,/orders?limit=10&offset=0,0,58.312
1790188202.002152,/orders/stats,0,87.807
1790188202.002671,/orders?limit=10&offset=0,0,14.711
1790188202.0029938,/orders/stats,0,49.651
1790188202.003235,/orders/stats,0,24.835
1790188202.005728,/orders?limit=10&offset=0,0,58.878
1790188202.006602,/orders/notifications,0,16.712
1790188202.006886,/orders?limit=10&offset=0,0,36.6
1790188202.00712,/orders/notifications,0,23.196
1790188202.007364,/orders/notifications,0,70.249
1790188202.007715,/orders/stats,0,47.152
1790188202.008218,/orders/notifications,0,55.469
1790188202.008836,/orders/stats,0,47.113
1790188202.009089,/orders/stats,0,68.976
1790188202.01197,/orders/stats,0,33.896
1790188202.012285,/orders/stats,0,23.767
1790188202.012833,/orders/stats,0,33.395
1790188202.013494,/orders/notifications,0,34.328
1790188202.0176342,/orders/stats,0,57.588
1790188202.019669,/orders?limit=10&offset=0,0,47.918
1790188202.019989,/orders/stats,0,44.513
1790188202.020237,/orders/stats,0,29.334
1790188202.0204558,/orders/stats,0,57.723
1790188202.020704,/orders?limit=10&offset=0,0,47.48
1790188202.021219,/orders?limit=10&offset=0,0,114.421
1790188202.022943,/orders/notifications,0,98.413
1790188202.02322,/orders/stats,0,27.773
1790188202.023519,/orders/stats,0,52.812
1790188202.024365,/orders/stats,0,25.432
1790188202.024705,/orders?limit=10&offset=0,0,68.561
1790188202.02737,/orders/stats,0,55.887
1790188202.029303,/orders/stats,0,87.802
1790188202.0297542,/orders/notifications,0,16.908
1790188202.030457,/orders/notifications,0,22.728
1790188202.033491,/orders?limit=10&offset=0,0,26.113
1790188202.0355158,/orders?limit=10&offset=0,0,155.95
1790188202.03583,/orders?limit=10&offset=0,0,40.904
1790188202.0376189,/orders/notifications,0,17.359
1790188202.0381188,/orders/notifications,0,26.133
1790188202.038503,/orders/notifications,0,36.335
1790188202.0397189,/orders/notifications,0,16.189
1790188202.040204,/orders/notifications,0,54.11
1790188202.04317,/orders?limit=10&offset=0,0,79.771
1790188202.0435798,/orders?limit=10&offset=0,0,36.964
1790188202.045609,/orders/stats,0,25.924
1790188202.045923,/orders/notifications,0,57.129
1790188202.0462132,/orders/notifications,0,37.113
1790188202.04648,/orders?limit=10&offset=0,0,50.159
1790188202.0467699,/orders/notifications,0,37.923
1790188202.05069,/orders/stats,0,14.843
1790188202.051309,/orders/stats,0,30.594
1790188202.054789,/orders?limit=10&offset=0,0,31.831
1790188202.055085,/orders/notifications,0,51.838
1790188202.0555,/orders?limit=10&offset=0,0,83.36
1790188202.055837,/orders/stats,0,50.096
1790188202.056117,/orders/stats,0,75.749
1790188202.056702,/orders/stats,0,83.828
1790188202.057015,/orders/notifications,0,33.784
1790188202.059822,/orders?limit=10&offset=0,0,51.577
1790188202.0618172,/orders/notifications,0,64.416
1790188202.064029,/orders/notifications,0,61.02
1790188202.065202,/orders/stats,0,40.484
1790188202.068922,/orders?limit=10&offset=0,0,94.837
1790188202.069314,/orders?limit=10&offset=0,0,107.978
1790188202.0696268,/orders/notifications,0,42.243
1790188202.069995,/orders/notifications,0,57.699
1790188202.0702562,/orders/notifications,0,78.812
1790188202.071338,/orders/stats,0,149.353
1790188202.0718951,/orders/stats,0,28.695
1790188202.0725062,/orders?limit=10&offset=0,0,130.012
1790188202.073893,/orders/notifications,0,84.82
1790188202.0742998,/orders/notifications,0,54.299
1790188202.074774,/orders/notifications,0,29.148
1790188202.075099,/orders/stats,0,119.206
1790188202.078033,/orders?limit=10&offset=0,0,31.248
1790188202.0799649,/orders?limit=10&offset=0,0,40.231
1790188202.082152,/orders/notifications,0,64.497
1790188202.08416,/orders/stats,0,77.255
1790188202.084933,/orders?limit=10&offset=0,0,77.568
1790188202.088923,/orders?limit=10&offset=0,0,91.199
1790188202.089262,/orders/notifications,0,17.349
1790188202.0895271,/orders/stats,0,56.007
1790188202.089804,/orders/stats,0,43.314
1790188202.0900428,/orders/stats,0,87.361
1790188202.090383,/orders?limit=10&offset=0,0,44.159
1790188202.0911381,/orders/notifications,0,120.135
1790188202.0936162,/orders/notifications,0,42.273
1790188202.094198,/orders/stats,0,39.396
1790188202.094473,/orders?limit=10&offset=0,0,55.959
1790188202.0959492,/orders?limit=10&offset=0,0,82.44
1790188202.0962539,/orders/notifications,0,40.127
1790188202.096531,/orders/notifications,0,40.682
1790188202.0968971,/orders/stats,0,16.915
1790188202.1036632,/orders?limit=10&offset=0,0,21.49
1790188202.105491,/orders?limit=10&offset=0,0,35.188
1790188202.106411,/orders?limit=10&offset=0,0,36.768
1790188202.106684,/orders/stats,0,34.166
1790188202.10725,/orders/stats,0,71.716
1790188202.107581,/orders/stats,0,86.35
1790188202.108431,/orders?limit=10&offset=0,0,34.523
1790188202.1111722,/orders?limit=10&offset=0,0,73.04
1790188202.1119812,/orders/notifications,0,46.762
1790188202.112868,/orders/stats,0,43.54
1790188202.113173,/orders?limit=10&offset=0,0,43.167
1790188202.118284,/orders?limit=10&offset=0,0,43.468
1790188202.11877,/orders?limit=10&offset=0,0,88.298
1790188202.119033,/orders?limit=10&offset=0,0,29.758
1790188202.119273,/orders/stats,0,59.415
1790188202.1195688,/orders?limit=10&offset=0,0,45.258
1790188202.121692,/orders/notifications,0,2.409
1790188202.122136,/orders/stats,0,31.742
1790188202.122881,/orders?limit=10&offset=0,0,85.241
1790188202.123143,/orders/notifications,0,51.791
1790188202.123601,/orders?limit=10&offset=0,0,93.834
1790188202.123858,/orders?limit=10&offset=0,0,77.922
1790188202.124129,/orders/stats,0,80.538
1790188202.1243808,/orders/stats,0,28.416
1790188202.124852,/orders/stats,0,55.913
1790188202.1294878,/orders/notifications,0,105.103
1790188202.129825,/orders/stats,0,74.313
1790188202.130101,/orders?limit=10&offset=0,0,68.269
1790188202.130502,/orders/notifications,0,23.806
1790188202.132247,/orders?limit=10&offset=0,0,75.218
1790188202.1329331,/orders/notifications,0,25.666
1790188202.133655,/orders/stats,0,55.597
1790188202.135527,/orders?limit=10&offset=0,0,95.307
1790188202.136013,/orders/stats,0,17.23
1790188202.136415,/orders?limit=10&offset=0,0,45.264
1790188202.137411,/orders/notifications,0,116.944
1790188202.137849,/orders?limit=10&offset=0,0,41.307
1790188202.138336,/orders?limit=10&offset=0,0,26.34
1790188202.138644,/orders/notifications,0,63.535
1790188202.139143,/orders/stats,0,25.96
1790188202.1406348,/orders/notifications,0,51.095
1790188202.140958,/orders/notifications,0,51.143
1790188202.14121,/orders/notifications,0,33.617
1790188202.1439328,/orders/notifications,0,49.722
1790188202.144737,/orders?limit=10&offset=0,0,80.691
1790188202.145746,/orders/notifications,0,61.557
1790188202.149067,/orders/stats,0,12.638
1790188202.149696,/orders/notifications,0,27.545
1790188202.151961,/orders/stats,0,29.066
1790188202.152343,/orders/stats,0,63.405
1790188202.152632,/orders/stats,0,47.127
1790188202.154579,/orders/notifications,0,64.524
1790188202.155707,/orders?limit=10&offset=0,0,14.485
1790188202.1562939,/orders/stats,0,71.344
1790188202.156718,/orders?limit=10&offset=0,0,60.452
1790188202.1574242,/orders/notifications,0,44.537
1790188202.157716,/orders/notifications,0,128.396
1790188202.1580641,/orders/notifications,0,61.155
1790188202.158323,/orders?limit=10&offset=0,0,36.615
1790188202.158738,/orders/stats,0,23.195
1790188202.159203,/orders/notifications,0,108.469
1790188202.161401,/orders/notifications,0,37.26
1790188202.161726,/orders/stats,0,43.422
1790188202.162436,/orders?limit=10&offset=0,0,12.716
1790188202.163946,/orders/stats,0,44.901
1790188202.165056,/orders/stats,0,56.61
1790188202.167828,/orders/notifications,0,111.111
1790188202.169693,/orders?limit=10&offset=0,0,40.188
1790188202.1699898,/orders?limit=10&offset=0,0,114.893
1790188202.170326,/orders?limit=10&offset=0,0,29.357
1790188202.171208,/orders/stats,0,67.525
1790188202.172111,/orders?limit=10&offset=0,0,48.956
1790188202.1726809,/orders?limit=10&offset=0,0,28.733
1790188202.173012,/orders?limit=10&offset=0,0,35.589
1790188202.174182,/orders/stats,0,36.319
1790188202.174498,/orders/stats,0,68.074
1790188202.1776361,/orders?limit=10&offset=0,0,84.003
1790188202.17824,/orders/stats,0,48.125
1790188202.17857,/orders/notifications,0,16.833
1790188202.179604,/orders/stats,0,85.117
1790188202.179927,/orders/notifications,0,46.244
1790188202.182941,/orders/notifications,0,58.536
1790188202.184221,/orders?limit=10&offset=0,0,38.456
1790188202.1850948,/orders/notifications,0,28.788
1790188202.1853309,/orders?limit=10&offset=0,0,30.74
1790188202.187735,/orders/stats,0,49.386
1790188202.1880362,/orders/notifications,0,38.951
1790188202.18827,/orders?limit=10&offset=0,0,26.855
1790188202.188632,/orders/notifications,0,49.478
1790188202.189472,/orders/stats,0,78.286
1790188202.189906,/orders/stats,0,27.456
1790188202.190262,/orders/stats,0,45.511
1790188202.190971,/orders/stats,0,58.705
1790188202.191264,/orders/stats,0,67.65
1790188202.191534,/orders?limit=10&offset=0,0,23.69
1790188202.1918578,/orders/stats,0,72.278
1790188202.192076,/orders/notifications,0,28.11
1790188202.195724,/orders?limit=10&offset=0,0,37.648
1790188202.1963708,/orders?limit=10&offset=0,0,37.151
1790188202.196724,/orders?limit=10&offset=0,0,38.994
1790188202.197105,/orders/notifications,0,38.356
1790188202.197431,/orders?limit=10&offset=0,0,58.776
1790188202.19872,/orders/notifications,0,46.074
1790188202.199906,/orders?limit=10&offset=0,0,59.253
1790188202.2004092,/orders?limit=10&offset=0,0,69.889
1790188202.203991,/orders/stats,0,34.284
1790188202.204318,/orders/stats,0,80.45
1790188202.2049322,/orders?limit=10&offset=0,0,16.885
1790188202.206284,/orders/notifications,0,26.664
1790188202.2080798,/orders/notifications,0,55.724
1790188202.208961,/orders/notifications,0,79.123
1790188202.211869,/orders/notifications,0,33.611
1790188202.212554,/orders?limit=10&offset=0,0,33.97
1790188202.212853,/orders/notifications,0,76.822
1790188202.213144,/orders/notifications,0,22.161
1790188202.215055,/orders/stats,0,58.324
1790188202.21577,/orders?limit=10&offset=0,0,23.679
1790188202.216318,/orders/notifications,0,91.446
1790188202.22076,/orders/stats,0,48.633
1790188202.221161,/orders/stats,0,48.463
1790188202.221406,/orders/stats,0,36.066
1790188202.221726,/orders/notifications,0,69.749
1790188202.228779,/orders?limit=10&offset=0,0,19.802
1790188202.2291389,/orders/notifications,0,39.221
1790188202.229393,/orders/notifications,0,41.644
1790188202.229692,/orders/stats,0,59.691
1790188202.23007,/orders/stats,0,59.732
1790188202.2303958,/orders/stats,0,30.468
1790188202.2348459,/orders/stats,0,57.189
1790188202.2361221,/orders/notifications,0,64.899
1790188202.236494,/orders?limit=10&offset=0,0,56.557
1790188202.238299,/orders?limit=10&offset=0,0,55.333
1790188202.238605,/orders/stats,0,54.353
1790188202.239097,/orders/stats,0,66.074
1790188202.2399302,/orders?limit=10&offset=0,0,23.592
1790188202.240578,/orders/notifications,0,66.066
1790188202.2409668,/orders?limit=10&offset=0,0,43.85
1790188202.2413492,/orders/stats,0,45.61
1790188202.2417989,/orders?limit=10&offset=0,0,43.062
1790188202.24485,/orders/stats,0,53.304
1790188202.245375,/orders/notifications,0,54.1
1790188202.2456691,/orders?limit=10&offset=0,0,57.026
1790188202.246173,/orders/stats,0,33.605
1790188202.2466052,/orders/notifications,0,42.598
1790188202.252341,/orders/notifications,0,6.152
1790188202.252661,/orders/stats,0,14.349
1790188202.252949,/orders/stats,0,56.213
1790188202.254699,/orders/notifications,0,15.59
1790188202.255688,/orders/notifications,0,14.326
1790188202.2561018,/orders?limit=10&offset=0,0,98.663
1790188202.25635,/orders/notifications,0,26.646
1790188202.256704,/orders/stats,0,100.983
1790188202.25851,/orders/notifications,0,43.437
1790188202.259695,/orders?limit=10&offset=0,0,46.537
1790188202.259993,/orders?limit=10&offset=0,0,127.042
1790188202.262499,/orders/notifications,0,97.427
1790188202.263384,/orders/notifications,0,42.607
1790188202.264129,/orders/stats,0,66.685
1790188202.2665422,/orders/notifications,0,74.67
1790188202.266918,/orders/stats,0,70.532
1790188202.269213,/orders/stats,0,27.401
1790188202.269495,/orders/stats,0,81.213
1790188202.269888,/orders/stats,0,69.463
1790188202.271127,/orders/notifications,0,66.797
1790188202.27154,/orders/stats,0,55.751
1790188202.273591,/orders?limit=10&offset=0,0,88.483
1790188202.274365,/orders/notifications,0,35.747
1790188202.274796,/orders/stats,0,33.817
1790188202.275116,/orders?limit=10&offset=0,0,34.524
1790188202.276149,/orders/notifications,0,85.874
1790188202.276808,/orders/notifications,0,87.322
1790188202.279443,/orders/stats,0,74.496
1790188202.282273,/orders/notifications,0,15.334
1790188202.2859578,/orders/notifications,0,111.759
1790188202.28627,/orders?limit=10&offset=0,0,30.569
1790188202.286583,/orders/stats,0,50.054
1790188202.2868228,/orders/notifications,0,17.317
1790188202.2871099,/orders?limit=10&offset=0,0,50.975
1790188202.287746,/orders/notifications,0,57.661
1790188202.289721,/orders?limit=10&offset=0,0,81.626
1790188202.290369,/orders/notifications,0,68.952
1790188202.290855,/orders?limit=10&offset=0,0,61.45
1790188202.2911072,/orders?limit=10&offset=0,0,32.584
1790188202.291355,/orders?limit=10&offset=0,0,62.205
1790188202.292192,/orders?limit=10&offset=0,0,70.454
1790188202.29383,/orders?limit=10&offset=0,0,30.431
1790188202.2942111,/orders/notifications,0,22.66
1790188202.29467,/orders/stats,0,136.32
1790188202.2949739,/orders?limit=10&offset=0,0,83.09
1790188202.296285,/orders/notifications,0,27.055
1790188202.296602,/orders/notifications,0,66.193
1790188202.296865,/orders?limit=10&offset=0,0,90.567
1790188202.2971961,/orders/notifications,0,27.297
1790188202.300927,/orders?limit=10&offset=0,0,29.78
1790188202.301377,/orders?limit=10&offset=0,0,49.02
1790188202.3018181,/orders/notifications,0,80.646
1790188202.304489,/orders/stats,0,64.546
1790188202.305352,/orders?limit=10&offset=0,0,38.793
1790188202.306058,/orders?limit=10&offset=0,0,43.537
1790188202.309317,/orders?limit=10&offset=0,0,33.148
1790188202.310158,/orders/notifications,0,65.294
1790188202.3104692,/orders/stats,0,64.784
1790188202.3130429,/orders?limit=10&offset=0,0,66.424
1790188202.3133812,/orders/stats,0,27.099
1790188202.313983,/orders?limit=10&offset=0,0,101.115
1790188202.3143811,/orders/stats,0,85.583
1790188202.319634,/orders?limit=10&offset=0,0,45.254
1790188202.31996,/orders/notifications,0,67.0
1790188202.32027,/orders/notifications,0,56.126
1790188202.321375,/orders/stats,0,31.64
1790188202.32222,/orders?limit=10&offset=0,0,67.506
1790188202.322895,/orders/stats,0,30.69
1790188202.323159,/orders?limit=10&offset=0,0,77.769
1790188202.323762,/orders/stats,0,32.395
1790188202.3241432,/orders/stats,0,68.029
1790188202.3245,/orders/notifications,0,89.637
1790188202.3280141,/orders/notifications,0,41.419
1790188202.3283288,/orders/stats,0,68.616
1790188202.328789,/orders/stats,0,27.832
1790188202.3292959,/orders/stats,0,32.419
1790188202.329845,/orders?limit=10&offset=0,0,43.011
1790188202.33459,/orders?limit=10&offset=0,0,46.83
1790188202.335744,/orders/notifications,0,60.935
1790188202.3360908,/orders/stats,0,45.222
1790188202.336457,/orders?limit=10&offset=0,0,34.626
1790188202.33677,/orders?limit=10&offset=0,0,46.386
1790188202.337041,/orders/stats,0,31.675
1790188202.337353,/orders/notifications,0,57.893
1790188202.33967,/orders/stats,0,79.665
1790188202.339941,/orders/notifications,0,83.225
1790188202.340528,/orders?limit=10&offset=0,0,46.305
1790188202.3408031,/orders/notifications,0,46.121
1790188202.341107,/orders/notifications,0,30.626
1790188202.3414028,/orders?limit=10&offset=0,0,44.195
1790188202.347344,/orders/stats,0,53.496
1790188202.3477418,/orders/stats,0,13.136
1790188202.353832,/orders/stats,0,40.769
1790188202.35434,/orders?limit=10&offset=0,0,57.726
1790188202.3566,/orders/notifications,0,42.207
1790188202.3574662,/orders/stats,0,82.338
1790188202.3577971,/orders?limit=10&offset=0,0,80.887
1790188202.361322,/orders?limit=10&offset=0,0,41.35
1790188202.3617249,/orders/stats,0,66.739
1790188202.362015,/orders/stats,0,52.682
1790188202.362345,/orders/notifications,0,40.957
1790188202.3626099,/orders/notifications,0,58.088
1790188202.36853,/orders/notifications,0,44.345
1790188202.368917,/orders/notifications,0,21.153
1790188202.369247,/orders?limit=10&offset=0,0,44.736
1790188202.369527,/orders?limit=10&offset=0,0,32.164
1790188202.3698041,/orders?limit=10&offset=0,0,29.853
1790188202.370063,/orders/notifications,0,56.67
1790188202.371861,/orders/notifications,0,43.058
1790188202.372194,/orders/stats,0,85.059
1790188202.3725991,/orders/stats,0,81.48
1790188202.3733902,/orders?limit=10&offset=0,0,16.775
1790188202.373931,/orders?limit=10&offset=0,0,33.116
1790188202.374217,/orders/stats,0,32.803
1790188202.374462,/orders/notifications,0,45.154
1790188202.3770869,/orders?limit=10&offset=0,0,56.805
1790188202.379421,/orders/stats,0,42.635
1790188202.379949,/orders/notifications,0,40.266
1790188202.380245,/orders?limit=10&offset=0,0,97.953
1790188202.380954,/orders?limit=10&offset=0,0,84.653
1790188202.385919,/orders/stats,0,31.563
1790188202.386255,/orders/stats,0,5.998
1790188202.388709,/orders?limit=10&offset=0,0,18.634
1790188202.38887,/orders/stats,0,82.796
1790188202.389167,/orders?limit=10&offset=0,0,132.806
1790188202.391181,/orders/notifications,0,16.952
1790188202.391686,/orders/stats,0,68.516
1790188202.393276,/orders/notifications,0,31.244
1790188202.393688,/orders/notifications,0,46.324
1790188202.396647,/orders/notifications,0,59.593
1790188202.3970492,/orders/stats,0,56.508
1790188202.398624,/orders/stats,0,84.619
1790188202.400976,/orders/stats,0,127.364
1790188202.4019892,/orders/notifications,0,73.646
1790188202.40257,/orders/notifications,0,45.085
1790188202.409207,/orders/stats,0,86.959
1790188202.409879,/orders/stats,0,35.936
1790188202.410199,/orders/stats,0,36.795
1790188202.410953,/orders/stats,0,81.095
1790188202.411984,/orders?limit=10&offset=0,0,20.79
1790188202.4126651,/orders?limit=10&offset=0,0,84.632
1790188202.412975,/orders/stats,0,76.506
1790188202.413279,/orders?limit=10&offset=0,0,72.158
1790188202.413564,/orders/stats,0,93.914
1790188202.4139671,/orders/stats,0,52.63
1790188202.416031,/orders/notifications,0,92.25
1790188202.417228,/orders?limit=10&offset=0,0,23.522
1790188202.4193091,/orders/notifications,0,33.37
1790188202.419662,/orders/stats,0,38.687
1790188202.420074,/orders/notifications,0,97.164
1790188202.420343,/orders/notifications,0,58.606
1790188202.4206169,/orders/stats,0,119.229
1790188202.420888,/orders/notifications,0,48.681
1790188202.421854,/orders/notifications,0,42.413
1790188202.422283,/orders?limit=10&offset=0,0,112.111
1790188202.423029,/orders?limit=10&offset=0,0,51.153
1790188202.4232981,/orders?limit=10&offset=0,0,54.369
1790188202.423638,/orders/notifications,0,34.755
1790188202.423924,/orders?limit=10&offset=0,0,21.909
1790188202.426564,/orders?limit=10&offset=0,0,90.795
1790188202.4269068,/orders?limit=10&offset=0,0,140.931
1790188202.429518,/orders/stats,0,52.414
1790188202.429827,/orders/stats,0,72.019
1790188202.4300969,/orders/stats,0,60.559
1790188202.430433,/orders?limit=10&offset=0,0,67.811
1790188202.4307148,/orders/notifications,0,39.018
1790188202.432074,/orders?limit=10&offset=0,0,52.107
1790188202.433955,/orders/stats,0,64.13
1790188202.43536,/orders?limit=10&offset=0,0,38.694
1790188202.435937,/orders/notifications,0,38.875
1790188202.4363,/orders/stats,0,9.705
1790188202.4365718,/orders/notifications,0,50.305
1790188202.437366,/orders/notifications,0,101.263
1790188202.43815,/orders/notifications,0,37.133
1790188202.4384599,/orders/stats,0,26.462
1790188202.43872,/orders/stats,0,49.542
1790188202.439438,/orders/notifications,0,25.863
1790188202.440908,/orders?limit=10&offset=0,0,78.529
1790188202.441216,/orders/notifications,0,27.233
1790188202.4418108,/orders/notifications,0,189.138
1790188202.442488,/orders?limit=10&offset=0,0,22.402
1790188202.445034,/orders/notifications,0,14.926
1790188202.445389,/orders?limit=10&offset=0,0,42.806
1790188202.446305,/orders/notifications,0,73.692
1790188202.4466739,/orders/notifications,0,36.464
1790188202.44699,/orders/stats,0,24.695
1790188202.451172,/orders?limit=10&offset=0,0,27.51
1790188202.451946,/orders?limit=10&offset=0,0,83.362
1790188202.45219,/orders?limit=10&offset=0,0,58.899
1790188202.453999,/orders/notifications,0,15.268
1790188202.454437,/orders/notifications,0,55.796
1790188202.4548302,/orders/notifications,0,24.991
1790188202.4552078,/orders?limit=10&offset=0,0,13.98
1790188202.456181,/orders/notifications,0,46.291
1790188202.457957,/orders/stats,0,34.017
1790188202.4592,/orders/stats,0,35.875
1790188202.459659,/orders/notifications,0,48.695
1790188202.460105,/orders/stats,0,46.814
1790188202.46036,/orders?limit=10&offset=0,0,44.293
1790188202.462312,/orders/stats,0,93.05
1790188202.4626172,/orders/notifications,0,33.083
1790188202.463136,/orders/stats,0,11.176
1790188202.46616,/orders?limit=10&offset=0,0,12.139
1790188202.4684532,/orders?limit=10&offset=0,0,23.401
1790188202.468896,/orders/stats,0,13.676
1790188202.470955,/orders?limit=10&offset=0,0,24.266
1790188202.471264,/orders?limit=10&offset=0,0,24.945
1790188202.471563,/orders?limit=10&offset=0,0,52.239
1790188202.471788,/orders?limit=10&offset=0,0,97.317
1790188202.473944,/orders?limit=10&offset=0,0,53.59
1790188202.474627,/orders/notifications,0,40.643
1790188202.475262,/orders/notifications,0,62.273
1790188202.475509,/orders?limit=10&offset=0,0,38.925
1790188202.4768069,/orders/stats,0,16.428
1790188202.477221,/orders?limit=10&offset=0,0,41.271
1790188202.4795158,/orders/stats,0,28.308
1790188202.479838,/orders?limit=10&offset=0,0,41.674
1790188202.4802,/orders/notifications,0,22.23
1790188202.480491,/orders/notifications,0,42.019
1790188202.483586,/orders?limit=10&offset=0,0,23.91
1790188202.484184,/orders/stats,0,43.256
1790188202.486971,/orders/stats,0,56.525
1790188202.487394,/orders/stats,0,55.303
1790188202.4876401,/orders?limit=10&offset=0,0,25.012
1790188202.4880462,/orders/stats,0,65.004
1790188202.488375,/orders/notifications,0,25.227
1790188202.488607,/orders?limit=10&offset=0,0,51.229
1790188202.489045,/orders/notifications,0,52.735
1790188202.489763,/orders/stats,0,21.293
1790188202.490838,/orders/stats,0,73.581
1790188202.491389,/orders/notifications,0,22.482
1790188202.491652,/orders/notifications,0,137.802
1790188202.491956,/orders/stats,0,65.038
1790188202.495747,/orders?limit=10&offset=0,0,15.243
1790188202.496133,/orders?limit=10&offset=0,0,54.31
1790188202.496396,/orders?limit=10&offset=0,0,65.67
1790188202.496894,/orders/stats,0,84.215
1790188202.4976199,/orders/stats,0,25.821
1790188202.4987588,/orders/notifications,0,36.432
1790188202.502798,/orders?limit=10&offset=0,0,4.023
1790188202.5032089,/orders/stats,0,57.807
1790188202.503489,/orders/notifications,0,56.487
1790188202.5051992,/orders/stats,0,25.349
1790188202.5054982,/orders/stats,0,62.96
1790188202.5062668,/orders/stats,0,35.295
1790188202.506571,/orders?limit=10&offset=0,0,52.122
1790188202.507602,/orders?limit=10&offset=0,0,52.759
1790188202.5085812,/orders/stats,0,34.622
1790188202.510856,/orders?limit=10&offset=0,0,54.662
1790188202.5120409,/orders/stats,0,24.389
1790188202.5128589,/orders/notifications,0,23.083
1790188202.513143,/orders?limit=10&offset=0,0,21.741
1790188202.513432,/orders/notifications,0,53.316
1790188202.51376,/orders/stats,0,61.558
1790188202.5141919,/orders/notifications,0,94.517
1790188202.5160892,/orders/notifications,0,24.119
1790188202.5192351,/orders/notifications,0,110.01
1790188202.520423,/orders/stats,0,48.849
1790188202.521318,/orders/notifications,0,37.109
1790188202.521796,/orders/stats,0,46.277
1790188202.5221498,/orders/stats,0,26.005
1790188202.5227818,/orders/notifications,0,35.376
1790188202.523875,/orders/notifications,0,47.053
1790188202.525394,/orders?limit=10&offset=0,0,85.943
1790188202.527362,/orders/notifications,0,106.73
1790188202.527693,/orders/stats,0,16.822
1790188202.527987,/orders/notifications,0,24.767
1790188202.528224,/orders?limit=10&offset=0,0,106.357
1790188202.528472,/orders/notifications,0,14.701
1790188202.530283,/orders/stats,0,34.519
1790188202.530698,/orders/notifications,0,33.792
1790188202.534445,/orders?limit=10&offset=0,0,59.158
1790188202.535551,/orders?limit=10&offset=0,0,47.164
1790188202.537518,/orders?limit=10&offset=0,0,14.724
1790188202.537823,/orders/notifications,0,58.291
1790188202.5385752,/orders/stats,0,72.371
1790188202.538975,/orders?limit=10&offset=0,0,25.531
1790188202.540104,/orders/stats,0,11.867
1790188202.5410519,/orders/stats,0,63.818
1790188202.541655,/orders/notifications,0,19.494
1790188202.545422,/orders?limit=10&offset=0,0,65.209
1790188202.546483,/orders/stats,0,75.203
1790188202.5468092,/orders/notifications,0,34.754
1790188202.547178,/orders?limit=10&offset=0,0,27.929
1790188202.547928,/orders/stats,0,45.113
1790188202.548565,/orders/notifications,0,43.055
1790188202.54879,/orders/notifications,0,21.083
1790188202.548969,/orders/stats,0,35.816
1790188202.55348,/orders/notifications,0,33.042
1790188202.5539122,/orders/notifications,0,32.104
1790188202.554371,/orders?limit=10&offset=0,0,65.313
1790188202.55467,/orders?limit=10&offset=0,0,33.339
1790188202.554948,/orders/stats,0,19.385
1790188202.555199,/orders?limit=10&offset=0,0,24.489
1790188202.55581,/orders/stats,0,67.192
1790188202.558069,/orders?limit=10&offset=0,0,43.848
1790188202.5583339,/orders/stats,0,74.726
1790188202.558559,/orders?limit=10&offset=0,0,30.562
1790188202.5591779,/orders/stats,0,33.771
1790188202.5632482,/orders?limit=10&offset=0,0,14.447
1790188202.563689,/orders?limit=10&offset=0,0,25.853
1790188202.564251,/orders/stats,0,25.264
1790188202.566877,/orders/notifications,0,58.27
1790188202.567428,/orders/notifications,0,27.306
1790188202.568983,/orders?limit=10&offset=0,0,27.313
1790188202.569296,/orders/notifications,0,63.016
1790188202.569549,/orders/notifications,0,81.491
1790188202.569967,/orders/stats,0,62.351
1790188202.570258,/orders/notifications,0,71.964
1790188202.570749,/orders/notifications,0,79.897
1790188202.571119,/orders?limit=10&offset=0,0,67.619
1790188202.5718951,/orders/notifications,0,66.682
1790188202.57252,/orders?limit=10&offset=0,0,45.141
1790188202.573354,/orders/notifications,0,25.409
1790188202.573792,/orders/notifications,0,27.293
1790188202.574753,/orders/notifications,0,33.687
1790188202.575377,/orders/stats,0,28.183
1790188202.576719,/orders/stats,0,42.243
1790188202.577423,/orders?limit=10&offset=0,0,85.759
1790188202.577713,/orders/notifications,0,118.48
1790188202.5779788,/orders/notifications,0,90.994
1790188202.57836,/orders?limit=10&offset=0,0,24.435
1790188202.5796218,/orders?limit=10&offset=0,0,63.511
1790188202.580093,/orders?limit=10&offset=0,0,105.451
1790188202.584075,/orders/notifications,0,24.878
1790188202.587404,/orders?limit=10&offset=0,0,15.495
1790188202.5878232,/orders/stats,0,81.241
1790188202.589379,/orders/stats,0,51.846
1790188202.5901911,/orders/stats,0,12.754
1790188202.5904891,/orders/stats,0,31.922
1790188202.590837,/orders/stats,0,11.2
1790188202.5934238,/orders/notifications,0,16.687
1790188202.5936902,/orders/notifications,0,55.103
1790188202.5941079,/orders/stats,0,39.725
1790188202.5953522,/orders?limit=10&offset=0,0,21.549
1790188202.596558,/orders?limit=10&offset=0,0,21.791
1790188202.596859,/orders?limit=10&offset=0,0,29.958
1790188202.597138,/orders/stats,0,33.436
1790188202.5980082,/orders?limit=10&offset=0,0,27.737
1790188202.599067,/orders/stats,0,20.692
1790188202.600107,/orders?limit=10&offset=0,0,22.11
1790188202.602117,/orders/notifications,0,46.294
1790188202.602823,/orders/notifications,0,32.844
1790188202.603092,/orders?limit=10&offset=0,0,33.533
1790188202.603416,/orders?limit=10&offset=0,0,74.932
1790188202.605878,/orders/stats,0,2.775
1790188202.606383,/orders/stats,0,51.702
1790188202.6070552,/orders?limit=10&offset=0,0,29.331
1790188202.607316,/orders?limit=10&offset=0,0,38.009
1790188202.607605,/orders/stats,0,20.185
1790188202.6085389,/orders/stats,0,112.129
1790188202.608911,/orders/stats,0,63.474
1790188202.609151,/orders/stats,0,45.888
1790188202.6095612,/orders/stats,0,40.564
1790188202.6121368,/orders/stats,0,16.768
1790188202.612981,/orders/notifications,0,15.817
1790188202.61327,/orders/stats,0,13.145
1790188202.613804,/orders/stats,0,42.672
1790188202.6144042,/orders/notifications,0,24.198
1790188202.615652,/orders/notifications,0,51.386
1790188202.6182468,/orders?limit=10&offset=0,0,105.371
1790188202.618659,/orders?limit=10&offset=0,0,34.547
1790188202.618965,/orders?limit=10&offset=0,0,65.469
1790188202.619235,/orders/notifications,0,88.934
1790188202.62156,/orders/notifications,0,13.913
1790188202.621879,/orders/stats,0,25.306
1790188202.622486,/orders/stats,0,42.38
1790188202.624074,/orders?limit=10&offset=0,0,21.236
1790188202.625002,/orders?limit=10&offset=0,0,51.633
1790188202.625716,/orders?limit=10&offset=0,0,32.277
1790188202.6279411,/orders/notifications,0,40.106
1790188202.629083,/orders/stats,0,10.104
1790188202.629426,/orders/notifications,0,20.254
1790188202.629699,/orders?limit=10&offset=0,0,35.998
1790188202.6303208,/orders/notifications,0,31.22
1790188202.6318989,/orders?limit=10&offset=0,0,83.318
1790188202.633791,/orders?limit=10&offset=0,0,66.339
1790188202.6360881,/orders/stats,0,80.877
1790188202.637156,/orders/stats,0,13.067
1790188202.637433,/orders?limit=10&offset=0,0,66.671
1790188202.638601,/orders/notifications,0,32.708
1790188202.63921,/orders/notifications,0,30.657
1790188202.639518,/orders/notifications,0,50.126
1790188202.640372,/orders/stats,0,43.5
1790188202.643496,/orders/notifications,0,68.105
1790188202.6438668,/orders/notifications,0,31.714
1790188202.64418,/orders/stats,0,12.265
1790188202.644275,/orders/notifications,0,50.157
1790188202.6459892,/orders/notifications,0,87.641
1790188202.646341,/orders/stats,0,39.012
1790188202.646655,/orders?limit=10&offset=0,0,99.834
1790188202.650954,/orders/stats,0,52.917
1790188202.6519942,/orders?limit=10&offset=0,0,49.864
1790188202.65428,/orders/notifications,0,32.386
1790188202.6547468,/orders?limit=10&offset=0,0,130.857
1790188202.655157,/orders/stats,0,82.621
1790188202.6554,/orders?limit=10&offset=0,0,25.065
1790188202.655711,/orders/notifications,0,100.751
1790188202.656356,/orders?limit=10&offset=0,0,40.688
1790188202.656938,/orders/notifications,0,20.836
1790188202.657268,/orders/stats,0,38.596
1790188202.6575801,/orders/notifications,0,66.731
1790188202.657989,/orders/notifications,0,35.486
1790188202.661165,/orders/notifications,0,23.995
1790188202.661482,/orders?limit=10&offset=0,0,42.237
1790188202.661918,/orders/notifications,0,32.82
1790188202.663627,/orders?limit=10&offset=0,0,24.097
1790188202.665104,/orders?limit=10&offset=0,0,50.164
1790188202.666539,/orders/notifications,0,60.129
1790188202.671592,/orders?limit=10&offset=0,0,27.71
1790188202.671901,/orders/stats,0,16.488
1790188202.672224,/orders/stats,0,25.555
1790188202.672501,/orders?limit=10&offset=0,0,33.887
1790188202.6731021,/orders/notifications,0,124.123
1790188202.6736908,/orders?limit=10&offset=0,0,45.735
1790188202.6737988,/orders?limit=10&offset=0,0,52.225
1790188202.6741061,/orders?limit=10&offset=0,0,44.669
1790188202.676817,/orders/notifications,0,63.533
1790188202.677098,/orders?limit=10&offset=0,0,15.161
1790188202.67886,/orders?limit=10&offset=0,0,35.347
1790188202.6854131,/orders/notifications,0,94.892
1790188202.6857338,/orders/stats,0,20.6
1790188202.685982,/orders/notifications,0,28.7
1790188202.686202,/orders?limit=10&offset=0,0,30.481
1790188202.686859,/orders?limit=10&offset=0,0,40.853
1790188202.6882172,/orders/stats,0,81.147
1790188202.688576,/orders?limit=10&offset=0,0,49.353
1790188202.688959,/orders/stats,0,85.529
1790188202.689259,/orders/stats,0,63.53
1790188202.6894772,/orders?limit=10&offset=0,0,31.869
1790188202.689707,/orders/stats,0,34.948
1790188202.6900558,/orders/notifications,0,34.887
1790188202.6903,/orders/notifications,0,80.727
1790188202.6905448,/orders/notifications,0,50.157
1790188202.6935859,/orders/stats,0,21.974
1790188202.693866,/orders/stats,0,60.056
1790188202.694258,/orders/notifications,0,43.257
1790188202.695966,/orders?limit=10&offset=0,0,51.676
1790188202.696776,/orders/notifications,0,11.03
1790188202.698713,/orders/notifications,0,89.79
1790188202.7009668,/orders/stats,0,71.245
1790188202.70265,/orders?limit=10&offset=0,0,45.698
1790188202.705775,/orders/notifications,0,11.897
1790188202.7061288,/orders?limit=10&offset=0,0,33.014
1790188202.7063801,/orders/notifications,0,92.563
1790188202.707411,/orders/stats,0,43.766
1790188202.707642,/orders?limit=10&offset=0,0,46.464
1790188202.7079191,/orders?limit=10&offset=0,0,53.625
1790188202.71022,/orders?limit=10&offset=0,0,43.645
1790188202.710778,/orders/notifications,0,64.421
1790188202.7110772,/orders/stats,0,54.705
1790188202.711413,/orders/stats,0,37.604
1790188202.7132921,/orders?limit=10&offset=0,0,27.86
1790188202.716945,/orders/notifications,0,27.671
1790188202.717601,/orders/notifications,0,23.972
1790188202.718484,/orders/stats,0,66.476
1790188202.71923,/orders/stats,0,94.214
1790188202.719564,/orders/notifications,0,47.652
1790188202.7196429,/orders/notifications,0,31.415
1790188202.7199192,/orders/notifications,0,30.95
1790188202.726685,/orders?limit=10&offset=0,0,27.953
1790188202.727307,/orders/stats,0,37.819
1790188202.727596,/orders/notifications,0,37.878
1790188202.729645,/orders?limit=10&offset=0,0,39.088
1790188202.7299662,/orders/stats,0,57.454
1790188202.730216,/orders/stats,0,51.336
1790188202.7308428,/orders/stats,0,53.721
1790188202.7311912,/orders/stats,0,93.746
1790188202.736543,/orders/stats,0,30.399
1790188202.737195,/orders/stats,0,26.956
1790188202.737816,/orders?limit=10&offset=0,0,47.748
1790188202.739746,/orders/stats,0,31.753
1790188202.740802,/orders?limit=10&offset=0,0,13.194
1790188202.741214,/orders?limit=10&offset=0,0,50.903
1790188202.741467,/orders?limit=10&offset=0,0,55.475
1790188202.741782,/orders?limit=10&offset=0,0,47.511
1790188202.742296,/orders?limit=10&offset=0,0,31.507
1790188202.744947,/orders/stats,0,83.452
1790188202.745327,/orders/notifications,0,18.007
1790188202.746211,/orders?limit=10&offset=0,0,88.209
1790188202.746617,/orders?limit=10&offset=0,0,40.827
1790188202.748534,/orders/stats,0,35.224
1790188202.749074,/orders?limit=10&offset=0,0,31.447
1790188202.751702,/orders/notifications,0,21.474
1790188202.752741,/orders/stats,0,45.085
1790188202.7539551,/orders/stats,0,27.253
1790188202.75438,/orders?limit=10&offset=0,0,37.399
1790188202.755868,/orders?limit=10&offset=0,0,59.072
1790188202.759945,/orders?limit=10&offset=0,0,40.0
1790188202.760427,/orders/notifications,0,49.002
1790188202.760679,/orders?limit=10&offset=0,0,83.848
1790188202.76099,/orders/stats,0,19.198
1790188202.761255,/orders?limit=10&offset=0,0,41.602
1790188202.761513,/orders/notifications,0,30.307
1790188202.761771,/orders/notifications,0,42.529
1790188202.762041,/orders/notifications,0,17.08
1790188202.76751,/orders/stats,0,26.27
1790188202.768629,/orders/stats,0,81.755
1790188202.768901,/orders/stats,0,26.594
1790188202.769249,/orders/stats,0,20.152
1790188202.770088,/orders/stats,0,32.225
1790188202.770478,/orders/notifications,0,51.975
1790188202.770714,/orders/stats,0,68.049
1790188202.771221,/orders?limit=10&offset=0,0,64.831
1790188202.77158,/orders/notifications,0,34.373
1790188202.7722712,/orders?limit=10&offset=0,0,26.929
1790188202.7727182,/orders/stats,0,18.326
1790188202.772983,/orders/stats,0,31.506
1790188202.773221,/orders?limit=10&offset=0,0,12.784
1790188202.775646,/orders/stats,0,89.431
1790188202.775978,/orders/stats,0,46.315
1790188202.776695,/orders/notifications,0,7.432
1790188202.77915,/orders/stats,0,38.331
1790188202.7794812,/orders?limit=10&offset=0,0,8.994
1790188202.782441,/orders/notifications,0,110.201
1790188202.782828,/orders/notifications,0,51.967
1790188202.7869701,/orders/notifications,0,34.214
1790188202.7873201,/orders/stats,0,98.732
1790188202.789616,/orders/notifications,0,10.444
1790188202.78989,/orders?limit=10&offset=0,0,28.109
1790188202.790147,/orders/stats,0,43.518
1790188202.7907798,/orders/stats,0,18.496
1790188202.791154,/orders/notifications,0,21.054
1790188202.791617,/orders/stats,0,31.64
1790188202.7923222,/orders/notifications,0,16.627
1790188202.792771,/orders/notifications,0,31.77
1790188202.79591,/orders?limit=10&offset=0,0,34.382
1790188202.796782,/orders/stats,0,17.289
1790188202.796909,/orders/stats,0,41.028
1790188202.7973492,/orders?limit=10&offset=0,0,45.63
1790188202.798718,/orders/notifications,0,31.172
1790188202.799079,/orders/notifications,0,50.5
1790188202.7993999,/orders/notifications,0,59.638
1790188202.80333,/orders/notifications,0,34.418
1790188202.8048692,/orders?limit=10&offset=0,0,28.161
1790188202.805215,/orders/stats,0,33.982
1790188202.8054762,/orders?limit=10&offset=0,0,13.142
1790188202.805745,/orders?limit=10&offset=0,0,43.694
1790188202.8060448,/orders/stats,0,44.78
1790188202.8063219,/orders/notifications,0,33.329
1790188202.811319,/orders/stats,0,50.622
1790188202.81167,/orders/notifications,0,20.041
1790188202.8123572,/orders/notifications,0,41.632
1790188202.812652,/orders/notifications,0,39.921
1790188202.812747,/orders/stats,0,66.522
1790188202.813154,/orders?limit=10&offset=0,0,30.307
1790188202.8140721,/orders?limit=10&offset=0,0,27.087
1790188202.817861,/orders?limit=10&offset=0,0,19.124
1790188202.818627,/orders?limit=10&offset=0,0,19.534
1790188202.81904,/orders/notifications,0,31.711
1790188202.819778,/orders?limit=10&offset=0,0,48.187
1790188202.822765,/orders/stats,0,26.838
1790188202.823036,/orders?limit=10&offset=0,0,33.406
1790188202.82372,/orders?limit=10&offset=0,0,41.26
1790188202.824047,/orders?limit=10&offset=0,0,17.713
1790188202.8243,/orders/stats,0,18.543
1790188202.824523,/orders/notifications,0,33.73
1790188202.824886,/orders/stats,0,34.984
1790188202.825529,/orders/notifications,0,71.557
1790188202.826151,/orders/notifications,0,50.16
1790188202.828817,/orders/stats,0,23.33
1790188202.829756,/orders?limit=10&offset=0,0,26.411
1790188202.8300421,/orders?limit=10&offset=0,0,17.673
1790188202.8306692,/orders?limit=10&offset=0,0,31.25
1790188202.832185,/orders?limit=10&offset=0,0,41.016
1790188202.836587,/orders/notifications,0,31.359
1790188202.8369448,/orders?limit=10&offset=0,0,17.894
1790188202.837182,/orders?limit=10&offset=0,0,25.5
1790188202.8374012,/orders/notifications,0,40.479
1790188202.837673,/orders/notifications,0,31.618
1790188202.839107,/orders/stats,0,16.06
1790188202.839443,/orders?limit=10&offset=0,0,13.902
1790188202.840401,/orders/stats,0,21.758
1790188202.841364,/orders?limit=10&offset=0,0,15.199
1790188202.841974,/orders/notifications,0,30.641
1790188202.8439832,/orders/notifications,0,19.658
1790188202.845255,/orders/notifications,0,22.475
1790188202.846067,/orders/stats,0,72.833
1790188202.846366,/orders/notifications,0,56.207
1790188202.846615,/orders/stats,0,16.562
1790188202.846868,/orders/stats,0,14.667
1790188202.8473458,/orders/stats,0,49.982
1790188202.857585,/orders/stats,0,39.705
1790188202.8579571,/orders?limit=10&offset=0,0,20.542
1790188202.8583171,/orders/stats,0,28.547
1790188202.85857,/orders/notifications,0,89.927
1790188202.859091,/orders/stats,0,28.409
1790188202.861328,/orders?limit=10&offset=0,0,24.725
1790188202.8630688,/orders/notifications,0,15.707
1790188202.869962,/orders?limit=10&offset=0,0,45.427
1790188202.870334,/orders/notifications,0,29.918
1790188202.870581,/orders/notifications,0,12.981
1790188202.870861,/orders/stats,0,47.128
1790188202.871156,/orders/notifications,0,32.036
1790188202.8714318,/orders/stats,0,66.55
1790188202.871686,/orders/notifications,0,46.787
1790188202.8719869,/orders/stats,0,58.82
1790188202.872156,/orders/notifications,0,26.077
1790188202.8725061,/orders/stats,0,48.448
1790188202.872897,/orders/notifications,0,44.065
1790188202.873247,/orders/notifications,0,60.486
1790188202.873655,/orders?limit=10&offset=0,0,28.386
1790188202.873972,/orders?limit=10&offset=0,0,31.985
1790188202.874521,/orders/stats,0,54.73
1790188202.875267,/orders/notifications,0,28.388
1790188202.877285,/orders/notifications,0,30.657
1790188202.8776808,/orders/stats,0,38.227
1790188202.87954,/orders/stats,0,18.196
1790188202.880026,/orders/notifications,0,7.509
1790188202.8806121,/orders?limit=10&offset=0,0,7.702
1790188202.882494,/orders?limit=10&offset=0,0,38.487
1790188202.886435,/orders?limit=10&offset=0,0,48.751
1790188202.8870451,/orders/stats,0,45.668
1790188202.8873699,/orders?limit=10&offset=0,0,24.286
1790188202.887645,/orders?limit=10&offset=0,0,15.479
1790188202.887924,/orders?limit=10&offset=0,0,12.645
1790188202.889854,/orders/stats,0,19.876
1790188202.8901591,/orders?limit=10&offset=0,0,18.992
1790188202.890605,/orders?limit=10&offset=0,0,32.026
1790188202.890901,/orders/notifications,0,31.799
1790188202.894073,/orders/stats,0,6.692
1790188202.894442,/orders/notifications,0,14.889
1790188202.8952188,/orders/stats,0,58.262
1790188202.8958058,/orders?limit=10&offset=0,0,49.428
1790188202.896286,/orders?limit=10&offset=0,0,25.94
1790188202.8971531,/orders/notifications,0,10.094
1790188202.9023921,/orders/stats,0,28.723
1790188202.9027479,/orders?limit=10&offset=0,0,25.451
1790188202.9031549,/orders?limit=10&offset=0,0,29.898
1790188202.903476,/orders/stats,0,20.953
1790188202.9039009,/orders/stats,0,29.919
1790188202.904232,/orders/stats,0,16.297
1790188202.904626,/orders/stats,0,16.97
1790188202.90541,/orders/notifications,0,47.082
1790188202.9058702,/orders/stats,0,15.7
1790188202.906174,/orders/notifications,0,34.732
1790188202.906422,/orders?limit=10&offset=0,0,35.83
1790188202.906709,/orders?limit=10&offset=0,0,26.668
1790188202.91099,/orders?limit=10&offset=0,0,39.292
1790188202.913523,/orders/stats,0,2.517
1790188202.915902,/orders/stats,0,57.926
1790188202.918947,/orders/notifications,0,44.412
1790188202.9192939,/orders/notifications,0,48.423
1790188202.91957,/orders/stats,0,23.752
1790188202.919866,/orders/notifications,0,24.631
1790188202.920202,/orders/stats,0,29.586
1790188202.920345,/orders?limit=10&offset=0,0,29.434
1790188202.920614,/orders?limit=10&offset=0,0,23.447
1790188202.92163,/orders/stats,0,14.91
1790188202.922219,/orders/notifications,0,16.334
1790188202.922771,/orders/notifications,0,19.283
1790188202.923118,/orders?limit=10&offset=0,0,17.576
1790188202.924976,/orders/notifications,0,22.566
1790188202.927199,/orders/notifications,0,13.66
1790188202.927517,/orders/stats,0,24.351
1790188202.9282491,/orders?limit=10&offset=0,0,8.943
1790188202.9285572,/orders/notifications,0,12.634
1790188202.9288,/orders/notifications,0,9.22
1790188202.929056,/orders?limit=10&offset=0,0,22.872
1790188202.929439,/orders/stats,0,9.085
1790188202.930064,/orders/stats,0,27.304
1790188202.933572,/orders?limit=10&offset=0,0,39.112
1790188202.936052,/orders/notifications,0,32.138
1790188202.937654,/orders?limit=10&offset=0,0,12.664
1790188202.937925,/orders?limit=10&offset=0,0,18.049
1790188202.938164,/orders?limit=10&offset=0,0,10.952
1790188202.938399,/orders?limit=10&offset=0,0,15.616
1790188202.9386659,/orders/stats,0,10.404
1790188202.9389498,/orders/notifications,0,17.308
1790188202.939213,/orders/notifications,0,49.346
1790188202.939849,/orders?limit=10&offset=0,0,17.606
1790188202.940171,/orders/notifications,0,35.532
1790188202.947027,/orders?limit=10&offset=0,0,18.213
1790188202.947267,/orders/stats,0,40.835
1790188202.9476109,/orders/stats,0,66.984
1790188202.948931,/orders/notifications,0,18.853
1790188202.950586,/orders/notifications,0,56.495
1790188202.950953,/orders/stats,0,30.328
1790188202.955076,/orders?limit=10&offset=0,0,36.112
1790188202.955832,/orders?limit=10&offset=0,0,19.768
1790188202.956084,/orders/notifications,0,17.409
1790188202.963496,/orders/stats,0,25.558
1790188202.964175,/orders/stats,0,26.506
1790188202.965176,/orders/stats,0,31.574
1790188202.9655108,/orders/stats,0,27.101
1790188202.9728372,/orders/notifications,0,45.305
1790188202.978629,/orders/notifications,0,27.655
1790188202.979275,/orders/stats,0,41.1
1790188202.986298,/orders?limit=10&offset=0,0,47.335
1790188202.986642,/orders?limit=10&offset=0,0,47.419
1790188202.9868438,/orders/stats,0,31.756
1790188202.9871051,/orders/notifications,0,21.584
1790188202.9872918,/orders/notifications,0,40.013
1790188202.9895082,/orders/notifications,0,25.316
1790188202.990622,/orders/notifications,0,43.0
1790188202.9922712,/orders/stats,0,63.204
1790188202.992595,/orders/notifications,0,13.309
1790188202.995897,/orders?limit=10&offset=0,0,17.249
1790188202.996247,/orders/notifications,0,9.394
1790188202.9966679,/orders/notifications,0,33.153
1790188202.997302,/orders?limit=10&offset=0,0,7.78
1790188203.000915,/orders?limit=10&offset=0,0,28.057
1790188203.001749,/orders/stats,0,45.904
1790188203.002007,/orders/notifications,0,36.817
1790188203.003861,/orders?limit=10&offset=0,0,16.559
1790188203.0042071,/orders/stats,0,3.275
1790188203.004451,/orders?limit=10&offset=0,0,11.827
1790188203.006046,/orders?limit=10&offset=0,0,9.787
1790188203.007499,/orders/stats,0,21.169
1790188203.01022,/orders?limit=10&offset=0,0,8.201
1790188203.0106492,/orders?limit=10&offset=0,0,13.97
1790188203.010933,/orders/stats,0,15.018
1790188203.011178,/orders/stats,0,24.526
1790188203.0114079,/orders/notifications,0,9.648
1790188203.011708,/orders/notifications,0,7.491
1790188203.012011,/orders/stats,0,8.137
1790188203.013976,/orders/stats,0,7.915
1790188203.014476,/orders/notifications,0,3.531
1790188203.015529,/orders?limit=10&offset=0,0,3.81
1790188203.0182579,/orders/stats,0,8.019
1790188203.018801,/orders?limit=10&offset=0,0,7.383
1790188203.0246358,/orders/stats,0,9.093
1790188203.026659,/orders?limit=10&offset=0,0,12.167
1790188203.027047,/orders/notifications,0,8.774
1790188203.0273678,/orders/notifications,0,13.375
1790188203.027689,/orders/notifications,0,16.503
1790188203.0279412,/orders/notifications,0,20.429
1790188203.028181,/orders/stats,0,17.522
1790188203.028749,/orders/notifications,0,4.1
1790188203.032015,/orders?limit=10&offset=0,0,4.626
1790188203.0331671,/orders?limit=10&offset=0,0,4.405
1790188203.03694,/orders/stats,0,10.266
1790188203.0370471,/orders?limit=10&offset=0,0,9.096
1790188203.037371,/orders?limit=10&offset=0,0,9.672
1790188203.0380878,/orders/stats,0,4.891
1790188203.038495,/orders/stats,0,6.458
1790188203.03999,/orders/stats,0,2.604
1790188203.04034,/orders/stats,0,3.282
1790188203.0417001,/orders/notifications,0,3.194
1790188203.041878,/orders/notifications,0,3.779
1790188203.043676,/orders/notifications,0,3.325
1790188203.043967,/orders/notifications,0,3.966
1790188203.0452302,/orders?limit=10&offset=0,0,1.541
1790188203.0466292,/orders/stats,0,1.386
