ts,endpoint,status,latency_ms
1790188159.904841,/orders/notifications,200,83.309
1790188159.937856,/orders/notifications,200,114.219
1790188160.008277,/orders?limit=10&offset=0,200,187.507
1790188160.07935,/orders/stats,200,249.753
1790188160.080058,/orders/notifications,200,239.729
1790188160.210898,/orders/stats,200,388.081
1790188160.276961,/orders/stats,200,455.771
1790188160.505755,/orders/notifications,200,661.085
1790188160.5187478,/orders/notifications,200,669.351
1790188160.5388072,/orders?limit=10&offset=0,200,697.324
1790188160.553157,/orders/notifications,200,716.335
1790188160.629287,/orders?limit=10&offset=0,200,776.828
1790188160.637863,/orders?limit=10&offset=0,200,732.989
1790188160.670848,/orders/stats,200,827.249
1790188160.675335,/orders/notifications,200,847.526
1790188160.688417,/orders/stats,200,841.522
1790188160.7711208,/orders?limit=10&offset=0,200,946.18
1790188160.796669,/orders/notifications,200,966.189
1790188160.7969558,/orders/stats,200,788.653
1790188160.797199,/orders?limit=10&offset=0,200,859.314
1790188160.812147,/orders?limit=10&offset=0,200,966.053
1790188160.8137972,/orders/notifications,200,602.874
1790188160.82431,/orders?limit=10&offset=0,200,271.131
1790188160.8916721,/orders?limit=10&offset=0,200,811.59
1790188160.895234,/orders?limit=10&offset=0,200,1059.769
1790188160.9200928,/orders?limit=10&offset=0,200,1097.796
1790188160.923198,/orders/notifications,200,646.211
1790188160.9277928,/orders?limit=10&offset=0,200,1090.343
1790188160.945241,/orders?limit=10&offset=0,200,439.464
1790188160.945845,/orders/notifications,200,866.465
1790188160.9641101,/orders/stats,200,425.272
1790188161.030921,/orders?limit=10&offset=0,200,1202.25
1790188161.0541399,/orders/notifications,200,383.256
1790188161.0725892,/orders?limit=10&offset=0,200,553.818
1790188161.100596,/orders/notifications,200,412.144
1790188161.1240692,/orders?limit=10&offset=0,200,448.714
1790188161.171637,/orders/stats,200,542.325
1790188161.1785119,/orders/stats,200,540.626
1790188161.186625,/orders/notifications,200,389.651
1790188161.253309,/orders/stats,200,1414.809
1790188161.2953868,/orders/stats,200,1468.759
1790188161.297166,/orders/stats,200,1461.002
1790188161.322119,/orders?limit=10&offset=0,200,525.424
1790188161.32247,/orders?limit=10&offset=0,200,508.65
1790188161.370029,/orders/stats,200,557.859
1790188161.446708,/orders/stats,200,622.375
1790188161.460696,/orders/stats,200,532.881
1790188161.461483,/orders/stats,200,690.337
1790188161.476518,/orders/stats,200,531.253
1790188161.477396,/orders?limit=10&offset=0,200,531.531
1790188161.5030248,/orders/notifications,200,324.492
1790188161.514915,/orders/stats,200,442.303
1790188161.530667,/orders/stats,200,638.972
1790188161.531324,/orders/notifications,200,359.666
1790188161.545707,/orders/notifications,200,292.376
1790188161.546489,/orders?limit=10&offset=0,200,492.322
1790188161.553028,/orders/stats,200,632.91
1790188161.55358,/orders?limit=10&offset=0,200,630.362
1790188161.56529,/orders/notifications,200,269.878
1790188161.5697138,/orders/stats,200,772.493
1790188161.5963268,/orders/stats,200,565.379
1790188161.610945,/orders/notifications,200,240.892
1790188161.6115708,/orders?limit=10&offset=0,200,424.926
1790188161.637046,/orders/stats,200,741.787
1790188161.647917,/orders?limit=10&offset=0,200,547.287
1790188161.6492229,/orders/notifications,200,188.508
1790188161.670444,/orders/notifications,200,223.714
1790188161.685554,/orders/notifications,200,208.997
1790188161.686615,/orders/notifications,200,171.677
1790188161.70469,/orders/notifications,200,407.501
1790188161.710541,/orders/stats,200,388.4
1790188161.7271628,/orders/notifications,200,763.012
1790188161.728249,/orders/notifications,200,266.747
1790188161.728496,/orders/notifications,200,197.733
1790188161.741586,/orders/stats,200,419.049
1790188161.771258,/orders/stats,200,647.164
1790188161.7717881,/orders?limit=10&offset=0,200,268.745
1790188161.78672,/orders/notifications,200,233.671
1790188161.8061361,/orders/notifications,200,236.403
1790188161.806425,/orders?limit=10&offset=0,200,275.082
1790188161.826995,/orders/stats,200,349.582
1790188161.8447611,/orders?limit=10&offset=0,200,299.032
1790188161.845823,/orders/stats,200,299.316
1790188161.8461661,/orders/notifications,200,249.82
1790188161.895797,/orders/stats,200,342.199
1790188161.896428,/orders?limit=10&offset=0,200,331.114
1790188161.908134,/orders/notifications,200,271.067
1790188161.9229388,/orders?limit=10&offset=0,200,311.971
1790188161.923538,/orders/stats,200,275.595
1790188161.957037,/orders?limit=10&offset=0,200,307.794
1790188161.9700851,/orders?limit=10&offset=0,200,299.619
1790188161.970649,/orders/notifications,200,260.007
1790188161.986176,/orders?limit=10&offset=0,200,300.601
1790188161.9872158,/orders/stats,200,375.628
1790188161.9875,/orders/notifications,200,216.224
1790188162.003191,/orders?limit=10&offset=0,200,316.556
1790188162.0034409,/orders?limit=10&offset=0,200,298.703
1790188162.004305,/orders?limit=10&offset=0,200,276.036
1790188162.022123,/orders/notifications,200,280.515
1790188162.035818,/orders?limit=10&offset=0,200,307.29
1790188162.1371489,/orders/notifications,200,310.132
1790188162.179905,/orders/notifications,200,334.042
1790188162.181504,/orders?limit=10&offset=0,200,374.585
1790188162.203068,/orders?limit=10&offset=0,200,416.326
1790188162.203755,/orders?limit=10&offset=0,200,357.574
1790188162.2159429,/orders/notifications,200,320.119
1790188162.291732,/orders/stats,200,395.286
1790188162.477498,/orders/stats,200,554.523
1790188162.478577,/orders?limit=10&offset=0,200,570.399
1790188162.5076082,/orders/stats,200,662.819
1790188162.524172,/orders?limit=10&offset=0,200,553.503
1790188162.525056,/orders/notifications,200,537.822
1790188162.565006,/orders/stats,200,578.791
1790188162.67089,/orders/stats,200,700.779
1790188162.695989,/orders/stats,200,889.54
1790188162.696882,/orders?limit=10&offset=0,200,709.363
1790188162.75751,/orders?limit=10&offset=0,200,1030.316
1790188162.772148,/orders/stats,200,736.3
1790188162.792866,/orders/stats,200,789.65
1790188162.8078332,/orders?limit=10&offset=0,200,670.661
1790188162.811224,/orders?limit=10&offset=0,200,789.074
1790188162.844503,/orders?limit=10&offset=0,200,664.572
1790188162.845737,/orders/notifications,200,553.933
1790188162.846573,/orders/notifications,200,923.012
1790188162.854364,/orders?limit=10&offset=0,200,638.376
1790188162.87221,/orders/stats,200,669.117
1790188162.8852348,/orders/stats,200,681.457
1790188162.886297,/orders/notifications,200,378.668
1790188162.887101,/orders/notifications,200,409.572
1790188162.919044,/orders/stats,200,737.5
1790188162.92974,/orders/notifications,200,364.707
1790188162.93186,/orders/notifications,200,235.848
1790188162.945329,/orders?limit=10&offset=0,200,420.254
1790188162.963858,/orders/stats,200,1192.03
1790188162.964463,/orders/notifications,200,293.529
1790188162.977414,/orders/stats,200,498.798
1790188162.9894311,/orders/stats,200,465.237
1790188163.0220501,/orders/notifications,200,229.162
1790188163.035489,/orders/notifications,200,263.319
1790188163.0773492,/orders/stats,200,319.819
1790188163.0906072,/orders/stats,200,393.705
1790188163.1054652,/orders/stats,200,294.222
1790188163.105792,/orders?limit=10&offset=0,200,259.202
1790188163.120942,/orders?limit=10&offset=0,200,275.186
1790188163.121801,/orders/notifications,200,249.572
1790188163.141877,/orders/notifications,200,222.814
1790188163.146558,/orders/stats,200,1189.461
1790188163.1562738,/orders/stats,200,348.42
1790188163.1696389,/orders?limit=10&offset=0,200,283.323
1790188163.181309,/orders/notifications,200,296.051
1790188163.1953201,/orders/notifications,200,231.438
1790188163.273355,/orders/notifications,200,295.92
1790188163.278741,/orders?limit=10&offset=0,200,348.976
1790188163.2793658,/orders?limit=10&offset=0,200,347.486
1790188163.296779,/orders/stats,200,1292.445
1790188163.3241081,/orders/stats,200,378.755
1790188163.337088,/orders/notifications,200,347.636
1790188163.337375,/orders/stats,200,482.992
1790188163.352979,/orders/notifications,200,275.608
1790188163.371854,/orders?limit=10&offset=0,200,349.782
1790188163.3729799,/orders/stats,200,1369.512
1790188163.380777,/orders/notifications,200,275.29
1790188163.384762,/orders/notifications,200,294.122
1790188163.411618,/orders?limit=10&offset=0,200,376.106
1790188163.412231,/orders/stats,200,567.705
1790188163.4202912,/orders/notifications,200,263.999
1790188163.4548428,/orders?limit=10&offset=0,200,490.358
1790188163.525463,/orders/stats,200,419.654
1790188163.545154,/orders/notifications,200,398.569
1790188163.546061,/orders?limit=10&offset=0,200,364.715
1790188163.547165,/orders/notifications,200,250.365
1790188163.56438,/orders/notifications,200,240.247
1790188163.5767932,/orders/stats,200,455.828
1790188163.607148,/orders/stats,200,437.485
1790188163.6082351,/orders?limit=10&offset=0,200,334.86
1790188163.6094542,/orders?limit=10&offset=0,200,722.332
1790188163.66682,/orders/stats,200,387.424
1790188163.6806898,/orders/notifications,200,343.294
1790188163.681581,/orders?limit=10&offset=0,200,539.678
1790188163.694468,/orders/notifications,200,321.469
1790188163.707789,/orders/stats,200,429.025
1790188163.7086022,/orders?limit=10&offset=0,200,355.52
1790188163.741586,/orders/notifications,200,329.337
1790188163.749514,/orders?limit=10&offset=0,200,412.394
1790188163.777761,/orders/stats,200,405.859
1790188163.789682,/orders?limit=10&offset=0,200,408.878
1790188163.790862,/orders/notifications,200,265.381
1790188163.81426,/orders?limit=10&offset=0,200,429.444
1790188163.828553,/orders/notifications,200,251.737
1790188163.8294022,/orders?limit=10&offset=0,200,284.226
1790188163.8300202,/orders?limit=10&offset=0,200,409.708
1790188163.863461,/orders?limit=10&offset=0,200,741.637
1790188163.864228,/orders/notifications,200,197.276
1790188163.8690739,/orders/stats,200,457.435
1790188163.895962,/orders/notifications,200,288.793
1790188163.896242,/orders?limit=10&offset=0,200,349.037
1790188163.954933,/orders/stats,200,500.043
1790188163.9555898,/orders/stats,200,346.113
1790188163.9690619,/orders/stats,200,360.807
1790188163.9747121,/orders?limit=10&offset=0,200,779.367
1790188163.9944901,/orders/stats,200,448.409
1790188164.011246,/orders/notifications,200,303.433
1790188164.0242848,/orders?limit=10&offset=0,200,282.677
1790188164.049047,/orders/stats,200,340.344
1790188164.0531478,/orders?limit=10&offset=0,200,358.658
1790188164.074621,/orders?limit=10&offset=0,200,393.877
1790188164.0915442,/orders/notifications,200,313.73
1790188164.107139,/orders?limit=10&offset=0,200,278.533
1790188164.1075,/orders?limit=10&offset=0,200,316.622
1790188164.1217961,/orders/notifications,200,252.701
1790188164.135314,/orders/stats,200,305.893
1790188164.162773,/orders/stats,200,413.218
1790188164.163182,/orders/stats,200,373.408
1790188164.1878898,/orders/stats,200,373.606
1790188164.188268,/orders/notifications,200,233.316
1790188164.202827,/orders/stats,200,339.343
1790188164.203667,/orders/notifications,200,248.063
1790188164.207592,/orders?limit=10&offset=0,200,311.604
1790188164.227306,/orders?limit=10&offset=0,200,363.053
1790188164.2439191,/orders/notifications,200,274.836
1790188164.244664,/orders/stats,200,348.371
1790188164.323066,/orders/notifications,200,273.972
1790188164.32394,/orders?limit=10&offset=0,200,759.529
1790188164.336576,/orders/stats,200,361.843
1790188164.3373382,/orders/stats,200,655.735
1790188164.362703,/orders?limit=10&offset=0,200,351.432
1790188164.363421,/orders/stats,200,533.383
1790188164.376648,/orders/notifications,200,241.263
1790188164.397289,/orders/stats,200,372.963
1790188164.5130491,/orders/stats,200,405.529
1790188164.51364,/orders/stats,200,438.996
1790188164.514144,/orders/notifications,200,326.232
1790188164.517766,/orders/stats,200,464.592
1790188164.518711,/orders?limit=10&offset=0,200,396.893
1790188164.5204082,/orders/notifications,200,357.2
1790188164.553621,/orders/notifications,200,350.771
1790188164.553916,/orders?limit=10&offset=0,200,365.632
1790188164.572672,/orders?limit=10&offset=0,200,368.986
1790188164.573568,/orders/notifications,200,328.842
1790188164.597646,/orders?limit=10&offset=0,200,353.699
1790188164.6116512,/orders/notifications,200,275.05
1790188164.6122491,/orders/notifications,200,274.896
1790188164.6252658,/orders/notifications,200,630.749
1790188164.654339,/orders/stats,200,446.702
1790188164.655136,/orders/notifications,200,291.698
1790188164.674438,/orders/stats,200,447.109
1790188164.688683,/orders/stats,200,581.52
1790188164.7097962,/orders/notifications,200,312.468
1790188164.7113879,/orders?limit=10&offset=0,200,388.3
1790188164.7131572,/orders/stats,200,389.199
1790188164.7244968,/orders/notifications,200,211.428
1790188164.739271,/orders?limit=10&offset=0,200,647.698
1790188164.740082,/orders?limit=10&offset=0,200,363.295
1790188164.740866,/orders/notifications,200,578.067
1790188164.757708,/orders/notifications,200,239.91
1790188164.802643,/orders/notifications,200,288.982
1790188164.818455,/orders?limit=10&offset=0,200,304.295
1790188164.835105,/orders?limit=10&offset=0,200,281.462
1790188164.847499,/orders?limit=10&offset=0,200,327.045
1790188164.8652039,/orders/stats,200,311.271
1790188164.866465,/orders?limit=10&offset=0,200,292.878
1790188164.868319,/orders/stats,200,349.589
1790188164.877724,/orders/notifications,200,203.265
1790188164.8956811,/orders?limit=10&offset=0,200,283.414
1790188164.895998,/orders/notifications,200,241.638
1790188164.9078321,/orders?limit=10&offset=0,200,282.546
1790188164.9082859,/orders/stats,200,310.612
1790188164.92064,/orders/stats,200,557.891
1790188164.981261,/orders?limit=10&offset=0,200,326.105
1790188164.9851,/orders/notifications,200,271.905
1790188165.003474,/orders?limit=10&offset=0,200,391.801
1790188165.014712,/orders?limit=10&offset=0,200,304.865
1790188165.01647,/orders/stats,200,443.721
1790188165.052424,/orders?limit=10&offset=0,200,327.905
1790188165.0526369,/orders/stats,200,341.231
1790188165.060738,/orders/stats,200,321.445
1790188165.072545,/orders?limit=10&offset=0,200,331.662
1790188165.093482,/orders?limit=10&offset=0,200,335.753
1790188165.120655,/orders?limit=10&offset=0,200,317.97
1790188165.1209369,/orders/stats,200,302.464
1790188165.135024,/orders/notifications,200,266.684
1790188165.15245,/orders/stats,200,412.334
1790188165.2132611,/orders?limit=10&offset=0,200,335.512
1790188165.213995,/orders/notifications,200,293.297
1790188165.22975,/orders/stats,200,382.222
1790188165.231835,/orders/stats,200,396.705
1790188165.2365491,/orders/notifications,200,328.247
1790188165.247385,/orders/stats,200,380.893
1790188165.2485561,/orders/notifications,200,559.851
1790188165.278229,/orders?limit=10&offset=0,200,382.211
1790188165.278493,/orders/stats,200,370.639
1790188165.2920089,/orders/notifications,200,275.501
1790188165.307637,/orders/notifications,200,254.984
1790188165.339883,/orders/notifications,200,279.125
1790188165.3539689,/orders/stats,200,458.266
1790188165.365033,/orders?limit=10&offset=0,200,379.907
1790188165.388154,/orders/stats,200,373.184
1790188165.405184,/orders/stats,200,401.689
1790188165.4054809,/orders/notifications,200,284.528
1790188165.440305,/orders/notifications,200,287.835
1790188165.475456,/orders/notifications,200,610.221
1790188165.4761338,/orders/stats,200,382.623
1790188165.477062,/orders/notifications,200,245.189
1790188165.491779,/orders/stats,200,510.491
1790188165.4924722,/orders/notifications,200,262.699
1790188165.5144582,/orders/notifications,200,267.018
1790188165.5185149,/orders?limit=10&offset=0,200,383.469
1790188165.536303,/orders?limit=10&offset=0,200,322.26
1790188165.547539,/orders/stats,200,334.252
1790188165.557861,/orders?limit=10&offset=0,200,321.292
1790188165.559907,/orders?limit=10&offset=0,200,311.331
1790188165.573339,/orders/stats,200,520.893
1790188165.6131608,/orders/notifications,200,334.651
1790188165.6153111,/orders/notifications,200,261.319
1790188165.681587,/orders/stats,200,609.016
1790188165.697898,/orders?limit=10&offset=0,200,390.216
1790188165.698219,/orders?limit=10&offset=0,200,358.317
1790188165.7236,/orders/notifications,200,335.426
1790188165.723875,/orders/stats,200,445.624
1790188165.741747,/orders/stats,200,621.067
1790188165.744797,/orders?limit=10&offset=0,200,452.764
1790188165.764361,/orders/notifications,200,359.15
1790188165.818486,/orders/notifications,200,342.322
1790188165.839231,/orders?limit=10&offset=0,200,433.73
1790188165.842087,/orders?limit=10&offset=0,200,401.761
1790188165.8451169,/orders/stats,200,480.058
1790188165.847737,/orders/notifications,200,355.933
1790188165.9225202,/orders?limit=10&offset=0,200,447.032
1790188165.946558,/orders/notifications,200,398.991
1790188165.9469209,/orders?limit=10&offset=0,200,469.843
1790188165.971162,/orders/notifications,200,397.8
1790188166.022766,/orders/stats,200,504.228
1790188166.037366,/orders/notifications,200,355.754
1790188166.04734,/orders?limit=10&offset=0,200,532.848
1790188166.0642052,/orders/stats,200,527.876
1790188166.087716,/orders?limit=10&offset=0,200,474.533
1790188166.08833,/orders?limit=10&offset=0,200,472.977
1790188166.1016169,/orders/notifications,200,359.85
1790188166.102018,/orders/stats,200,544.117
1790188166.1167538,/orders/stats,200,556.815
1790188166.118058,/orders/notifications,200,394.168
1790188166.2072608,/orders/notifications,200,362.121
1790188166.208081,/orders/stats,200,510.153
1790188166.2387588,/orders/stats,200,540.52
1790188166.253257,/orders?limit=10&offset=0,200,488.868
1790188166.266397,/orders?limit=10&offset=0,200,447.882
1790188166.267037,/orders/stats,200,427.782
1790188166.269855,/orders/stats,200,525.037
1790188166.304511,/orders?limit=10&offset=0,200,456.74
1790188166.328256,/orders/stats,200,486.147
1790188166.3294342,/orders?limit=10&offset=0,200,836.94
1790188166.3302689,/orders/notifications,200,266.038
1790188166.388627,/orders/stats,200,441.684
1790188166.389882,/orders/stats,200,467.342
1790188166.4544551,/orders?limit=10&offset=0,200,417.067
1790188166.518284,/orders/notifications,200,416.134
1790188166.519488,/orders/stats,200,431.747
1790188166.5397298,/orders/notifications,200,422.933
1790188166.552085,/orders/notifications,200,313.305
1790188166.553333,/orders/stats,200,505.964
1790188166.568597,/orders?limit=10&offset=0,200,450.52
1790188166.5776691,/orders?limit=10&offset=0,200,476.01
1790188166.579384,/orders/notifications,200,371.283
1790188166.58033,/orders?limit=10&offset=0,200,856.703
1790188166.593801,/orders/stats,200,505.45
1790188166.6134899,/orders/notifications,200,346.414
1790188166.6139798,/orders/notifications,200,344.086
1790188166.636571,/orders?limit=10&offset=0,200,429.284
1790188166.65974,/orders/stats,200,393.281
1790188166.677983,/orders/notifications,200,349.704
1790188166.691668,/orders/notifications,200,301.769
1790188166.7212648,/orders/stats,200,467.985
1790188166.721838,/orders/notifications,200,333.193
1790188166.7374122,/orders?limit=10&offset=0,200,407.11
1790188166.738233,/orders/notifications,200,218.728
1790188166.758079,/orders/notifications,200,204.729
1790188166.7602618,/orders/stats,200,455.729
1790188166.761461,/orders/stats,200,432.005
1790188166.7729988,/orders/notifications,200,750.178
1790188166.786726,/orders?limit=10&offset=0,200,840.123
1790188166.802513,/orders?limit=10&offset=0,200,284.209
1790188166.812364,/orders?limit=10&offset=0,200,272.61
1790188166.8252878,/orders/notifications,200,231.465
1790188166.8376791,/orders?limit=10&offset=0,200,285.573
1790188166.852798,/orders/stats,200,398.321
1790188166.853133,/orders?limit=10&offset=0,200,273.73
1790188166.857137,/orders?limit=10&offset=0,200,885.945
1790188166.887219,/orders/notifications,200,227.434
1790188166.897541,/orders?limit=10&offset=0,200,283.541
1790188166.8987541,/orders/stats,200,318.398
1790188166.913716,/orders/notifications,200,192.413
1790188166.919882,/orders?limit=10&offset=0,200,306.36
1790188166.9205482,/orders/stats,200,342.861
1790188166.94108,/orders?limit=10&offset=0,200,263.077
1790188166.959229,/orders?limit=10&offset=0,200,267.514
1790188166.978889,/orders/notifications,200,217.41
1790188166.9795358,/orders/notifications,200,219.254
1790188166.995214,/orders?limit=10&offset=0,200,273.358
1790188167.005735,/orders/stats,200,437.115
1790188167.02385,/orders/stats,200,387.258
1790188167.03905,/orders?limit=10&offset=0,200,280.929
1790188167.039386,/orders?limit=10&offset=0,200,301.134
1790188167.0528388,/orders?limit=10&offset=0,200,279.815
1790188167.0803788,/orders/notifications,200,227.528
1790188167.1156201,/orders/stats,200,303.219
1790188167.118161,/orders/stats,200,315.627
1790188167.171016,/orders/stats,200,433.58
1790188167.171382,/orders/stats,200,333.684
1790188167.180126,/orders/notifications,200,281.33
1790188167.1804721,/orders/stats,200,393.724
1790188167.1914802,/orders/notifications,200,270.898
1790188167.210221,/orders?limit=10&offset=0,200,322.967
1790188167.2724211,/orders?limit=10&offset=0,200,358.676
1790188167.272664,/orders/stats,200,375.098
1790188167.3392582,/orders/stats,200,482.101
1790188167.353647,/orders/notifications,200,347.891
1790188167.379254,/orders?limit=10&offset=0,200,400.337
1790188167.3801448,/orders/notifications,200,356.242
1790188167.3937988,/orders/stats,200,540.648
1790188167.394743,/orders?limit=10&offset=0,200,415.168
1790188167.395915,/orders/stats,200,436.661
1790188167.437334,/orders/stats,200,442.094
1790188167.438108,/orders/notifications,200,322.446
1790188167.43923,/orders/notifications,200,321.05
1790188167.449343,/orders/stats,200,410.265
1790188167.4584908,/orders?limit=10&offset=0,200,378.083
1790188167.5043788,/orders/notifications,200,333.339
1790188167.504992,/orders/stats,200,465.588
1790188167.5108821,/orders/notifications,200,339.485
1790188167.5115619,/orders/notifications,200,331.075
1790188167.529263,/orders/stats,200,476.4
1790188167.546871,/orders?limit=10&offset=0,200,721.553
1790188167.547145,/orders/notifications,200,207.869
1790188167.563521,/orders/notifications,200,290.841
1790188167.565057,/orders?limit=10&offset=0,200,384.907
1790188167.59769,/orders?limit=10&offset=0,200,406.187
1790188167.623786,/orders/notifications,200,227.851
1790188167.624643,/orders/notifications,200,230.823
1790188167.647763,/orders?limit=10&offset=0,200,294.067
1790188167.6616042,/orders/stats,200,451.359
1790188167.662681,/orders/stats,200,283.405
1790188167.678102,/orders/stats,200,405.659
1790188167.772133,/orders?limit=10&offset=0,200,391.962
1790188167.773459,/orders/notifications,200,324.089
1790188167.787091,/orders?limit=10&offset=0,200,348.937
1790188167.812686,/orders/notifications,200,307.677
1790188167.81376,/orders?limit=10&offset=0,200,374.51
1790188167.846742,/orders/notifications,200,317.451
1790188167.8880682,/orders?limit=10&offset=0,200,377.162
1790188167.938544,/orders/stats,200,480.03
1790188167.940665,/orders?limit=10&offset=0,200,436.259
1790188167.988039,/orders?limit=10&offset=0,200,476.456
1790188168.019659,/orders?limit=10&offset=0,200,472.496
1790188168.090399,/orders/stats,200,1149.289
1790188168.147542,/orders/notifications,200,484.815
1790188168.1595352,/orders?limit=10&offset=0,200,535.725
1790188168.1603892,/orders/stats,200,1240.463
1790188168.161442,/orders/stats,200,596.363
1790188168.218775,/orders/notifications,200,540.649
1790188168.228668,/orders/notifications,200,791.306
1790188168.241649,/orders/stats,200,846.858
1790188168.3070898,/orders/stats,200,760.19
1790188168.3077,/orders?limit=10&offset=0,200,683.036
1790188168.323416,/orders/stats,200,675.618
1790188168.368804,/orders?limit=10&offset=0,200,595.322
1790188168.406181,/orders/stats,200,619.061
1790188168.46286,/orders/stats,200,649.074
1790188168.47861,/orders?limit=10&offset=0,200,631.837
1790188168.478904,/orders?limit=10&offset=0,200,666.192
1790188168.555278,/orders/stats,200,535.595
1790188168.555994,/orders/stats,200,667.899
1790188168.5791712,/orders/notifications,200,917.538
1790188168.579848,/orders/notifications,200,641.279
1790188168.621218,/orders?limit=10&offset=0,200,1057.666
1790188168.623273,/orders?limit=10&offset=0,200,471.624
1790188168.644282,/orders/notifications,200,482.816
1790188168.647342,/orders/notifications,200,405.671
1790188168.6629062,/orders?limit=10&offset=0,200,444.109
1790188168.663478,/orders/stats,200,503.921
1790188168.678928,/orders/notifications,200,371.816
1790188168.679235,/orders/notifications,200,518.825
1790188168.698956,/orders/notifications,200,375.519
1790188168.738664,/orders/notifications,200,332.437
1790188168.76093,/orders/notifications,200,298.026
1790188168.777023,/orders/stats,200,469.303
1790188168.778378,/orders?limit=10&offset=0,200,549.685
1790188168.786889,/orders/stats,200,846.198
1790188168.806568,/orders/notifications,200,250.557
1790188168.806991,/orders/notifications,200,251.679
1790188168.8553128,/orders/notifications,200,764.873
1790188168.8557801,/orders/stats,200,376.86
1790188168.862875,/orders/stats,200,1265.151
1790188169.011319,/orders/stats,200,532.676
1790188169.04164,/orders/notifications,200,378.041
1790188169.055073,/orders/stats,200,686.242
1790188169.085827,/orders?limit=10&offset=0,200,506.627
1790188169.0864809,/orders?limit=10&offset=0,200,506.614
1790188169.1116889,/orders/stats,200,488.381
1790188169.1396291,/orders?limit=10&offset=0,200,492.258
1790188169.139928,/orders?limit=10&offset=0,200,495.626
1790188169.1523242,/orders/stats,200,531.077
1790188169.1611881,/orders?limit=10&offset=0,200,482.236
1790188169.172707,/orders/stats,200,509.775
1790188169.1946628,/orders/notifications,200,417.616
1790188169.212215,/orders/stats,200,1440.047
1790188169.213768,/orders/notifications,200,426.851
1790188169.2277179,/orders?limit=10&offset=0,200,489.022
1790188169.236916,/orders?limit=10&offset=0,200,557.661
1790188169.2374861,/orders?limit=10&offset=0,200,476.531
1790188169.255043,/orders/stats,200,476.639
1790188169.255719,/orders?limit=10&offset=0,200,449.129
1790188169.288647,/orders/notifications,200,277.307
1790188169.289089,/orders?limit=10&offset=0,200,482.079
1790188169.289702,/orders/notifications,200,433.905
1790188169.305897,/orders?limit=10&offset=0,200,450.562
1790188169.335605,/orders/stats,200,1347.534
1790188169.3489401,/orders?limit=10&offset=0,200,649.953
1790188169.3501399,/orders?limit=10&offset=0,200,308.471
1790188169.353342,/orders/notifications,200,241.628
1790188169.35481,/orders/notifications,200,491.91
1790188169.385144,/orders/notifications,200,232.799
1790188169.4144168,/orders/notifications,200,359.32
1790188169.440363,/orders/notifications,200,267.635
1790188169.4568782,/orders/stats,200,317.226
1790188169.457349,/orders/notifications,200,245.065
1790188169.488502,/orders/stats,200,348.556
1790188169.4888058,/orders?limit=10&offset=0,200,294.123
1790188169.489402,/orders/stats,200,402.905
1790188169.5034409,/orders/stats,200,342.232
1790188169.537699,/orders/stats,200,300.761
1790188169.610365,/orders?limit=10&offset=0,200,396.572
1790188169.623842,/orders?limit=10&offset=0,200,334.123
1790188169.634685,/orders/stats,200,397.182
1790188169.635511,/orders/notifications,200,299.887
1790188169.6449668,/orders/stats,200,389.23
1790188169.664543,/orders/stats,200,578.692
1790188169.668103,/orders/stats,200,440.362
1790188169.6690829,/orders/stats,200,363.162
1790188169.72961,/orders/notifications,200,272.706
1790188169.743507,/orders/stats,200,393.287
1790188169.744334,/orders?limit=10&offset=0,200,389.505
1790188169.761088,/orders/stats,200,412.108
1790188169.761918,/orders/notifications,200,273.393
1790188169.778049,/orders?limit=10&offset=0,200,424.687
1790188169.796719,/orders/notifications,200,293.253
1790188169.798474,/orders?limit=10&offset=0,200,384.028
1790188169.808855,/orders?limit=10&offset=0,200,368.445
1790188169.81092,/orders/notifications,200,273.202
1790188169.81167,/orders?limit=10&offset=0,200,426.502
1790188169.83844,/orders/notifications,200,349.019
1790188169.84782,/orders/stats,200,358.996
1790188169.8509371,/orders/notifications,200,216.221
1790188169.904104,/orders/notifications,200,649.034
1790188169.904373,/orders/stats,200,615.267
1790188169.912422,/orders/notifications,200,267.435
1790188169.921567,/orders/notifications,200,253.445
1790188169.931618,/orders/notifications,200,262.51
1790188169.932127,/orders/stats,200,308.264
1790188169.944749,/orders/notifications,200,280.179
1790188169.955167,/orders/notifications,200,211.64
1790188169.955497,/orders/stats,200,345.113
1790188169.9623559,/orders/notifications,200,201.244
1790188169.972578,/orders?limit=10&offset=0,200,337.048
1790188170.094062,/orders?limit=10&offset=0,200,805.385
1790188170.1117399,/orders?limit=10&offset=0,200,349.771
1790188170.112392,/orders?limit=10&offset=0,200,382.755
1790188170.1628768,/orders/stats,200,418.523
1790188170.163562,/orders?limit=10&offset=0,200,366.799
1790188170.1871428,/orders/stats,200,388.642
1790188170.204787,/orders/notifications,200,300.384
1790188170.205384,/orders?limit=10&offset=0,200,394.445
1790188170.2201731,/orders/stats,200,442.101
1790188170.2204711,/orders/stats,200,411.591
1790188170.233492,/orders/stats,200,421.787
1790188170.234658,/orders?limit=10&offset=0,200,396.196
1790188170.2364538,/orders/notifications,200,388.606
1790188170.2457411,/orders?limit=10&offset=0,200,341.614
1790188170.2572422,/orders?limit=10&offset=0,200,344.796
1790188170.3087318,/orders/notifications,200,353.006
1790188170.311032,/orders?limit=10&offset=0,200,853.659
1790188170.323744,/orders?limit=10&offset=0,200,392.092
1790188170.332103,/orders?limit=10&offset=0,200,410.492
1790188170.345747,/orders/notifications,200,413.598
1790188170.3593652,/orders?limit=10&offset=0,200,414.591
1790188170.371326,/orders?limit=10&offset=0,200,416.137
1790188170.383063,/orders?limit=10&offset=0,200,420.674
1790188170.4215732,/orders/stats,200,327.49
1790188170.4301288,/orders/stats,200,457.525
1790188170.430835,/orders/notifications,200,267.935
1790188170.432607,/orders/notifications,200,245.432
1790188170.44567,/orders/notifications,200,225.473
1790188170.4561322,/orders/notifications,200,235.644
1790188170.463288,/orders/stats,200,350.877
1790188170.479406,/orders/stats,200,315.825
1790188170.622783,/orders?limit=10&offset=0,200,386.31
1790188170.636715,/orders?limit=10&offset=0,200,327.942
1790188170.637455,/orders/stats,200,326.405
1790188170.6383061,/orders/stats,200,403.627
1790188170.645799,/orders/stats,200,534.035
1790188170.6606898,/orders?limit=10&offset=0,200,809.715
1790188170.705951,/orders/stats,200,448.688
1790188170.7063522,/orders/stats,200,382.589
1790188170.706988,/orders/stats,200,374.858
1790188170.7599318,/orders/stats,200,514.165
1790188170.785075,/orders/notifications,200,363.481
1790188170.797027,/orders?limit=10&offset=0,200,451.251
1790188170.805794,/orders/notifications,200,375.617
1790188170.819838,/orders/notifications,200,356.524
1790188170.8207202,/orders?limit=10&offset=0,200,388.087
1790188170.829687,/orders/notifications,200,350.256
1790188170.830347,/orders/notifications,200,596.808
1790188170.8391218,/orders/stats,200,633.717
1790188170.8560069,/orders?limit=10&offset=0,200,425.119
1790188170.872378,/orders?limit=10&offset=0,200,416.223
1790188170.8842418,/orders?limit=10&offset=0,200,438.547
1790188170.88481,/orders/notifications,200,247.34
1790188170.89425,/orders/notifications,200,255.928
1790188170.908745,/orders?limit=10&offset=0,200,703.932
1790188170.920102,/orders/notifications,200,274.28
1790188170.9303749,/orders/stats,200,307.569
1790188170.9513311,/orders/notifications,200,244.962
1790188170.9740858,/orders/notifications,200,268.113
1790188170.974895,/orders/stats,200,338.159
1790188170.986828,/orders/notifications,200,226.872
1790188171.015337,/orders/notifications,200,308.331
1790188171.0158231,/orders/stats,200,355.107
1790188171.030376,/orders/stats,200,647.274
1790188171.046444,/orders/notifications,200,207.301
1790188171.0467489,/orders?limit=10&offset=0,200,240.937
1790188171.061546,/orders?limit=10&offset=0,200,231.125
1790188171.06212,/orders?limit=10&offset=0,200,242.262
1790188171.085558,/orders/stats,200,264.819
1790188171.096703,/orders/stats,200,299.649
1790188171.152765,/orders?limit=10&offset=0,200,367.668
1790188171.153356,/orders/stats,200,297.317
1790188171.1769521,/orders/stats,200,304.54
1790188171.1952488,/orders?limit=10&offset=0,200,300.95
1790188171.197566,/orders?limit=10&offset=0,200,312.737
1790188171.209502,/orders/notifications,200,279.104
1790188171.210151,/orders/notifications,200,235.241
1790188171.222474,/orders?limit=10&offset=0,200,302.346
1790188171.2256262,/orders/stats,200,341.351
1790188171.238121,/orders?limit=10&offset=0,200,286.763
1790188171.247149,/orders/notifications,200,216.746
1790188171.259754,/orders/notifications,200,243.911
1790188171.271905,/orders?limit=10&offset=0,200,285.033
1790188171.281697,/orders?limit=10&offset=0,200,307.584
1790188171.30624,/orders?limit=10&offset=0,200,259.773
1790188171.320283,/orders?limit=10&offset=0,200,304.906
1790188171.3205812,/orders/notifications,200,235.004
1790188171.342866,/orders/notifications,200,246.139
1790188171.343738,/orders/stats,200,984.345
1790188171.3559859,/orders/notifications,200,202.614
1790188171.365471,/orders/stats,200,994.115
1790188171.378819,/orders/stats,200,332.053
1790188171.388723,/orders/stats,200,327.155
1790188171.438439,/orders/stats,200,376.302
1790188171.4547,/orders/stats,200,301.913
1790188171.4633741,/orders?limit=10&offset=0,200,633.659
1790188171.478753,/orders/notifications,200,253.107
1790188171.479625,/orders/stats,200,570.856
1790188171.480526,/orders/stats,200,285.25
1790188171.500799,/orders/stats,200,303.182
1790188171.511828,/orders?limit=10&offset=0,200,302.306
1790188171.6161542,/orders?limit=10&offset=0,200,368.98
1790188171.6385431,/orders?limit=10&offset=0,200,378.767
1790188171.661247,/orders/notifications,200,317.491
1790188171.673297,/orders/stats,200,391.574
1790188171.6782,/orders/stats,200,406.273
1790188171.681951,/orders/stats,200,459.454
1790188171.695356,/orders/stats,200,389.092
1790188171.6956952,/orders/notifications,200,330.176
1790188171.696322,/orders/stats,200,458.177
1790188171.7278452,/orders/notifications,200,550.866
1790188171.728161,/orders?limit=10&offset=0,200,372.153
1790188171.741544,/orders/notifications,200,286.823
1790188171.742371,/orders/notifications,200,363.529
1790188171.743768,/orders?limit=10&offset=0,200,423.17
1790188171.7448692,/orders?limit=10&offset=0,200,534.702
1790188171.763952,/orders?limit=10&offset=0,200,421.059
1790188171.765075,/orders/notifications,200,326.617
1790188171.8328168,/orders/notifications,200,352.24
1790188171.841208,/orders/notifications,200,340.363
1790188171.854391,/orders/notifications,200,374.723
1790188171.874686,/orders?limit=10&offset=0,200,395.874
1790188171.875347,/orders/notifications,200,202.032
1790188171.9000509,/orders/stats,200,436.645
1790188171.911229,/orders/notifications,200,229.256
1790188171.9120991,/orders/notifications,200,233.881
1790188171.9130712,/orders/notifications,200,216.728
1790188171.944685,/orders/stats,200,306.12
1790188171.945461,/orders/stats,200,625.126
1790188171.946078,/orders?limit=10&offset=0,200,284.808
1790188172.013746,/orders/notifications,200,318.36
1790188172.014279,/orders?limit=10&offset=0,200,318.566
1790188172.026405,/orders/stats,200,514.552
1790188172.04072,/orders?limit=10&offset=0,200,312.853
1790188172.053493,/orders/stats,200,308.604
1790188172.069531,/orders?limit=10&offset=0,200,327.963
1790188172.069781,/orders/stats,200,453.604
1790188172.0885592,/orders/notifications,200,699.792
1790188172.089462,/orders/stats,200,345.673
1790188172.1000252,/orders?limit=10&offset=0,200,334.917
1790188172.100542,/orders?limit=10&offset=0,200,358.145
1790188172.117088,/orders?limit=10&offset=0,200,275.851
1790188172.1353931,/orders/notifications,200,190.686
1790188172.1951091,/orders?limit=10&offset=0,200,340.693
1790188172.1954439,/orders/stats,200,431.457
1790188172.2071302,/orders/notifications,200,261.649
1790188172.217207,/orders?limit=10&offset=0,200,341.834
1790188172.218805,/orders?limit=10&offset=0,200,306.631
1790188172.2194629,/orders/stats,200,344.757
1790188172.23322,/orders?limit=10&offset=0,200,320.066
1790188172.2523441,/orders?limit=10&offset=0,200,419.489
1790188172.355284,/orders?limit=10&offset=0,200,444.034
1790188172.355875,/orders/notifications,200,286.08
1790188172.358887,/orders/notifications,200,305.298
1790188172.3731709,/orders?limit=10&offset=0,200,359.379
1790188172.384259,/orders/notifications,200,294.755
1790188172.418313,/orders/stats,200,377.571
1790188172.4190578,/orders/stats,200,472.962
1790188172.5015502,/orders/stats,200,431.994
1790188172.520517,/orders/stats,200,419.937
1790188172.537,/orders?limit=10&offset=0,200,448.418
1790188172.571758,/orders/notifications,200,376.298
1790188172.573005,/orders?limit=10&offset=0,200,437.591
1790188172.5738492,/orders/notifications,200,673.761
1790188172.5962722,/orders/stats,200,401.139
1790188172.596957,/orders/stats,200,479.795
1790188172.597622,/orders?limit=10&offset=0,200,390.471
1790188172.611497,/orders/notifications,200,392.014
1790188172.6224241,/orders/stats,200,522.365
1790188172.6233149,/orders/stats,200,406.079
1790188172.637467,/orders/notifications,200,611.036
1790188172.695359,/orders/stats,200,462.096
1790188172.710565,/orders/notifications,200,292.23
1790188172.721062,/orders/stats,200,502.209
1790188172.7333639,/orders/stats,200,1005.171
1790188172.733902,/orders/notifications,200,314.826
1790188172.7534761,/orders?limit=10&offset=0,200,369.176
1790188172.772171,/orders?limit=10&offset=0,200,413.237
1790188172.7725608,/orders/notifications,200,251.915
1790188172.795056,/orders/notifications,200,293.484
1790188172.805664,/orders?limit=10&offset=0,200,449.756
1790188172.822728,/orders/stats,200,449.534
1790188172.834783,/orders/stats,200,479.475
1790188172.843814,/orders?limit=10&offset=0,200,272.036
1790188172.8555782,/orders/notifications,200,259.286
1790188172.866559,/orders/notifications,200,269.578
1790188172.867083,/orders/notifications,200,244.635
1790188172.877737,/orders/notifications,200,254.402
1790188172.89236,/orders/stats,200,319.335
1790188172.8930008,/orders/notifications,200,197.614
1790188172.911073,/orders/notifications,200,177.665
1790188172.962281,/orders/notifications,200,241.196
1790188172.974129,/orders/stats,200,376.487
1790188172.977546,/orders?limit=10&offset=0,200,340.059
1790188172.9912908,/orders?limit=10&offset=0,200,417.406
1790188172.993087,/orders?limit=10&offset=0,200,282.501
1790188173.024083,/orders?limit=10&offset=0,200,290.161
1790188173.0250702,/orders/stats,200,1009.86
1790188173.0391,/orders/notifications,200,216.352
1790188173.0524569,/orders/stats,200,515.433
1790188173.0747478,/orders/notifications,200,239.945
1790188173.088576,/orders?limit=10&offset=0,200,315.999
1790188173.0892642,/orders?limit=10&offset=0,200,294.173
1790188173.108526,/orders/stats,200,355.028
1790188173.129953,/orders?limit=10&offset=0,200,274.352
1790188173.146282,/orders/stats,200,302.449
1790188173.146941,/orders?limit=10&offset=0,200,280.358
1790188173.1473331,/orders/stats,200,341.647
1790188173.158474,/orders?limit=10&offset=0,200,291.368
1790188173.1760352,/orders?limit=10&offset=0,200,298.083
1790188173.194633,/orders/notifications,200,302.251
1790188173.195401,/orders?limit=10&offset=0,200,302.37
1790188173.196158,/orders?limit=10&offset=0,200,233.853
1790188173.1970959,/orders/notifications,200,222.947
1790188173.211648,/orders?limit=10&offset=0,200,300.552
1790188173.26061,/orders/notifications,200,235.512
1790188173.2765179,/orders/notifications,200,224.04
1790188173.277525,/orders?limit=10&offset=0,200,666.0
1790188173.288478,/orders/stats,200,1036.081
1790188173.299765,/orders/stats,200,275.651
1790188173.308969,/orders/stats,200,536.737
1790188173.320181,/orders/stats,200,342.616
1790188173.333982,/orders/notifications,200,187.644
1790188173.334931,/orders?limit=10&offset=0,200,260.166
1790188173.3351989,/orders/notifications,200,226.644
1790188173.350674,/orders/stats,200,357.563
1790188173.3604732,/orders/stats,200,271.871
1790188173.394725,/orders/notifications,200,247.359
1790188173.39499,/orders?limit=10&offset=0,200,355.87
1790188173.417544,/orders/stats,200,241.453
1790188173.432737,/orders/stats,200,343.451
1790188173.434438,/orders/stats,200,304.459
1790188173.435479,/orders?limit=10&offset=0,200,240.827
1790188173.471228,/orders?limit=10&offset=0,200,210.598
1790188173.4718988,/orders/notifications,200,183.403
1790188173.472702,/orders?limit=10&offset=0,200,275.586
1790188173.4733078,/orders/stats,200,326.333
1790188173.483862,/orders?limit=10&offset=0,200,207.319
1790188173.490294,/orders/stats,200,278.624
1790188173.546655,/orders/notifications,200,226.45
1790188173.547819,/orders/stats,200,351.618
1790188173.602669,/orders/stats,200,444.174
1790188173.6036391,/orders/stats,200,408.219
1790188173.619321,/orders/notifications,200,310.33
1790188173.64392,/orders/notifications,200,283.426
1790188173.655636,/orders/notifications,200,304.89
1790188173.666369,/orders?limit=10&offset=0,200,331.151
1790188173.672666,/orders/stats,200,337.716
1790188173.7031958,/orders/notifications,200,285.616
1790188173.7037818,/orders/notifications,200,270.975
1790188173.717099,/orders/notifications,200,282.629
1790188173.717639,/orders?limit=10&offset=0,200,322.885
1790188173.737982,/orders/stats,200,342.974
1790188173.790965,/orders/notifications,200,317.638
1790188173.8062122,/orders?limit=10&offset=0,200,472.187
1790188173.823188,/orders?limit=10&offset=0,200,351.27
1790188173.827641,/orders/stats,200,392.142
1790188173.843285,/orders/notifications,200,295.443
1790188173.843713,/orders/notifications,200,353.386
1790188173.858133,/orders/notifications,200,254.479
1790188173.8796,/orders/notifications,200,579.794
1790188173.8801332,/orders/stats,200,408.884
1790188173.880517,/orders/notifications,200,277.829
1790188173.905211,/orders/stats,200,913.891
1790188173.905484,/orders?limit=10&offset=0,200,358.804
1790188173.924654,/orders/stats,200,451.935
1790188173.935935,/orders?limit=10&offset=0,200,316.592
1790188173.948203,/orders/notifications,200,275.514
1790188173.94855,/orders?limit=10&offset=0,200,292.88
1790188173.950222,/orders/stats,200,466.313
1790188173.957757,/orders/notifications,200,219.756
1790188173.973474,/orders/stats,200,307.074
1790188173.9745548,/orders?limit=10&offset=0,200,330.614
1790188173.9991271,/orders?limit=10&offset=0,200,295.314
1790188174.0065222,/orders/notifications,200,178.864
1790188174.02158,/orders?limit=10&offset=0,200,318.361
1790188174.0419672,/orders/notifications,200,161.764
1790188174.043355,/orders?limit=10&offset=0,200,326.216
1790188174.067039,/orders/stats,200,243.822
1790188174.075011,/orders?limit=10&offset=0,200,284.027
1790188174.076131,/orders?limit=10&offset=0,200,232.8
1790188174.094322,/orders/notifications,200,169.65
1790188174.094642,/orders?limit=10&offset=0,200,250.913
1790188174.1107829,/orders?limit=10&offset=0,200,252.629
1790188174.1554308,/orders/stats,200,437.762
1790188174.169228,/orders/stats,200,362.995
1790188174.2127879,/orders/notifications,200,262.542
1790188174.306156,/orders/stats,200,1028.605
1790188174.3069608,/orders/stats,200,370.995
1790188174.319391,/orders/notifications,200,345.896
1790188174.319721,/orders/stats,200,371.155
1790188174.353214,/orders?limit=10&offset=0,200,404.961
1790188174.3718982,/orders?limit=10&offset=0,200,414.119
1790188174.3751738,/orders/stats,200,400.603
1790188174.387676,/orders?limit=10&offset=0,200,381.09
1790188174.4454,/orders/notifications,200,289.945
1790188174.446421,/orders/stats,200,371.392
1790188174.4614458,/orders/notifications,200,394.361
1790188174.461765,/orders/stats,200,418.392
1790188174.464067,/orders?limit=10&offset=0,200,422.08
1790188174.47346,/orders/stats,200,451.858
1790188174.4889019,/orders/notifications,200,583.664
1790188174.4892192,/orders/stats,200,394.561
1790188174.556177,/orders/stats,200,480.008
1790188174.55686,/orders/notifications,200,249.88
1790188174.567522,/orders/notifications,200,261.334
1790188174.568522,/orders?limit=10&offset=0,200,474.177
1790188174.569342,/orders?limit=10&offset=0,200,689.713
1790188174.591528,/orders/stats,200,592.361
1790188174.5944011,/orders/stats,200,483.596
1790188174.6191099,/orders?limit=10&offset=0,200,406.299
1790188174.63729,/orders/notifications,200,262.067
1790188174.6375859,/orders?limit=10&offset=0,200,757.046
1790188174.661333,/orders?limit=10&offset=0,200,341.921
1790188174.674071,/orders/stats,200,302.153
1790188174.6773162,/orders/notifications,200,230.876
1790188174.6781409,/orders/notifications,200,358.406
1790188174.691282,/orders/stats,200,338.047
1790188174.7028558,/orders?limit=10&offset=0,200,257.435
1790188174.703146,/orders/notifications,200,241.367
1790188174.727123,/orders/notifications,200,170.928
1790188174.785511,/orders?limit=10&offset=0,200,324.03
1790188174.786518,/orders/stats,200,398.821
1790188174.7870998,/orders/notifications,200,617.849
1790188174.787657,/orders/notifications,200,314.175
1790188174.804756,/orders?limit=10&offset=0,200,315.816
1790188174.8378549,/orders/notifications,200,243.413
1790188174.847415,/orders?limit=10&offset=0,200,290.534
1790188174.917844,/orders/stats,200,349.302
1790188174.918484,/orders/stats,200,1012.976
1790188174.9387898,/orders/stats,200,369.43
1790188174.992453,/orders?limit=10&offset=0,200,424.888
1790188174.9937038,/orders/stats,200,356.102
1790188175.045133,/orders/notifications,200,453.583
1790188175.04548,/orders?limit=10&offset=0,200,408.17
1790188175.065681,/orders?limit=10&offset=0,200,387.519
1790188175.118923,/orders/notifications,200,332.386
1790188175.1308181,/orders/notifications,200,641.579
1790188175.131149,/orders?limit=10&offset=0,200,427.987
1790188175.144107,/orders/stats,200,680.009
1790188175.145047,/orders/stats,200,442.169
1790188175.163693,/orders?limit=10&offset=0,200,376.017
1790188175.179326,/orders?limit=10&offset=0,200,452.177
1790188175.189593,/orders/stats,200,404.061
1790188175.212615,/orders/notifications,200,294.09
1790188175.23783,/orders?limit=10&offset=0,200,450.711
1790188175.259618,/orders/notifications,200,320.806
1790188175.261964,/orders?limit=10&offset=0,200,424.086
1790188175.2633002,/orders/notifications,200,345.435
1790188175.2692852,/orders?limit=10&offset=0,200,591.943
1790188175.292733,/orders/notifications,200,299.006
1790188175.31279,/orders/stats,200,465.345
1790188175.330941,/orders/stats,200,526.159
1790188175.361344,/orders/notifications,200,687.244
1790188175.377454,/orders/notifications,200,686.147
1790188175.411628,/orders?limit=10&offset=0,200,366.473
1790188175.411892,/orders/notifications,200,266.828
1790188175.412822,/orders/stats,200,420.345
1790188175.423519,/orders?limit=10&offset=0,200,304.574
1790188175.438234,/orders/notifications,200,294.103
1790188175.496362,/orders/notifications,200,306.748
1790188175.577674,/orders/stats,200,446.5
1790188175.641578,/orders/stats,200,477.86
1790188175.6615198,/orders?limit=10&offset=0,200,448.877
1790188175.6811872,/orders/notifications,200,368.369
1790188175.683213,/orders?limit=10&offset=0,200,423.553
1790188175.691304,/orders/notifications,200,360.338
1790188175.696846,/orders?limit=10&offset=0,200,433.495
1790188175.708826,/orders/stats,200,663.325
1790188175.738525,/orders/stats,200,1119.386
1790188175.739289,/orders/stats,200,673.582
1790188175.7549372,/orders/stats,200,492.951
1790188175.762741,/orders/stats,200,493.43
1790188175.772608,/orders?limit=10&offset=0,200,411.24
1790188175.7733219,/orders/notifications,200,360.483
1790188175.774026,/orders?limit=10&offset=0,200,396.527
1790188175.789242,/orders/stats,200,377.587
1790188175.801176,/orders/stats,200,621.819
1790188175.801955,/orders?limit=10&offset=0,200,509.185
1790188175.834477,/orders?limit=10&offset=0,200,422.567
1790188175.93392,/orders/stats,200,1272.556
1790188175.97365,/orders?limit=10&offset=0,200,477.263
1790188175.974228,/orders/notifications,200,332.631
1790188176.005419,/orders/stats,200,581.878
1790188176.005776,/orders?limit=10&offset=0,200,874.931
1790188176.027095,/orders?limit=10&offset=0,200,588.831
1790188176.044092,/orders/notifications,200,466.388
1790188176.061975,/orders/notifications,200,353.125
1790188176.062807,/orders/notifications,200,324.261
1790188176.092609,/orders?limit=10&offset=0,200,401.244
1790188176.107302,/orders/notifications,200,367.994
1790188176.121123,/orders/stats,200,459.578
1790188176.122966,/orders/notifications,200,368.008
1790188176.2247,/orders/notifications,200,461.933
1790188176.2278452,/orders?limit=10&offset=0,200,546.629
1790188176.246426,/orders/notifications,200,457.13
1790188176.247212,/orders/notifications,200,445.866
1790188176.260405,/orders/stats,200,563.521
1790188176.280185,/orders/notifications,200,346.242
1790188176.2940748,/orders?limit=10&offset=0,200,520.732
1790188176.305194,/orders/stats,200,532.561
1790188176.319963,/orders/notifications,200,314.524
1790188176.320292,/orders/stats,200,546.248
1790188176.337714,/orders?limit=10&offset=0,200,363.467
1790188176.368396,/orders/stats,200,566.42
1790188176.378967,/orders/stats,200,544.436
1790188176.402397,/orders?limit=10&offset=0,200,358.284
1790188176.415393,/orders?limit=10&offset=0,200,352.566
1790188176.416745,/orders/notifications,200,295.598
1790188176.4181068,/orders/stats,200,390.987
1790188176.4188821,/orders/stats,200,445.209
1790188176.427171,/orders/stats,200,1189.286
1790188176.436409,/orders/stats,200,753.147
1790188176.446353,/orders/stats,200,353.685
1790188176.446692,/orders?limit=10&offset=0,200,339.371
1790188176.463199,/orders?limit=10&offset=0,200,340.213
1790188176.472594,/orders?limit=10&offset=0,200,410.595
1790188176.473452,/orders/notifications,200,213.027
1790188176.491082,/orders/notifications,200,170.772
1790188176.492595,/orders?limit=10&offset=0,200,267.873
1790188176.50416,/orders?limit=10&offset=0,200,257.709
1790188176.517025,/orders?limit=10&offset=0,200,269.783
1790188176.532352,/orders/stats,200,304.482
1790188176.542121,/orders/notifications,200,163.128
1790188176.543231,/orders/stats,200,537.439
1790188176.544176,/orders/notifications,200,175.761
1790188176.56557,/orders?limit=10&offset=0,200,245.582
1790188176.576499,/orders/stats,200,238.763
1790188176.5877109,/orders/notifications,200,169.586
1790188176.588017,/orders?limit=10&offset=0,200,307.807
1790188176.588602,/orders/notifications,200,283.389
1790188176.596446,/orders/stats,200,302.347
1790188176.6104288,/orders/notifications,200,183.239
1790188176.617609,/orders/notifications,200,171.233
1790188176.617897,/orders/notifications,200,199.001
1790188176.627083,/orders/stats,200,224.663
1790188176.656446,/orders/notifications,200,220.017
1790188176.6581728,/orders/stats,200,242.758
1790188176.6740701,/orders?limit=10&offset=0,200,257.288
1790188176.696727,/orders/notifications,200,164.338
1790188176.721962,/orders?limit=10&offset=0,200,248.492
1790188176.7394712,/orders?limit=10&offset=0,200,248.368
1790188176.752605,/orders/stats,200,259.992
1790188176.764756,/orders/stats,200,292.139
1790188176.778681,/orders/stats,200,274.498
1790188176.7789912,/orders/stats,200,332.284
1790188176.779653,/orders/notifications,200,203.09
1790188176.843059,/orders/stats,200,325.974
1790188176.85707,/orders/stats,200,393.843
1790188176.8606951,/orders?limit=10&offset=0,200,316.502
1790188176.862294,/orders/notifications,200,265.826
1790188176.922013,/orders/stats,200,356.421
1790188176.936895,/orders/notifications,200,309.792
1790188176.9435809,/orders?limit=10&offset=0,200,355.847
1790188176.99447,/orders?limit=10&offset=0,200,384.018
1790188177.027829,/orders/stats,200,439.794
1790188177.028542,/orders/notifications,200,370.351
1790188177.0293,/orders?limit=10&offset=0,200,411.668
1790188177.0415518,/orders?limit=10&offset=0,200,423.638
1790188177.043316,/orders?limit=10&offset=0,200,386.85
1790188177.055268,/orders/notifications,200,302.619
1790188177.094112,/orders?limit=10&offset=0,200,397.359
1790188177.103934,/orders/notifications,200,324.925
1790188177.104296,/orders/notifications,200,325.595
1790188177.164991,/orders/notifications,200,307.899
1790188177.165897,/orders/stats,200,491.797
1790188177.1733499,/orders?limit=10&offset=0,200,393.68
1790188177.187885,/orders/stats,200,448.391
1790188177.188669,/orders/notifications,200,645.41
1790188177.196686,/orders/notifications,200,274.653
1790188177.210813,/orders/notifications,200,367.703
1790188177.211297,/orders/stats,200,489.314
1790188177.229811,/orders?limit=10&offset=0,200,367.496
1790188177.238793,/orders?limit=10&offset=0,200,696.648
1790188177.24141,/orders/notifications,200,213.561
1790188177.2580218,/orders?limit=10&offset=0,200,321.107
1790188177.267648,/orders/stats,200,406.923
1790188177.278199,/orders?limit=10&offset=0,200,689.575
1790188177.319648,/orders?limit=10&offset=0,200,291.088
1790188177.3202739,/orders/stats,200,325.76
1790188177.3384802,/orders?limit=10&offset=0,200,283.191
1790188177.3551512,/orders/notifications,200,189.222
1790188177.3558269,/orders/stats,200,314.234
1790188177.361126,/orders/stats,200,417.523
1790188177.383223,/orders/stats,200,339.88
1790188177.395809,/orders?limit=10&offset=0,200,230.789
1790188177.3961222,/orders/notifications,200,208.162
1790188177.396394,/orders/notifications,200,631.613
1790188177.415391,/orders?limit=10&offset=0,200,311.435
1790188177.419296,/orders?limit=10&offset=0,200,314.984
1790188177.4324422,/orders?limit=10&offset=0,200,243.756
1790188177.445573,/orders/notifications,200,234.26
1790188177.447516,/orders/stats,200,274.147
1790188177.4614,/orders?limit=10&offset=0,200,264.689
1790188177.475011,/orders?limit=10&offset=0,200,264.151
1790188177.489735,/orders/stats,200,395.598
1790188177.490015,/orders/notifications,200,222.326
1790188177.510422,/orders/stats,200,481.101
1790188177.510725,/orders/notifications,200,190.437
1790188177.5228832,/orders/stats,200,284.034
1790188177.536936,/orders/stats,200,307.1
1790188177.537974,/orders?limit=10&offset=0,200,296.547
1790188177.549869,/orders/notifications,200,194.014
1790188177.56384,/orders/stats,200,305.782
1790188177.5650969,/orders/notifications,200,203.95
1790188177.583606,/orders?limit=10&offset=0,200,228.429
1790188177.584215,/orders/notifications,200,200.958
1790188177.591616,/orders/stats,200,271.946
1790188177.634836,/orders?limit=10&offset=0,200,238.698
1790188177.646132,/orders/notifications,200,198.593
1790188177.661298,/orders?limit=10&offset=0,200,264.888
1790188177.662095,/orders/stats,200,246.682
1790188177.688807,/orders/notifications,200,199.039
1790188177.701386,/orders/stats,200,362.883
1790188177.702955,/orders/stats,200,283.638
1790188177.703996,/orders/notifications,200,193.552
1790188177.712938,/orders/notifications,200,190.009
1790188177.7139132,/orders/stats,200,435.691
1790188177.727872,/orders/stats,200,295.408
1790188177.964027,/orders/stats,200,568.189
1790188177.964839,/orders?limit=10&offset=0,200,474.804
1790188177.979336,/orders/notifications,200,442.375
1790188178.008566,/orders/stats,200,547.138
1790188178.0450509,/orders/notifications,200,481.185
1790188178.045716,/orders?limit=10&offset=0,200,534.973
1790188178.0800729,/orders?limit=10&offset=0,200,530.154
1790188178.107768,/orders/notifications,200,516.131
1790188178.108036,/orders?limit=10&offset=0,200,542.915
1790188178.123181,/orders/stats,200,585.187
1790188178.149832,/orders/notifications,200,487.706
1790188178.151675,/orders?limit=10&offset=0,200,567.417
1790188178.173378,/orders/notifications,200,471.968
1790188178.1806972,/orders/stats,200,545.833
1790188178.198765,/orders?limit=10&offset=0,200,552.606
1790188178.199132,/orders/stats,200,615.459
1790188178.1995819,/orders/notifications,200,496.607
1790188178.21079,/orders/notifications,200,482.897
1790188178.222489,/orders?limit=10&offset=0,200,533.657
1790188178.223338,/orders/notifications,200,509.402
1790188178.236223,/orders/stats,200,574.901
1790188178.243986,/orders?limit=10&offset=0,200,531.022
1790188178.263157,/orders/notifications,200,254.569
1790188178.263468,/orders/stats,200,788.429
1790188178.323554,/orders/notifications,200,359.498
1790188178.337236,/orders?limit=10&offset=0,200,891.628
1790188178.37583,/orders/notifications,200,252.629
1790188178.37658,/orders?limit=10&offset=0,200,397.22
1790188178.389477,/orders?limit=10&offset=0,200,344.404
1790188178.403647,/orders/stats,200,438.786
1790188178.418509,/orders?limit=10&offset=0,200,310.719
1790188178.429023,/orders/stats,200,348.922
1790188178.441229,/orders?limit=10&offset=0,200,291.358
1790188178.441608,/orders/stats,200,395.874
1790188178.455724,/orders/notifications,200,256.574
1790188178.51092,/orders/stats,200,402.867
1790188178.580058,/orders?limit=10&offset=0,200,380.457
1790188178.593694,/orders/stats,200,441.999
1790188178.594502,/orders/notifications,200,358.257
1790188178.6062331,/orders/notifications,200,342.721
1790188178.6206799,/orders?limit=10&offset=0,200,409.844
1790188178.620942,/orders/stats,200,422.155
1790188178.6902232,/orders/stats,200,446.216
1790188178.719158,/orders/stats,200,496.635
1790188178.719774,/orders?limit=10&offset=0,200,456.574
1790188178.732322,/orders?limit=10&offset=0,200,1028.287
1790188178.7540622,/orders/notifications,200,350.39
1790188178.7547572,/orders?limit=10&offset=0,200,431.18
1790188178.763684,/orders/stats,200,426.401
1790188178.7760692,/orders?limit=10&offset=0,200,400.203
1790188178.913795,/orders/stats,200,495.261
1790188178.965346,/orders/notifications,200,784.614
1790188178.968693,/orders/stats,200,579.176
1790188178.9931772,/orders/notifications,200,482.235
1790188179.0088031,/orders/notifications,200,415.086
1790188179.0106099,/orders?limit=10&offset=0,200,837.198
1790188179.0135128,/orders/notifications,200,392.553
1790188179.028264,/orders?limit=10&offset=0,200,572.514
1790188179.047272,/orders/stats,200,606.015
1790188179.04808,/orders/stats,200,671.479
1790188179.052535,/orders/notifications,200,362.291
1790188179.0900538,/orders/stats,200,509.971
1790188179.090745,/orders/notifications,200,371.548
1790188179.112098,/orders?limit=10&offset=0,200,517.573
1790188179.114447,/orders/stats,200,493.74
1790188179.119734,/orders?limit=10&offset=0,200,896.371
1790188179.143879,/orders?limit=10&offset=0,200,537.618
1790188179.1589818,/orders/notifications,200,717.35
1790188179.159505,/orders/notifications,200,395.793
1790188179.180574,/orders/notifications,200,266.756
1790188179.198281,/orders?limit=10&offset=0,200,444.196
1790188179.20309,/orders/notifications,200,774.039
1790188179.21458,/orders/stats,200,494.784
1790188179.229973,/orders/stats,200,453.855
1790188179.2303202,/orders/notifications,200,261.579
1790188179.243732,/orders?limit=10&offset=0,200,278.353
1790188179.258133,/orders/stats,200,525.779
1790188179.258386,/orders/notifications,200,210.288
1790188179.2790499,/orders?limit=10&offset=0,200,270.225
1790188179.279356,/orders/notifications,200,232.025
1790188179.347457,/orders?limit=10&offset=0,200,333.92
1790188179.357043,/orders/notifications,200,266.966
1790188179.370121,/orders?limit=10&offset=0,200,317.566
1790188179.391914,/orders/notifications,200,277.439
1790188179.404465,/orders/stats,200,393.834
1790188179.428098,/orders?limit=10&offset=0,200,337.334
1790188179.4571352,/orders?limit=10&offset=0,200,298.095
1790188179.4725819,/orders/stats,200,360.461
1790188179.472894,/orders/stats,200,718.117
1790188179.473112,/orders/notifications,200,258.504
1790188179.474124,/orders/notifications,200,244.128
1790188179.507612,/orders?limit=10&offset=0,200,327.015
1790188179.5196748,/orders/stats,200,491.386
1790188179.579252,/orders?limit=10&offset=0,200,376.14
1790188179.579749,/orders/notifications,200,321.597
1790188179.580137,/orders/stats,200,381.836
1790188179.634398,/orders?limit=10&offset=0,200,403.844
1790188179.673837,/orders?limit=10&offset=0,200,394.463
1790188179.674688,/orders?limit=10&offset=0,200,416.287
1790188179.709595,/orders?limit=10&offset=0,200,352.531
1790188179.710976,/orders?limit=10&offset=0,200,717.771
1790188179.711336,/orders/notifications,200,306.839
1790188179.720614,/orders/stats,200,441.539
1790188179.7474618,/orders/stats,200,627.702
1790188179.751501,/orders/stats,200,404.018
1790188179.813478,/orders/stats,200,356.318
1790188179.818828,/orders/stats,200,674.923
1790188179.836669,/orders/stats,200,466.524
1790188179.844231,/orders/notifications,200,371.318
1790188179.844883,/orders/notifications,200,325.185
1790188179.855158,/orders?limit=10&offset=0,200,382.029
1790188179.856308,/orders/notifications,200,383.704
1790188179.8744261,/orders?limit=10&offset=0,200,400.264
1790188179.8874292,/orders/notifications,200,307.275
1790188179.9027,/orders/stats,200,474.571
1790188179.932349,/orders?limit=10&offset=0,200,772.82
1790188179.966491,/orders?limit=10&offset=0,200,386.686
1790188179.998163,/orders/stats,200,418.881
1790188180.001493,/orders/stats,200,367.066
1790188180.012139,/orders/notifications,200,263.915
1790188180.0129259,/orders/notifications,200,292.292
1790188180.0150049,/orders/stats,200,340.297
1790188180.037398,/orders/stats,200,363.539
1790188180.043828,/orders/notifications,200,292.304
1790188180.044801,/orders/notifications,200,231.302
1790188180.0450969,/orders/stats,200,334.103
1790188180.056349,/orders/notifications,200,219.659
1790188180.056929,/orders?limit=10&offset=0,200,345.577
1790188180.072792,/orders/stats,200,363.17
1790188180.0734222,/orders/notifications,200,254.573
1790188180.105432,/orders?limit=10&offset=0,200,260.528
1790188180.1082501,/orders/stats,200,600.614
1790188180.120725,/orders?limit=10&offset=0,200,276.474
1790188180.1294022,/orders?limit=10&offset=0,200,737.46
1790188180.170901,/orders?limit=10&offset=0,200,314.57
1790188180.178794,/orders/notifications,200,276.043
1790188180.206592,/orders/notifications,200,205.076
1790188180.207315,/orders/stats,200,963.555
1790188180.207844,/orders/stats,200,352.667
1790188180.210442,/orders?limit=10&offset=0,200,322.988
1790188180.223354,/orders/notifications,200,225.167
1790188180.2391748,/orders/stats,200,364.726
1790188180.239485,/orders/notifications,200,224.46
1790188180.253335,/orders?limit=10&offset=0,200,240.391
1790188180.2617369,/orders/notifications,200,224.316
1790188180.27927,/orders?limit=10&offset=0,200,267.109
1790188180.303589,/orders/notifications,200,258.476
1790188180.3054578,/orders?limit=10&offset=0,200,260.639
1790188180.322885,/orders?limit=10&offset=0,200,279.037
1790188180.340684,/orders/notifications,200,232.415
1790188180.3613188,/orders?limit=10&offset=0,200,304.949
1790188180.374932,/orders?limit=10&offset=0,200,301.492
1790188180.377449,/orders/stats,200,445.061
1790188180.39352,/orders/stats,200,336.572
1790188180.393875,/orders/notifications,200,321.063
1790188180.405547,/orders/stats,200,300.094
1790188180.469567,/orders/stats,200,348.819
1790188180.485685,/orders/notifications,200,246.49
1790188180.486836,/orders?limit=10&offset=0,200,308.006
1790188180.487552,/orders/notifications,200,279.692
1790188180.49724,/orders?limit=10&offset=0,200,290.626
1790188180.522354,/orders/notifications,200,315.021
1790188180.5225961,/orders/stats,200,556.07
1790188180.523595,/orders/stats,200,394.169
1790188180.540769,/orders?limit=10&offset=0,200,317.394
1790188180.554448,/orders/stats,200,343.985
1790188180.5673542,/orders?limit=10&offset=0,200,327.824
1790188180.5912771,/orders?limit=10&offset=0,200,329.519
1790188180.6425128,/orders/stats,200,336.998
1790188180.643692,/orders/stats,200,364.398
1790188180.64445,/orders/notifications,200,266.983
1790188180.645235,/orders?limit=10&offset=0,200,341.623
1790188180.661227,/orders?limit=10&offset=0,200,320.52
1790188180.66227,/orders/notifications,200,268.725
1790188180.677003,/orders/stats,200,423.644
1790188180.693322,/orders/stats,200,370.412
1790188180.743071,/orders/stats,200,368.116
1790188180.8562372,/orders/stats,200,494.892
1790188180.865219,/orders?limit=10&offset=0,200,379.506
1790188180.869314,/orders/notifications,200,346.699
1790188180.887653,/orders/notifications,200,364.028
1790188180.921267,/orders/notifications,200,366.797
1790188180.940576,/orders?limit=10&offset=0,200,418.201
1790188180.941248,/orders/stats,200,454.393
1790188181.009975,/orders/stats,200,512.71
1790188181.011612,/orders/notifications,200,369.074
1790188181.029131,/orders/stats,200,488.319
1790188181.029512,/orders/stats,200,462.126
1790188181.0532649,/orders/notifications,200,409.555
1790188181.081868,/orders/notifications,200,404.84
1790188181.083286,/orders/stats,200,491.985
1790188181.085163,/orders/notifications,200,391.803
1790188181.1020422,/orders/notifications,200,632.451
1790188181.111646,/orders/notifications,200,706.074
1790188181.112374,/orders/notifications,200,256.117
1790188181.1137018,/orders/notifications,200,370.605
1790188181.132329,/orders?limit=10&offset=0,200,469.992
1790188181.1432168,/orders?limit=10&offset=0,200,498.745
1790188181.156428,/orders/stats,200,511.17
1790188181.168606,/orders?limit=10&offset=0,200,299.271
1790188181.18124,/orders?limit=10&offset=0,200,787.237
1790188181.1820621,/orders/stats,200,1011.131
1790188181.200119,/orders/notifications,200,258.845
1790188181.2286878,/orders/stats,200,567.406
1790188181.2289941,/orders/notifications,200,199.841
1790188181.229551,/orders?limit=10&offset=0,200,308.264
1790188181.245159,/orders?limit=10&offset=0,200,357.483
1790188181.2457411,/orders/notifications,200,235.747
1790188181.2713249,/orders/stats,200,406.074
1790188181.2717838,/orders?limit=10&offset=0,200,260.153
1790188181.2862232,/orders/notifications,200,256.696
1790188181.2961411,/orders/notifications,200,212.826
1790188181.312114,/orders?limit=10&offset=0,200,824.538
1790188181.3132548,/orders?limit=10&offset=0,200,259.965
1790188181.313607,/orders/stats,200,373.011
1790188181.338971,/orders?limit=10&offset=0,200,227.259
1790188181.353984,/orders?limit=10&offset=0,200,251.843
1790188181.354561,/orders?limit=10&offset=0,200,269.379
1790188181.3636842,/orders/notifications,200,181.601
1790188181.424532,/orders?limit=10&offset=0,200,312.138
1790188181.439332,/orders/notifications,200,210.623
1790188181.440075,/orders?limit=10&offset=0,200,326.335
1790188181.555843,/orders?limit=10&offset=0,200,473.94
1790188181.5723882,/orders?limit=10&offset=0,200,372.232
1790188181.572835,/orders/stats,200,429.592
1790188181.581755,/orders?limit=10&offset=0,200,352.739
1790188181.597117,/orders/stats,200,464.748
1790188181.602289,/orders/notifications,200,330.942
1790188181.708411,/orders/notifications,200,394.788
1790188181.712408,/orders/stats,200,467.224
1790188181.7289631,/orders?limit=10&offset=0,200,442.712
1790188181.7495959,/orders?limit=10&offset=0,200,453.415
1790188181.769771,/orders/stats,200,456.493
1790188181.7866108,/orders/stats,200,514.806
1790188181.78757,/orders/notifications,200,631.042
1790188182.02142,/orders/stats,200,709.257
1790188182.054564,/orders/stats,200,715.563
1790188182.089084,/orders?limit=10&offset=0,200,725.366
1790188182.116995,/orders/notifications,200,544.089
1790188182.132454,/orders/stats,200,902.744
1790188182.1354141,/orders?limit=10&offset=0,200,696.041
1790188182.138653,/orders/stats,200,698.555
1790188182.18832,/orders/notifications,200,591.173
1790188182.2125409,/orders?limit=10&offset=0,200,610.222
1790188182.230981,/orders/stats,200,675.076
1790188182.241042,/orders/notifications,200,528.612
1790188182.257986,/orders?limit=10&offset=0,200,1012.219
1790188182.2736042,/orders/stats,200,701.19
1790188182.295048,/orders/notifications,200,525.251
1790188182.3120692,/orders/stats,200,887.509
1790188182.312384,/orders/notifications,200,525.749
1790188182.32338,/orders/stats,200,594.389
1790188182.3240042,/orders?limit=10&offset=0,200,615.569
1790188182.339838,/orders?limit=10&offset=0,200,552.242
1790188182.359531,/orders/notifications,200,304.941
1790188182.3800251,/orders/stats,200,630.389
1790188182.3804328,/orders/stats,200,1199.149
1790188182.381778,/orders/notifications,200,249.272
1790188182.396746,/orders/notifications,200,375.301
1790188182.420774,/orders?limit=10&offset=0,200,303.756
1790188182.421107,/orders/stats,200,1252.471
1790188182.421346,/orders/stats,200,839.561
1790188182.455198,/orders/notifications,200,316.526
1790188182.455892,/orders/notifications,200,224.885
1790188182.47044,/orders/stats,200,335.007
1790188182.487293,/orders/stats,200,398.182
1790188182.4875362,/orders?limit=10&offset=0,200,299.196
1790188182.5130281,/orders/notifications,200,189.627
1790188182.545843,/orders/notifications,200,233.747
1790188182.546986,/orders/stats,200,334.42
1790188182.561111,/orders?limit=10&offset=0,200,248.71
1790188182.561882,/orders?limit=10&offset=0,200,320.819
1790188182.57262,/orders/notifications,200,298.995
1790188182.585535,/orders/stats,200,327.528
1790188182.586602,/orders/notifications,200,206.153
1790188182.595614,/orders/stats,200,1241.024
1790188182.607716,/orders?limit=10&offset=0,200,248.162
1790188182.608654,/orders?limit=10&offset=0,200,313.586
1790188182.62,/orders/notifications,200,239.945
1790188182.639211,/orders?limit=10&offset=0,200,257.405
1790188182.640077,/orders/notifications,200,218.956
1790188182.640396,/orders/notifications,200,219.037
1790188182.66556,/orders/stats,200,325.699
1790188182.686332,/orders/stats,200,362.31
1790188182.697016,/orders/stats,200,1342.996
1790188182.6977851,/orders?limit=10&offset=0,200,301.007
1790188182.712578,/orders/notifications,200,242.117
1790188182.71321,/orders/notifications,200,225.88
1790188182.726784,/orders/stats,200,305.987
1790188182.727656,/orders/notifications,200,180.638
1790188182.7435122,/orders?limit=10&offset=0,200,287.601
1790188182.773928,/orders/stats,200,286.35
1790188182.7857761,/orders?limit=10&offset=0,200,272.683
1790188182.797482,/orders/notifications,200,211.924
1790188182.7999701,/orders/notifications,200,204.323
1790188182.801554,/orders?limit=10&offset=0,200,255.689
1790188182.829477,/orders/stats,200,267.461
1790188182.829828,/orders/stats,200,268.695
1790188182.830524,/orders?limit=10&offset=0,200,375.303
1790188182.841152,/orders?limit=10&offset=0,200,254.53
1790188182.956971,/orders?limit=10&offset=0,200,384.331
1790188182.97085,/orders/notifications,200,305.25
1790188182.971122,/orders?limit=10&offset=0,200,351.105
1790188182.971427,/orders/notifications,200,285.074
1790188183.0058181,/orders?limit=10&offset=0,200,365.722
1790188183.006161,/orders/stats,200,398.425
1790188183.021229,/orders?limit=10&offset=0,200,380.813
1790188183.029464,/orders/notifications,200,332.424
1790188183.041762,/orders?limit=10&offset=0,200,329.161
1790188183.0522702,/orders/notifications,200,278.32
1790188183.06176,/orders/notifications,200,334.954
1790188183.072308,/orders/stats,200,374.465
1790188183.0737169,/orders?limit=10&offset=0,200,346.043
1790188183.1763809,/orders/notifications,200,346.857
1790188183.1773949,/orders/stats,200,433.861
1790188183.17794,/orders/notifications,200,348.095
1790188183.196757,/orders?limit=10&offset=0,200,396.757
1790188183.21215,/orders/stats,200,426.347
1790188183.213001,/orders/stats,200,411.427
1790188183.21381,/orders?limit=10&offset=0,200,416.302
1790188183.345214,/orders/stats,200,514.666
1790188183.345983,/orders/notifications,200,339.782
1790188183.363629,/orders/stats,200,522.448
1790188183.38078,/orders?limit=10&offset=0,200,409.901
1790188183.382205,/orders?limit=10&offset=0,200,410.759
1790188183.436243,/orders?limit=10&offset=0,200,406.756
1790188183.4368598,/orders/notifications,200,364.527
1790188183.454283,/orders/stats,200,448.442
1790188183.468822,/orders?limit=10&offset=0,200,416.529
1790188183.47842,/orders?limit=10&offset=0,200,416.637
1790188183.479373,/orders/stats,200,458.119
1790188183.479697,/orders/stats,200,437.914
1790188183.4947488,/orders/notifications,200,317.333
1790188183.522175,/orders?limit=10&offset=0,200,808.94
1790188183.8107069,/orders/notifications,200,598.526
1790188183.811347,/orders/stats,200,737.608
1790188183.821843,/orders?limit=10&offset=0,200,643.882
1790188183.8273978,/orders/notifications,200,482.14
1790188183.8394082,/orders?limit=10&offset=0,200,662.997
1790188183.843426,/orders/notifications,200,630.401
1790188183.860042,/orders/notifications,200,496.381
1790188183.906373,/orders/stats,200,1297.69
1790188183.906902,/orders?limit=10&offset=0,200,560.899
1790188183.9073799,/orders/stats,200,1268.138
1790188183.9252028,/orders/notifications,200,470.897
1790188183.957991,/orders/notifications,200,478.597
1790188183.959116,/orders?limit=10&offset=0,200,522.237
1790188183.972192,/orders/stats,200,591.38
1790188184.015178,/orders?limit=10&offset=0,200,520.402
1790188184.019916,/orders/stats,200,637.679
1790188184.020822,/orders/stats,200,551.976
1790188184.021138,/orders/stats,200,584.872
1790188184.040283,/orders/notifications,200,560.565
1790188184.063861,/orders/stats,200,585.41
1790188184.07516,/orders?limit=10&offset=0,200,247.743
1790188184.090471,/orders/stats,200,876.466
1790188184.112735,/orders?limit=10&offset=0,200,269.287
1790188184.129746,/orders?limit=10&offset=0,200,269.68
1790188184.135781,/orders/notifications,200,324.416
1790188184.145403,/orders/notifications,200,239.011
1790188184.1551738,/orders?limit=10&offset=0,200,344.442
1790188184.169905,/orders/notifications,200,262.51
1790188184.170911,/orders/stats,200,648.712
1790188184.190818,/orders/stats,200,1219.649
1790188184.203559,/orders/stats,200,381.693
1790188184.211329,/orders/stats,200,371.899
1790188184.222772,/orders/stats,200,1265.768
1790188184.235211,/orders?limit=10&offset=0,200,309.984
1790188184.236685,/orders/notifications,200,264.473
1790188184.254004,/orders/notifications,200,233.163
1790188184.274453,/orders/notifications,200,254.517
1790188184.2863302,/orders/notifications,200,222.445
1790188184.3046248,/orders/stats,200,345.469
1790188184.319378,/orders?limit=10&offset=0,200,361.361
1790188184.326438,/orders/notifications,200,235.948
1790188184.339753,/orders/stats,200,324.549
1790188184.347628,/orders?limit=10&offset=0,200,307.321
1790188184.378813,/orders/notifications,200,357.658
1790188184.388959,/orders?limit=10&offset=0,200,253.118
1790188184.3896892,/orders/notifications,200,198.833
1790188184.390483,/orders/stats,200,1193.697
1790188184.403488,/orders/stats,200,328.265
1790188184.403788,/orders/notifications,200,232.862
1790188184.4195762,/orders/stats,200,512.654
1790188184.436667,/orders/notifications,200,213.874
1790188184.4467561,/orders?limit=10&offset=0,200,301.332
1790188184.44755,/orders/notifications,200,243.97
1790188184.450619,/orders/stats,200,320.842
1790188184.456864,/orders/stats,200,344.089
1790188184.466409,/orders?limit=10&offset=0,200,296.47
1790188184.469923,/orders/notifications,200,258.556
1790188184.481664,/orders/stats,200,326.464
1790188184.4970539,/orders?limit=10&offset=0,200,260.349
1790188184.517577,/orders/notifications,200,177.803
1790188184.539341,/orders?limit=10&offset=0,200,264.866
1790188184.557996,/orders?limit=10&offset=0,200,271.645
1790188184.575847,/orders?limit=10&offset=0,200,249.374
1790188184.590265,/orders/notifications,200,199.765
1790188184.590562,/orders/stats,200,355.325
1790188184.591342,/orders/stats,200,271.945
1790188184.6064131,/orders/notifications,200,186.815
1790188184.6154938,/orders/notifications,200,310.842
1790188184.724546,/orders/stats,200,376.89
1790188184.775112,/orders/notifications,200,318.226
1790188184.787515,/orders/notifications,200,336.856
1790188184.788089,/orders?limit=10&offset=0,200,534.062
1790188184.795674,/orders?limit=10&offset=0,200,391.869
1790188184.796416,/orders/stats,200,407.429
1790188184.903172,/orders?limit=10&offset=0,200,466.458
1790188184.911723,/orders?limit=10&offset=0,200,441.748
1790188184.9212081,/orders?limit=10&offset=0,200,473.635
1790188184.9450939,/orders/stats,200,498.312
1790188184.946075,/orders?limit=10&offset=0,200,428.476
1790188184.963138,/orders/stats,200,496.681
1790188185.038164,/orders/stats,200,498.8
1790188185.0385122,/orders/notifications,200,447.935
1790188185.03916,/orders/stats,200,542.078
1790188185.046122,/orders/notifications,200,321.553
1790188185.0640361,/orders/notifications,200,660.52
1790188185.068672,/orders/stats,200,510.652
1790188185.097823,/orders?limit=10&offset=0,200,482.277
1790188185.101511,/orders?limit=10&offset=0,200,495.073
1790188185.102769,/orders/stats,200,526.873
1790188185.109709,/orders?limit=10&offset=0,200,519.411
1790188185.111339,/orders/notifications,200,314.889
1790188185.124473,/orders?limit=10&offset=0,200,734.756
1790188185.143766,/orders?limit=10&offset=0,200,764.888
1790188185.1564999,/orders?limit=10&offset=0,200,381.365
1790188185.1805718,/orders/stats,200,384.872
1790188185.196961,/orders/notifications,200,715.264
1790188185.229742,/orders/notifications,200,266.579
1790188185.230073,/orders/notifications,200,284.957
1790188185.245622,/orders/stats,200,457.512
1790188185.258367,/orders/notifications,200,667.003
1790188185.259242,/orders/notifications,200,221.058
1790188185.271832,/orders/stats,200,368.638
1790188185.2789829,/orders?limit=10&offset=0,200,491.443
1790188185.2887099,/orders/stats,200,342.595
1790188185.305705,/orders/stats,200,384.474
1790188185.3068721,/orders/notifications,200,267.694
1790188185.3193548,/orders/notifications,200,250.638
1790188185.3293939,/orders?limit=10&offset=0,200,290.864
1790188185.330086,/orders/notifications,200,227.273
1790188185.338957,/orders?limit=10&offset=0,200,292.656
1790188185.455895,/orders/notifications,200,275.293
1790188185.486855,/orders?limit=10&offset=0,200,422.79
1790188185.48753,/orders?limit=10&offset=0,200,376.172
1790188185.558344,/orders/stats,200,646.569
1790188185.5598211,/orders/stats,200,461.966
1790188185.57269,/orders/notifications,200,327.04
1790188185.573462,/orders/stats,200,471.928
1790188185.5872939,/orders/stats,200,477.564
1790188185.612761,/orders/stats,200,468.97
1790188185.6136189,/orders/notifications,200,341.767
1790188185.6160781,/orders/notifications,200,327.339
1790188185.617549,/orders?limit=10&offset=0,200,420.559
1790188185.619791,/orders?limit=10&offset=0,200,390.025
1790188185.627292,/orders?limit=10&offset=0,200,368.899
1790188185.654788,/orders/stats,200,530.29
1790188185.711465,/orders/notifications,200,405.733
1790188185.712012,/orders/stats,200,555.487
1790188185.7177181,/orders?limit=10&offset=0,200,487.615
1790188185.728234,/orders?limit=10&offset=0,200,421.32
1790188185.789227,/orders?limit=10&offset=0,200,529.965
1790188185.789508,/orders/stats,200,510.503
1790188185.8190951,/orders?limit=10&offset=0,200,488.98
1790188185.8237069,/orders?limit=10&offset=0,200,367.792
1790188185.8267572,/orders/notifications,200,266.918
1790188185.8541539,/orders/notifications,200,295.762
1790188185.861224,/orders/notifications,200,287.744
1790188185.871872,/orders/notifications,200,284.557
1790188185.888593,/orders/notifications,200,275.808
1790188185.896825,/orders?limit=10&offset=0,200,324.111
1790188185.9004421,/orders/stats,200,561.445
1790188185.918991,/orders/stats,200,431.412
1790188185.952384,/orders/notifications,200,240.356
1790188185.954331,/orders?limit=10&offset=0,200,340.695
1790188185.95542,/orders/notifications,200,300.613
1790188185.9871402,/orders?limit=10&offset=0,200,371.038
1790188185.997798,/orders/stats,200,510.917
1790188186.011429,/orders/stats,200,391.616
1790188186.0271518,/orders/stats,200,409.565
1790188186.045899,/orders?limit=10&offset=0,200,334.41
1790188186.0468009,/orders?limit=10&offset=0,200,727.416
1790188186.12542,/orders/stats,200,336.157
1790188186.144877,/orders/stats,200,416.62
1790188186.145785,/orders?limit=10&offset=0,200,319.009
1790188186.158916,/orders/notifications,200,258.44
1790188186.160473,/orders/stats,200,442.72
1790188186.1707609,/orders?limit=10&offset=0,200,316.583
1790188186.179293,/orders?limit=10&offset=0,200,318.049
1790188186.201428,/orders/stats,200,382.31
1790188186.2023098,/orders/stats,200,574.979
1790188186.202739,/orders?limit=10&offset=0,200,330.844
1790188186.262191,/orders/stats,200,365.341
1790188186.279222,/orders?limit=10&offset=0,200,390.593
1790188186.310605,/orders/notifications,200,312.782
1790188186.322693,/orders/notifications,200,295.52
1790188186.325886,/orders/stats,200,996.461
1790188186.347123,/orders?limit=10&offset=0,200,394.715
1790188186.360685,/orders?limit=10&offset=0,200,405.246
1790188186.3616168,/orders/notifications,200,350.164
1790188186.3619552,/orders/notifications,200,236.484
1790188186.3826041,/orders/stats,200,558.867
1790188186.383741,/orders/notifications,200,594.21
1790188186.395445,/orders/notifications,200,250.544
1790188186.421346,/orders/stats,200,434.182
1790188186.42166,/orders/stats,200,467.311
1790188186.4394171,/orders/notifications,200,278.924
1790188186.466292,/orders/notifications,200,263.96
1790188186.469119,/orders/notifications,200,267.67
1790188186.4886742,/orders?limit=10&offset=0,200,329.732
1790188186.504627,/orders/notifications,200,242.4
1790188186.505968,/orders/stats,200,459.148
1790188186.506861,/orders/notifications,200,587.847
1790188186.519758,/orders/stats,200,348.974
1790188186.520027,/orders/stats,200,374.223
1790188186.55537,/orders/notifications,200,229.466
1790188186.5637279,/orders?limit=10&offset=0,200,253.099
1790188186.5768251,/orders/notifications,200,194.178
1790188186.5892491,/orders/stats,200,409.931
1790188186.603171,/orders?limit=10&offset=0,200,280.457
1790188186.604131,/orders/stats,200,558.193
1790188186.612798,/orders/notifications,200,191.429
1790188186.6249511,/orders/stats,200,345.703
1790188186.625751,/orders/stats,200,422.994
1790188186.634191,/orders?limit=10&offset=0,200,272.19
1790188186.6631958,/orders?limit=10&offset=0,200,279.421
1790188186.6639738,/orders?limit=10&offset=0,200,268.488
1790188186.679338,/orders/notifications,200,257.659
1790188186.679669,/orders?limit=10&offset=0,200,318.035
1790188186.680423,/orders/stats,200,333.274
1790188186.695553,/orders/stats,200,334.843
1790188186.708949,/orders?limit=10&offset=0,200,242.614
1790188186.7252438,/orders?limit=10&offset=0,200,220.592
1790188186.739539,/orders?limit=10&offset=0,200,270.401
1790188186.754705,/orders/notifications,200,234.664
1790188186.755391,/orders/notifications,200,249.406
1790188186.756172,/orders/notifications,200,236.394
1790188186.758854,/orders?limit=10&offset=0,200,319.416
1790188186.772507,/orders?limit=10&offset=0,200,265.628
1790188186.7946508,/orders/notifications,200,205.347
1790188186.794955,/orders/notifications,200,190.799
1790188186.8244228,/orders?limit=10&offset=0,200,247.571
1790188186.82798,/orders?limit=10&offset=0,200,272.589
1790188186.841995,/orders/stats,200,278.237
1790188186.843303,/orders/notifications,200,218.331
1790188186.8446631,/orders/notifications,200,218.895
1790188186.877558,/orders/notifications,200,197.119
1790188186.89165,/orders?limit=10&offset=0,200,278.826
1790188186.924787,/orders/notifications,200,229.211
1790188186.941396,/orders/stats,200,278.175
1790188186.9549189,/orders?limit=10&offset=0,200,275.558
1790188186.9697862,/orders/stats,200,481.086
1790188186.980556,/orders/stats,200,316.557
1790188186.982537,/orders/stats,200,348.269
1790188187.006481,/orders/stats,200,326.793
1790188187.0394518,/orders/stats,200,436.258
1790188187.039804,/orders/stats,200,330.836
1790188187.0401778,/orders?limit=10&offset=0,200,285.436
1790188187.053128,/orders/stats,200,313.568
1790188187.070957,/orders?limit=10&offset=0,200,314.769
1790188187.0870771,/orders?limit=10&offset=0,200,331.652
1790188187.102415,/orders/stats,200,329.86
1790188187.107701,/orders/stats,200,382.418
1790188187.1618931,/orders?limit=10&offset=0,200,366.919
1790188187.162893,/orders/stats,200,404.02
1790188187.251028,/orders?limit=10&offset=0,200,406.344
1790188187.2528179,/orders/notifications,200,283.011
1790188187.254285,/orders/stats,200,426.284
1790188187.2549949,/orders/notifications,200,313.579
1790188187.263926,/orders?limit=10&offset=0,200,420.604
1790188187.27757,/orders/notifications,200,296.953
1790188187.278365,/orders?limit=10&offset=0,200,400.782
1790188187.29873,/orders/notifications,200,316.134
1790188187.3032792,/orders/stats,200,478.83
1790188187.41983,/orders/stats,200,528.155
1790188187.420536,/orders/notifications,200,381.043
1790188187.427281,/orders/notifications,200,387.46
1790188187.444153,/orders/stats,200,489.21
1790188187.456976,/orders/notifications,200,403.826
1790188187.4947488,/orders/notifications,200,387.027
1790188187.495349,/orders/notifications,200,392.912
1790188187.5119529,/orders/notifications,200,349.042
1790188187.513033,/orders/stats,200,472.835
1790188187.544443,/orders/notifications,200,702.42
1790188187.545558,/orders?limit=10&offset=0,200,750.879
1790188187.562405,/orders/notifications,200,308.096
1790188187.5898209,/orders/stats,200,502.703
1790188187.5941062,/orders/stats,200,523.126
1790188187.6057742,/orders?limit=10&offset=0,200,352.936
1790188187.606071,/orders/stats,200,444.157
1790188187.638226,/orders?limit=10&offset=0,200,383.212
1790188187.639425,/orders/notifications,200,632.92
1790188187.656139,/orders/stats,200,405.087
1790188187.674544,/orders/notifications,200,371.243
1790188187.688436,/orders/notifications,200,268.586
1790188187.689389,/orders/notifications,200,245.216
1790188187.690016,/orders?limit=10&offset=0,200,412.424
1790188187.713718,/orders?limit=10&offset=0,200,414.96
1790188187.719485,/orders?limit=10&offset=0,200,794.655
1790188187.720482,/orders/stats,200,442.098
1790188187.736632,/orders/stats,200,472.677
1790188187.744225,/orders?limit=10&offset=0,200,323.672
1790188187.745525,/orders/notifications,200,232.472
1790188187.763556,/orders?limit=10&offset=0,200,306.559
1790188187.770277,/orders?limit=10&offset=0,200,275.507
1790188187.787455,/orders?limit=10&offset=0,200,360.154
1790188187.825183,/orders/notifications,200,235.341
1790188187.828359,/orders?limit=10&offset=0,200,332.991
1790188187.846602,/orders?limit=10&offset=0,200,284.172
1790188187.902554,/orders/notifications,200,296.468
1790188187.9034,/orders/notifications,200,309.275
1790188187.9187572,/orders?limit=10&offset=0,200,374.291
1790188187.9197462,/orders/notifications,200,263.588
1790188187.929579,/orders?limit=10&offset=0,200,417.587
1790188187.970307,/orders/stats,200,364.511
1790188188.014177,/orders?limit=10&offset=0,200,339.609
1790188188.015409,/orders?limit=10&offset=0,200,375.966
1790188188.045054,/orders?limit=10&offset=0,200,356.594
1790188188.069226,/orders/notifications,200,348.726
1790188188.275104,/orders/stats,200,636.855
1790188188.356469,/orders/stats,200,810.886
1790188188.371043,/orders?limit=10&offset=0,200,625.494
1790188188.470915,/orders/stats,200,757.166
1790188188.507041,/orders/stats,200,719.559
1790188188.5277581,/orders?limit=10&offset=0,200,702.551
1790188188.542656,/orders/stats,200,778.995
1790188188.7842,/orders/stats,200,854.579
1790188188.794707,/orders/stats,200,948.071
1790188188.841405,/orders/stats,200,1151.361
1790188188.842409,/orders/stats,200,923.625
1790188188.8450098,/orders/notifications,200,1108.349
1790188188.845271,/orders/notifications,200,874.938
1790188188.889683,/orders?limit=10&offset=0,200,969.895
1790188188.9216971,/orders?limit=10&offset=0,200,1232.279
1790188188.945243,/orders/notifications,200,474.305
1790188188.961805,/orders/notifications,200,605.309
1790188188.9625568,/orders/stats,200,917.474
1790188188.963352,/orders/notifications,200,688.225
1790188188.972866,/orders/stats,200,958.656
1790188189.0067441,/orders?limit=10&offset=0,200,937.489
1790188189.007008,/orders/stats,200,1178.618
1790188189.079189,/orders?limit=10&offset=0,200,1175.76
1790188189.1213849,/orders/notifications,200,614.321
1790188189.135329,/orders/stats,200,1119.892
1790188189.147012,/orders/stats,200,775.941
1790188189.152599,/orders/notifications,200,368.362
1790188189.154321,/orders?limit=10&offset=0,200,1251.734
1790188189.16237,/orders/notifications,200,619.672
1790188189.1942909,/orders/notifications,200,352.862
1790188189.2192068,/orders/notifications,200,424.476
1790188189.2432692,/orders/notifications,200,400.834
1790188189.361509,/orders?limit=10&offset=0,200,516.219
1790188189.3787389,/orders/notifications,200,405.85
1790188189.3803258,/orders/notifications,200,417.75
1790188189.382376,/orders/stats,200,854.583
1790188189.397645,/orders?limit=10&offset=0,200,452.376
1790188189.398389,/orders/stats,200,1654.096
1790188189.4252899,/orders?limit=10&offset=0,200,580.246
1790188189.42577,/orders/notifications,200,418.744
1790188189.446208,/orders/stats,200,1726.664
1790188189.456228,/orders/stats,200,566.518
1790188189.5567,/orders/notifications,200,421.349
1790188189.5743082,/orders?limit=10&offset=0,200,612.477
1790188189.6079621,/orders/notifications,200,460.923
1790188189.609259,/orders/stats,200,1838.943
1790188189.6098409,/orders?limit=10&offset=0,200,488.435
1790188189.636346,/orders/stats,200,557.13
1790188189.671,/orders?limit=10&offset=0,200,508.608
1790188189.6712918,/orders?limit=10&offset=0,200,427.982
1790188189.672134,/orders/stats,200,750.4
1790188189.6725109,/orders?limit=10&offset=0,200,453.276
1790188189.688354,/orders/notifications,200,305.954
1790188189.7048378,/orders?limit=10&offset=0,200,552.209
1790188189.827755,/orders?limit=10&offset=0,200,633.439
1790188189.853421,/orders/stats,200,491.885
1790188189.870089,/orders/notifications,200,423.856
1790188189.870819,/orders/notifications,200,472.41
1790188189.879688,/orders/notifications,200,423.434
1790188189.891289,/orders?limit=10&offset=0,200,510.939
1790188189.9079099,/orders/stats,200,753.565
1790188189.909162,/orders?limit=10&offset=0,200,483.365
1790188189.93505,/orders/notifications,200,325.773
1790188189.937302,/orders?limit=10&offset=0,200,973.926
1790188189.97124,/orders/notifications,200,334.871
1790188190.016663,/orders/stats,200,442.313
1790188190.035912,/orders/notifications,200,363.757
1790188190.0368068,/orders?limit=10&offset=0,200,428.824
1790188190.0377028,/orders/stats,200,612.378
1790188190.054858,/orders?limit=10&offset=0,200,498.135
1790188190.0844228,/orders/stats,200,413.114
1790188190.095867,/orders/stats,200,424.844
1790188190.105505,/orders/notifications,200,252.063
1790188190.1228569,/orders?limit=10&offset=0,200,434.479
1790188190.1262772,/orders/stats,200,453.746
1790188190.128545,/orders/stats,200,518.683
1790188190.17676,/orders?limit=10&offset=0,200,797.969
1790188190.228267,/orders?limit=10&offset=0,200,358.152
1790188190.245239,/orders/notifications,200,228.521
1790188190.245557,/orders/notifications,200,337.625
1790188190.266221,/orders/stats,200,561.34
1790188190.269912,/orders?limit=10&offset=0,200,399.074
1790188190.2710788,/orders?limit=10&offset=0,200,391.367
1790188190.282444,/orders?limit=10&offset=0,200,347.372
1790188190.296285,/orders/stats,200,1289.507
1790188190.296611,/orders?limit=10&offset=0,200,325.35
1790188190.319329,/orders/stats,200,428.014
1790188190.406373,/orders/stats,200,469.049
1790188190.4087412,/orders/notifications,200,371.019
1790188190.4268138,/orders/stats,200,517.609
1790188190.437245,/orders?limit=10&offset=0,200,401.312
1790188190.4380531,/orders/notifications,200,353.607
1790188190.45836,/orders/notifications,200,362.47
1790188190.4853692,/orders/notifications,200,359.07
1790188190.4860091,/orders/stats,200,658.231
1790188190.5368881,/orders/notifications,200,270.633
1790188190.539505,/orders/notifications,200,410.941
1790188190.5397198,/orders/stats,200,484.84
1790188190.5868192,/orders?limit=10&offset=0,200,481.293
1790188190.672099,/orders/stats,200,549.217
1790188190.685801,/orders?limit=10&offset=0,200,440.226
1790188190.68673,/orders/stats,200,1289.051
1790188190.755147,/orders/notifications,200,458.836
1790188190.770319,/orders/notifications,200,450.965
1790188190.771138,/orders/stats,200,542.847
1790188190.7719738,/orders/stats,200,502.019
1790188190.78876,/orders/stats,200,611.97
1790188190.791224,/orders/stats,200,520.126
1790188190.819801,/orders/notifications,200,413.406
1790188190.835428,/orders/notifications,200,408.591
1790188190.859957,/orders/stats,200,577.485
1790188190.860651,/orders?limit=10&offset=0,200,451.891
1790188190.879024,/orders?limit=10&offset=0,200,440.927
1790188190.886414,/orders?limit=10&offset=0,200,428.032
1790188190.898741,/orders/notifications,200,226.605
1790188190.900661,/orders/notifications,200,360.925
1790188190.901765,/orders?limit=10&offset=0,200,416.375
1790188190.9126132,/orders/stats,200,475.342
1790188190.992247,/orders/notifications,200,506.219
1790188191.011518,/orders/notifications,200,324.767
1790188191.053612,/orders/notifications,200,264.829
1790188191.054823,/orders/notifications,200,282.83
1790188191.070614,/orders?limit=10&offset=0,200,825.345
1790188191.070889,/orders/notifications,200,299.735
1790188191.073739,/orders/stats,200,486.899
1790188191.086467,/orders?limit=10&offset=0,200,331.3
1790188191.087071,/orders?limit=10&offset=0,200,550.138
1790188191.108568,/orders/notifications,200,317.309
1790188191.123749,/orders/stats,200,437.925
1790188191.160476,/orders/notifications,200,300.497
1790188191.1618571,/orders/stats,200,1125.023
1790188191.1788979,/orders?limit=10&offset=0,200,408.555
1790188191.1792178,/orders?limit=10&offset=0,200,359.396
1790188191.1860611,/orders?limit=10&offset=0,200,350.611
1790188191.241174,/orders/notifications,200,328.536
1790188191.282185,/orders?limit=10&offset=0,200,383.407
1790188191.2825758,/orders?limit=10&offset=0,200,743.043
1790188191.305116,/orders?limit=10&offset=0,200,404.396
1790188191.305717,/orders?limit=10&offset=0,200,313.451
1790188191.325326,/orders/stats,200,446.27
1790188191.325786,/orders/stats,200,439.349
1790188191.328643,/orders?limit=10&offset=0,200,317.103
1790188191.343157,/orders/stats,200,1046.495
1790188191.3785548,/orders?limit=10&offset=0,200,324.919
1790188191.404671,/orders/stats,200,334.034
1790188191.405209,/orders/stats,200,503.427
1790188191.427886,/orders?limit=10&offset=0,200,373.011
1790188191.4288352,/orders/notifications,200,305.052
1790188191.4292579,/orders?limit=10&offset=0,200,358.355
1790188191.429628,/orders/notifications,200,355.872
1790188191.446497,/orders/notifications,200,284.621
1790188191.4768908,/orders?limit=10&offset=0,200,316.394
1790188191.493846,/orders/stats,200,633.173
1790188191.573565,/orders/stats,200,487.074
1790188191.653776,/orders/notifications,200,328.43
1790188191.674219,/orders?limit=10&offset=0,200,433.022
1790188191.676069,/orders?limit=10&offset=0,200,567.478
1790188191.696427,/orders/notifications,200,353.245
1790188191.717508,/orders/notifications,200,391.653
1790188191.740426,/orders/stats,200,457.82
1790188191.8573508,/orders/stats,200,575.14
1790188191.8623612,/orders/stats,200,676.274
1790188191.8884559,/orders/stats,200,582.718
1790188191.9077399,/orders/stats,200,602.6
1790188192.01557,/orders/notifications,200,610.874
1790188192.039086,/orders/stats,200,951.99
1790188192.1377249,/orders?limit=10&offset=0,200,708.078
1790188192.154334,/orders/notifications,200,660.456
1790188192.154615,/orders/notifications,200,581.027
1790188192.169877,/orders/stats,200,741.962
1790188192.172587,/orders/stats,200,993.659
1790188192.1985579,/orders?limit=10&offset=0,200,769.7
1790188192.222541,/orders/stats,200,793.262
1790188192.227542,/orders?limit=10&offset=0,200,781.017
1790188192.2702348,/orders/stats,200,793.316
1790188192.28913,/orders/stats,200,910.545
1790188192.289707,/orders?limit=10&offset=0,200,635.904
1790188192.3087318,/orders/notifications,200,568.282
1790188192.339603,/orders/notifications,200,482.229
1790188192.353278,/orders?limit=10&offset=0,200,656.821
1790188192.361992,/orders/notifications,200,454.229
1790188192.374669,/orders/stats,200,700.424
1790188192.387176,/orders/notifications,200,498.693
1790188192.403421,/orders/notifications,200,541.036
1790188192.403795,/orders/stats,200,727.704
1790188192.41301,/orders/notifications,200,1007.774
1790188192.413315,/orders?limit=10&offset=0,200,695.746
1790188192.4225779,/orders/notifications,200,383.446
1790188192.4463701,/orders/notifications,200,276.47
1790188192.457401,/orders/notifications,200,284.795
1790188192.4692202,/orders?limit=10&offset=0,200,453.623
1790188192.4771159,/orders/notifications,200,254.554
1790188192.489565,/orders?limit=10&offset=0,200,334.911
1790188192.4971368,/orders/notifications,200,207.987
1790188192.511133,/orders/notifications,200,240.877
1790188192.521922,/orders/stats,200,1342.675
1790188192.58802,/orders/stats,200,389.436
1790188192.598754,/orders?limit=10&offset=0,200,444.395
1790188192.616738,/orders/stats,200,478.983
1790188192.62881,/orders/notifications,200,254.117
1790188192.6413481,/orders?limit=10&offset=0,200,332.595
1790188192.664665,/orders?limit=10&offset=0,200,325.038
1790188192.678813,/orders?limit=10&offset=0,200,316.798
1790188192.6795478,/orders/stats,200,389.806
1790188192.694786,/orders?limit=10&offset=0,200,291.343
1790188192.695076,/orders/stats,200,1366.403
1790188192.6956449,/orders/stats,200,342.347
1790188192.7294238,/orders?limit=10&offset=0,200,342.222
1790188192.811072,/orders?limit=10&offset=0,200,353.648
1790188192.82439,/orders/notifications,200,420.575
1790188192.825099,/orders?limit=10&offset=0,200,402.43
1790188192.8424041,/orders?limit=10&offset=0,200,396.007
1790188192.854062,/orders?limit=10&offset=0,200,376.924
1790188192.879416,/orders/stats,200,410.094
1790188192.880063,/orders/notifications,200,263.282
1790188192.9379358,/orders/stats,200,448.341
1790188192.9520252,/orders/stats,200,538.691
1790188193.059843,/orders?limit=10&offset=0,200,548.684
1790188193.088663,/orders/notifications,200,409.095
1790188193.089322,/orders/notifications,200,567.376
1790188193.0913868,/orders?limit=10&offset=0,200,462.551
1790188193.097701,/orders/notifications,200,402.606
1790188193.113041,/orders/stats,200,448.161
1790188193.129457,/orders/stats,200,488.085
1790188193.14046,/orders/stats,200,461.619
1790188193.205917,/orders/stats,200,511.105
1790188193.274559,/orders/notifications,200,395.112
1790188193.291787,/orders?limit=10&offset=0,200,878.747
1790188193.292644,/orders/stats,200,481.535
1790188193.29517,/orders/stats,200,1067.599
1790188193.311208,/orders/notifications,200,373.248
1790188193.326592,/orders/stats,200,597.133
1790188193.345134,/orders/notifications,200,757.086
1790188193.356483,/orders/stats,200,514.043
1790188193.357089,/orders/notifications,200,405.042
1790188193.374794,/orders?limit=10&offset=0,200,877.627
1790188193.387954,/orders/stats,200,562.825
1790188193.396947,/orders?limit=10&offset=0,200,572.529
1790188193.420065,/orders/notifications,200,307.0
1790188193.436264,/orders/notifications,200,295.783
1790188193.4370182,/orders?limit=10&offset=0,200,348.334
1790188193.437286,/orders/stats,200,583.201
1790188193.45246,/orders/notifications,200,322.979
1790188193.473247,/orders/notifications,200,267.31
1790188193.4738078,/orders/stats,200,413.943
1790188193.474098,/orders/notifications,200,778.433
1790188193.489604,/orders?limit=10&offset=0,200,400.264
1790188193.506028,/orders?limit=10&offset=0,200,408.304
1790188193.5063381,/orders?limit=10&offset=0,200,626.222
1790188193.516276,/orders/stats,200,424.867
1790188193.5349278,/orders/notifications,200,242.244
1790188193.546006,/orders/notifications,200,219.37
1790188193.5585668,/orders/notifications,200,202.061
1790188193.5806131,/orders?limit=10&offset=0,200,306.027
1790188193.598469,/orders/notifications,200,210.382
1790188193.599877,/orders?limit=10&offset=0,200,288.644
1790188193.603909,/orders/notifications,200,308.72
1790188193.619606,/orders/stats,200,327.795
1790188193.620217,/orders?limit=10&offset=0,200,275.062
1790188193.637891,/orders?limit=10&offset=0,200,280.777
1790188193.6459541,/orders/notifications,200,208.653
1790188193.6738749,/orders/stats,200,1075.084
1790188193.6883059,/orders?limit=10&offset=0,200,252.022
1790188193.689017,/orders?limit=10&offset=0,200,268.934
1790188193.689826,/orders/notifications,200,215.984
1790188193.713633,/orders?limit=10&offset=0,200,261.149
1790188193.716991,/orders/stats,200,279.951
1790188193.756023,/orders?limit=10&offset=0,200,281.908
1790188193.769293,/orders?limit=10&offset=0,200,296.014
1790188193.8072152,/orders/stats,200,301.163
1790188193.8299751,/orders/stats,200,323.62
1790188193.834101,/orders?limit=10&offset=0,200,288.066
1790188193.852276,/orders/stats,200,362.649
1790188193.870378,/orders/notifications,200,354.058
1790188193.871007,/orders?limit=10&offset=0,200,312.419
1790188193.8716311,/orders/stats,200,496.816
1790188193.888507,/orders/notifications,200,268.88
1790188193.898514,/orders?limit=10&offset=0,200,363.398
1790188193.913762,/orders/stats,200,516.787
1790188193.9194298,/orders/notifications,200,245.533
1790188193.929209,/orders?limit=10&offset=0,200,325.281
1790188194.037868,/orders?limit=10&offset=0,200,348.023
1790188194.038579,/orders/stats,200,418.345
1790188194.064066,/orders/notifications,200,347.031
1790188194.077736,/orders/stats,200,439.821
1790188194.078485,/orders?limit=10&offset=0,200,432.51
1790188194.111712,/orders/stats,200,398.044
1790188194.1627672,/orders/stats,200,473.729
1790188194.227517,/orders/stats,200,539.188
1790188194.228671,/orders/stats,200,648.024
1790188194.245677,/orders/notifications,200,393.377
1790188194.2546408,/orders/stats,200,498.593
1790188194.2888162,/orders/stats,200,688.906
1790188194.290299,/orders/stats,200,520.968
1790188194.294383,/orders/notifications,200,422.734
1790188194.305812,/orders/notifications,200,392.021
1790188194.332584,/orders/stats,200,498.407
1790188194.373704,/orders?limit=10&offset=0,200,503.3
1790188194.391922,/orders?limit=10&offset=0,200,793.401
1790188194.396519,/orders/notifications,200,357.918
1790188194.435858,/orders?limit=10&offset=0,200,547.327
1790188194.44707,/orders/stats,200,548.522
1790188194.448658,/orders/notifications,200,370.891
1790188194.476625,/orders/stats,200,605.598
1790188194.4778612,/orders?limit=10&offset=0,200,558.407
1790188194.48076,/orders/notifications,200,369.025
1790188194.5193799,/orders/notifications,200,290.689
1790188194.5200472,/orders/stats,200,590.813
1790188194.5208828,/orders/notifications,200,690.879
1790188194.529335,/orders?limit=10&offset=0,200,465.241
1790188194.53023,/orders/stats,200,492.339
1790188194.531355,/orders/notifications,200,368.562
1790188194.551651,/orders/notifications,200,744.409
1790188194.552516,/orders/notifications,200,324.977
1790188194.561358,/orders/stats,200,482.854
1790188194.561652,/orders/notifications,200,306.973
1790188194.5712771,/orders/notifications,200,280.96
1790188194.584666,/orders/notifications,200,295.812
1790188194.594124,/orders/notifications,200,261.496
1790188194.606517,/orders?limit=10&offset=0,200,360.812
1790188194.64727,/orders/notifications,200,200.169
1790188194.647646,/orders?limit=10&offset=0,200,251.105
1790188194.662716,/orders/notifications,200,186.041
1790188194.663459,/orders?limit=10&offset=0,200,369.057
1790188194.679724,/orders?limit=10&offset=0,200,373.888
1790188194.6803682,/orders/stats,200,288.427
1790188194.695012,/orders/notifications,200,174.947
1790188194.727115,/orders/stats,200,353.379
1790188194.728359,/orders?limit=10&offset=0,200,279.662
1790188194.743254,/orders?limit=10&offset=0,200,262.471
1790188194.755914,/orders/notifications,200,225.667
1790188194.771332,/orders/stats,200,293.451
1790188194.778032,/orders?limit=10&offset=0,200,257.13
1790188194.789844,/orders/notifications,200,228.463
1790188194.790242,/orders?limit=10&offset=0,200,270.841
1790188194.791082,/orders/stats,200,261.727
1790188194.80663,/orders?limit=10&offset=0,200,275.253
1790188194.8398159,/orders?limit=10&offset=0,200,288.145
1790188194.8568819,/orders?limit=10&offset=0,200,304.347
1790188194.890055,/orders?limit=10&offset=0,0,195.02
1790188194.890683,/orders?limit=10&offset=0,0,243.388
1790188194.891121,/orders/stats,0,113.072
1790188194.8915489,/orders?limit=10&offset=0,0,320.252
1790188194.8921149,/orders/stats,0,85.467
1790188194.892731,/orders/stats,0,212.985
1790188194.893692,/orders/stats,0,230.213
1790188194.894329,/orders/stats,0,37.432
1790188194.894958,/orders/notifications,0,123.608
1790188194.8953018,/orders/stats,0,151.979
1790188194.895552,/orders/stats,0,247.892
1790188194.895848,/orders?limit=10&offset=0,0,233.109
1790188194.896186,/orders/stats,0,460.307
1790188194.8964858,/orders/notifications,0,105.39
1790188194.897113,/orders/stats,0,168.732
1790188194.898846,/orders?limit=10&offset=0,0,142.906
1790188194.902227,/orders/notifications,0,221.841
1790188194.9026859,/orders?limit=10&offset=0,0,112.824
1790188194.902946,/orders/notifications,0,175.77
1790188194.9036741,/orders/stats,0,297.136
1790188194.904588,/orders/stats,0,64.754
1790188194.9052641,/orders?limit=10&offset=0,0,311.119
1790188194.905508,/orders?limit=10&offset=0,0,320.823
1790188194.906403,/orders/stats,0,116.148
1790188194.9090922,/orders?limit=10&offset=0,0,347.423
1790188194.912524,/orders/notifications,0,17.192
1790188194.912886,/orders/notifications,0,17.323
1790188194.9132512,/orders/stats,0,23.179
1790188194.913725,/orders?limit=10&offset=0,0,18.753
1790188194.915255,/orders/notifications,0,18.128
1790188194.9162502,/orders/notifications,0,25.103
1790188194.917181,/orders/stats,0,14.479
1790188194.918286,/orders/stats,0,9.152
1790188194.918626,/orders/stats,0,19.761
1790188194.918997,/orders?limit=10&offset=0,0,16.042
1790188194.9192991,/orders/notifications,0,26.553
1790188194.91958,/orders/stats,0,28.886
1790188194.919898,/orders/stats,0,14.38
1790188194.920326,/orders/stats,0,24.468
1790188194.920631,/orders/notifications,0,28.506
1790188194.9210382,/orders/notifications,0,27.335
1790188194.921279,/orders/notifications,0,14.864
1790188194.921786,/orders/stats,0,8.035
1790188194.92266,/orders/notifications,0,18.975
1790188194.923,/orders?limit=10&offset=0,0,26.505
1790188194.923326,/orders/stats,0,31.754
1790188194.924764,/orders/stats,0,19.489
1790188194.926507,/orders?limit=10&offset=0,0,24.267
1790188194.927264,/orders/notifications,0,32.923
1790188194.9279401,/orders/notifications,0,23.34
1790188194.928851,/orders/notifications,0,32.655
1790188194.935511,/orders/stats,0,16.498
1790188194.935801,/orders?limit=10&offset=0,0,15.161
1790188194.936158,/orders/notifications,0,12.819
1790188194.936405,/orders?limit=10&offset=0,0,8.452
1790188194.936608,/orders?limit=10&offset=0,0,23.712
1790188194.936873,/orders/notifications,0,16.538
1790188194.9371068,/orders/notifications,0,12.331
1790188194.937369,/orders?limit=10&offset=0,0,8.505
1790188194.937629,/orders/stats,0,14.618
1790188194.937973,/orders/stats,0,11.453
1790188194.938655,/orders?limit=10&offset=0,0,26.114
1790188194.938992,/orders?limit=10&offset=0,0,11.718
1790188194.93942,/orders?limit=10&offset=0,0,16.749
1790188194.93996,/orders?limit=10&offset=0,0,18.67
1790188194.940825,/orders?limit=10&offset=0,0,21.516
1790188194.9450738,/orders/stats,0,8.653
1790188194.945444,/orders?limit=10&offset=0,0,8.562
1790188194.945739,/orders/notifications,0,10.211
1790188194.9460359,/orders?limit=10&offset=0,0,8.919
1790188194.9463282,/orders?limit=10&offset=0,0,31.047
1790188194.9467149,/orders/stats,0,8.049
1790188194.947061,/orders/stats,0,7.046
1790188194.948619,/orders/stats,0,9.186
1790188194.94977,/orders/stats,0,13.088
1790188194.950666,/orders/notifications,0,32.028
1790188194.9534981,/orders/notifications,0,36.302
1790188194.9540522,/orders/notifications,0,35.751
1790188194.9546392,/orders/stats,0,8.591
1790188194.954991,/orders/notifications,0,7.921
1790188194.95553,/orders?limit=10&offset=0,0,39.255
1790188194.955822,/orders/notifications,0,34.024
1790188194.957484,/orders/notifications,0,44.221
1790188194.958153,/orders?limit=10&offset=0,0,4.642
1790188194.960599,/orders?limit=10&offset=0,0,6.517
1790188194.960904,/orders?limit=10&offset=0,0,5.044
1790188194.961205,/orders/stats,0,5.643
1790188194.961544,/orders/stats,0,3.38
1790188194.962002,/orders/notifications,0,42.409
1790188194.962507,/orders/notifications,0,42.598
1790188194.962817,/orders/stats,0,25.44
1790188194.9630988,/orders?limit=10&offset=0,0,26.929
1790188194.963733,/orders/notifications,0,25.75
1790188194.965342,/orders/stats,0,29.471
1790188194.969792,/orders/notifications,0,32.15
1790188194.970123,/orders/notifications,0,7.296
1790188194.970484,/orders?limit=10&offset=0,0,8.472
1790188194.970866,/orders/stats,0,7.745
1790188194.971371,/orders/notifications,0,6.014
1790188194.972234,/orders/stats,0,33.231
1790188194.972754,/orders/notifications,0,24.089
1790188194.974655,/orders/notifications,0,24.857
1790188194.9755478,/orders/stats,0,34.708
1790188194.976204,/orders/notifications,0,3.952
1790188194.976606,/orders/notifications,0,29.87
1790188194.977103,/orders/stats,0,6.552
1790188194.977576,/orders?limit=10&offset=0,0,4.811
1790188194.977898,/orders/notifications,0,7.022
1790188194.978431,/orders?limit=10&offset=0,0,27.703
1790188194.9793081,/orders/notifications,0,24.646
1790188194.983912,/orders?limit=10&offset=0,0,28.894
1790188194.985076,/orders/stats,0,6.633
1790188194.9853911,/orders?limit=10&offset=0,0,27.895
1790188194.9866838,/orders/stats,0,26.07
1790188194.9869618,/orders/stats,0,26.047
1790188194.987558,/orders?limit=10&offset=0,0,23.813
1790188194.987852,/orders/notifications,0,26.636
1790188194.9883552,/orders/stats,0,2.927
1790188194.988666,/orders?limit=10&offset=0,0,18.532
1790188194.9909172,/orders?limit=10&offset=0,0,14.3
1790188194.991967,/orders/notifications,0,4.995
1790188194.9936728,/orders/notifications,0,48.582
1790188194.994158,/orders?limit=10&offset=0,0,48.408
1790188194.9944792,/orders/stats,0,48.14
1790188194.994758,/orders/stats,0,49.303
1790188194.9955359,/orders?limit=10&offset=0,0,33.017
1790188194.995897,/orders?limit=10&offset=0,0,3.681
1790188194.9989262,/orders/notifications,0,37.365
1790188195.001606,/orders/notifications,0,7.113
1790188195.002183,/orders/notifications,0,7.414
1790188195.002456,/orders/stats,0,6.907
1790188195.0028448,/orders?limit=10&offset=0,0,9.157
1790188195.004577,/orders?limit=10&offset=0,0,26.668
1790188195.0049338,/orders?limit=10&offset=0,0,25.613
1790188195.005173,/orders/stats,0,9.264
1790188195.005429,/orders/notifications,0,20.34
1790188195.005685,/orders?limit=10&offset=0,0,34.303
1790188195.005982,/orders?limit=10&offset=0,0,36.166
1790188195.006776,/orders?limit=10&offset=0,0,30.549
1790188195.010276,/orders?limit=10&offset=0,0,35.606
1790188195.011195,/orders?limit=10&offset=0,0,9.0
1790188195.011488,/orders/stats,0,5.495
1790188195.011922,/orders/stats,0,23.245
1790188195.0123332,/orders/notifications,0,35.215
1790188195.012767,/orders/notifications,0,37.205
1790188195.01312,/orders/notifications,0,26.424
1790188195.0134249,/orders/stats,0,6.639
1790188195.015319,/orders?limit=10&offset=0,0,27.429
1790188195.016178,/orders/stats,0,32.227
1790188195.016683,/orders/stats,0,39.064
1790188195.018898,/orders/stats,0,31.324
1790188195.019187,/orders?limit=10&offset=0,0,17.567
1790188195.019454,/orders/notifications,0,31.09
1790188195.019706,/orders/stats,0,14.76
1790188195.0199559,/orders/stats,0,17.082
1790188195.020233,/orders/stats,0,26.048
1790188195.0204659,/orders/stats,0,9.259
1790188195.0208378,/orders?limit=10&offset=0,0,15.399
1790188195.021109,/orders/stats,0,10.821
1790188195.021343,/orders/stats,0,16.754
1790188195.021566,/orders/stats,0,15.87
1790188195.021815,/orders?limit=10&offset=0,0,22.869
1790188195.022034,/orders/notifications,0,19.568
1790188195.022296,/orders/notifications,0,17.114
1790188195.0276558,/orders/notifications,0,7.18
1790188195.028148,/orders?limit=10&offset=0,0,15.015
1790188195.0284119,/orders/notifications,0,16.915
1790188195.028633,/orders/notifications,0,16.7
1790188195.035799,/orders?limit=10&offset=0,0,23.019
1790188195.036099,/orders/notifications,0,19.404
1790188195.036329,/orders?limit=10&offset=0,0,23.986
1790188195.037801,/orders/notifications,0,24.362
1790188195.038056,/orders/notifications,0,16.704
1790188195.038337,/orders/stats,0,19.138
1790188195.038621,/orders/notifications,0,17.047
1790188195.038977,/orders/notifications,0,17.858
1790188195.0392241,/orders/notifications,0,19.237
1790188195.039485,/orders/stats,0,17.661
1790188195.039733,/orders/notifications,0,20.018
1790188195.043204,/orders/notifications,0,22.958
1790188195.04355,/orders/notifications,0,27.354
1790188195.043822,/orders?limit=10&offset=0,0,21.766
1790188195.044076,/orders?limit=10&offset=0,0,15.435
1790188195.0443368,/orders?limit=10&offset=0,0,24.872
1790188195.044587,/orders?limit=10&offset=0,0,16.917
1790188195.046535,/orders/stats,0,10.721
1790188195.053959,/orders/notifications,0,15.611
1790188195.0542579,/orders/stats,0,26.097
1790188195.0544891,/orders?limit=10&offset=0,0,26.067
1790188195.0547001,/orders/stats,0,33.85
1790188195.05497,/orders/stats,0,39.634
1790188195.0551722,/orders?limit=10&offset=0,0,17.36
1790188195.056226,/orders?limit=10&offset=0,0,17.595
1790188195.056475,/orders/notifications,0,16.981
1790188195.056735,/orders?limit=10&offset=0,0,13.175
1790188195.0570822,/orders?limit=10&offset=0,0,18.096
1790188195.057419,/orders?limit=10&offset=0,0,19.353
1790188195.057633,/orders/stats,0,13.546
1790188195.057893,/orders?limit=10&offset=0,0,21.784
1790188195.060192,/orders/notifications,0,5.923
1790188195.063103,/orders/stats,0,8.603
1790188195.0691829,/orders/notifications,0,14.471
1790188195.069899,/orders/stats,0,25.551
1790188195.0701492,/orders/notifications,0,15.17
1790188195.070415,/orders?limit=10&offset=0,0,27.196
1790188195.070688,/orders/notifications,0,24.137
1790188195.070913,/orders/notifications,0,51.997
1790188195.071151,/orders?limit=10&offset=0,0,14.666
1790188195.071417,/orders/stats,0,14.671
1790188195.071624,/orders?limit=10&offset=0,0,17.652
1790188195.071848,/orders/notifications,0,14.206
1790188195.072067,/orders/stats,0,15.829
1790188195.072295,/orders/stats,0,15.203
1790188195.0725062,/orders/stats,0,17.326
1790188195.0774589,/orders?limit=10&offset=0,0,8.261
1790188195.0804448,/orders/stats,0,9.283
1790188195.088216,/orders?limit=10&offset=0,0,18.053
1790188195.088557,/orders?limit=10&offset=0,0,17.86
1790188195.088772,/orders/notifications,0,16.257
1790188195.0891001,/orders?limit=10&offset=0,0,168.051
1790188195.089386,/orders/stats,0,17.753
1790188195.0896618,/orders/notifications,0,17.587
1790188195.089879,/orders/notifications,0,17.574
1790188195.090102,/orders/stats,0,99.171
1790188195.090345,/orders/notifications,0,27.228
1790188195.0905979,/orders?limit=10&offset=0,0,68.293
1790188195.090807,/orders/stats,0,13.337
1790188195.0910342,/orders/stats,0,33.13
1790188195.091281,/orders?limit=10&offset=0,0,20.358
1790188195.091506,/orders/stats,0,46.908
1790188195.091755,/orders/stats,0,34.326
1790188195.092235,/orders/stats,0,48.404
1790188195.09251,/orders/stats,0,22.084
1790188195.092863,/orders?limit=10&offset=0,0,32.653
1790188195.093296,/orders/notifications,0,21.87
1790188195.0935512,/orders/notifications,0,23.641
1790188195.093838,/orders?limit=10&offset=0,0,21.981
1790188195.0941,/orders/stats,0,57.762
1790188195.094343,/orders?limit=10&offset=0,0,54.602
1790188195.094613,/orders?limit=10&offset=0,0,55.377
1790188195.0948548,/orders/notifications,0,14.396
1790188195.100587,/orders/notifications,0,8.047
1790188195.101634,/orders/stats,0,13.398
1790188195.101912,/orders/notifications,0,10.868
1790188195.1051688,/orders/notifications,0,13.653
1790188195.105508,/orders?limit=10&offset=0,0,15.155
1790188195.11064,/orders?limit=10&offset=0,0,21.826
1790188195.111296,/orders?limit=10&offset=0,0,21.407
1790188195.111582,/orders/stats,0,23.014
1790188195.1118562,/orders/notifications,0,20.087
1790188195.112142,/orders?limit=10&offset=0,0,18.837
1790188195.112431,/orders/notifications,0,20.186
1790188195.112701,/orders?limit=10&offset=0,0,10.778
1790188195.112946,/orders/stats,0,18.324
1790188195.1132412,/orders/stats,0,18.89
1790188195.113507,/orders/notifications,0,23.396
1790188195.1137369,/orders/notifications,0,12.092
1790188195.121918,/orders/stats,0,9.205
1790188195.122369,/orders/stats,0,11.06
1790188195.122601,/orders?limit=10&offset=0,0,10.733
1790188195.1228318,/orders?limit=10&offset=0,0,29.27
1790188195.1230562,/orders?limit=10&offset=0,0,33.385
1790188195.1233091,/orders?limit=10&offset=0,0,22.685
1790188195.12361,/orders/stats,0,32.32
1790188195.123878,/orders/stats,0,29.998
1790188195.12414,/orders/stats,0,31.25
1790188195.124359,/orders?limit=10&offset=0,0,10.844
1790188195.1245801,/orders/notifications,0,11.612
1790188195.124937,/orders/notifications,0,30.829
1790188195.125908,/orders/stats,0,20.388
1790188195.126438,/orders/stats,0,14.285
1790188195.126706,/orders/notifications,0,35.889
1790188195.1272378,/orders/stats,0,38.128
1790188195.1274931,/orders?limit=10&offset=0,0,32.628
1790188195.1277802,/orders?limit=10&offset=0,0,14.032
1790188195.128335,/orders/stats,0,37.727
1790188195.129523,/orders/notifications,0,7.589
1790188195.1369479,/orders?limit=10&offset=0,0,10.232
1790188195.1374369,/orders?limit=10&offset=0,0,12.492
1790188195.1389189,/orders/notifications,0,10.571
1790188195.13921,/orders/stats,0,11.421
1790188195.1394508,/orders/notifications,0,13.521
1790188195.139693,/orders/notifications,0,17.315
1790188195.1399229,/orders/stats,0,17.313
1790188195.1401541,/orders/stats,0,17.085
1790188195.1452549,/orders?limit=10&offset=0,0,40.07
1790188195.145657,/orders?limit=10&offset=0,0,21.068
1790188195.1460109,/orders/stats,0,23.168
1790188195.1463091,/orders/notifications,0,22.421
1790188195.146585,/orders?limit=10&offset=0,0,34.141
1790188195.1469178,/orders/notifications,0,33.667
1790188195.147219,/orders/notifications,0,35.625
1790188195.1484768,/orders/stats,0,11.027
1790188195.1491892,/orders/notifications,0,59.788
1790188195.149834,/orders?limit=10&offset=0,0,10.894
1790188195.1504672,/orders/stats,0,26.093
1790188195.150879,/orders/notifications,0,27.261
1790188195.15153,/orders/stats,0,14.568
1790188195.151943,/orders/stats,0,24.439
1790188195.1522088,/orders/stats,0,28.879
1790188195.1524422,/orders?limit=10&offset=0,0,22.903
1790188195.152695,/orders/notifications,0,25.446
1790188195.152993,/orders/stats,0,42.339
1790188195.153357,/orders/notifications,0,26.91
1790188195.153664,/orders/notifications,0,29.501
1790188195.155591,/orders?limit=10&offset=0,0,15.887
1790188195.1615229,/orders/stats,0,14.927
1790188195.161904,/orders?limit=10&offset=0,0,14.974
1790188195.163976,/orders?limit=10&offset=0,0,16.733
1790188195.167519,/orders/notifications,0,28.287
1790188195.17171,/orders/notifications,0,19.489
1790188195.172045,/orders/stats,0,19.595
1790188195.172352,/orders/notifications,0,32.421
1790188195.173959,/orders?limit=10&offset=0,0,23.044
1790188195.177516,/orders/notifications,0,27.029
1790188195.177866,/orders?limit=10&offset=0,0,24.499
1790188195.178873,/orders?limit=10&offset=0,0,29.654
1790188195.179261,/orders/stats,0,29.391
1790188195.1860359,/orders?limit=10&offset=0,0,33.325
1790188195.186453,/orders/stats,0,30.847
1790188195.186885,/orders/notifications,0,33.881
1790188195.187129,/orders?limit=10&offset=0,0,40.809
1790188195.187914,/orders?limit=10&offset=0,0,48.452
1790188195.188222,/orders/notifications,0,39.726
1790188195.1888928,/orders/stats,0,24.892
1790188195.189666,/orders/notifications,0,49.5
1790188195.190458,/orders/notifications,0,18.403
1790188195.190748,/orders/stats,0,45.476
1790188195.193701,/orders/notifications,0,32.159
1790188195.195626,/orders/notifications,0,49.602
1790188195.195963,/orders?limit=10&offset=0,0,18.434
1790188195.196217,/orders/notifications,0,44.676
1790188195.197524,/orders/stats,0,35.602
1790188195.202353,/orders?limit=10&offset=0,0,11.879
1790188195.210217,/orders/stats,0,31.328
1790188195.210551,/orders?limit=10&offset=0,0,14.912
1790188195.2108002,/orders?limit=10&offset=0,0,39.076
1790188195.211088,/orders/stats,0,65.418
1790188195.211412,/orders?limit=10&offset=0,0,17.698
1790188195.211982,/orders/stats,0,25.93
1790188195.212469,/orders?limit=10&offset=0,0,44.922
1790188195.212915,/orders/stats,0,35.038
1790188195.21315,/orders/notifications,0,26.687
1790188195.2133949,/orders?limit=10&offset=0,0,23.718
1790188195.213721,/orders/stats,0,39.746
1790188195.214143,/orders?limit=10&offset=0,0,60.467
1790188195.227137,/orders?limit=10&offset=0,0,38.901
1790188195.227596,/orders/notifications,0,30.045
1790188195.2278762,/orders/notifications,0,48.598
1790188195.228111,/orders?limit=10&offset=0,0,41.215
1790188195.2291892,/orders?limit=10&offset=0,0,32.961
1790188195.2293708,/orders?limit=10&offset=0,0,57.009
1790188195.229593,/orders/notifications,0,40.687
1790188195.229681,/orders/stats,0,33.708
1790188195.230777,/orders/stats,0,28.407
1790188195.232206,/orders/notifications,0,80.249
1790188195.236982,/orders?limit=10&offset=0,0,23.821
1790188195.237072,/orders/notifications,0,25.079
1790188195.241198,/orders/notifications,0,27.466
1790188195.241539,/orders/stats,0,30.73
1790188195.2417762,/orders/stats,0,14.621
1790188195.242053,/orders/stats,0,30.63
1790188195.2423291,/orders?limit=10&offset=0,0,14.722
1790188195.24281,/orders/stats,0,30.33
1790188195.243468,/orders/stats,0,32.907
1790188195.243715,/orders/stats,0,15.595
1790188195.246294,/orders/stats,0,32.888
1790188195.2530282,/orders/notifications,0,23.334
1790188195.25334,/orders/notifications,0,43.107
1790188195.2536662,/orders?limit=10&offset=0,0,21.438
1790188195.253969,/orders/stats,0,66.831
1790188195.254272,/orders/notifications,0,63.513
1790188195.254613,/orders/notifications,0,13.063
1790188195.254669,/orders/stats,0,40.513
1790188195.2551339,/orders/notifications,0,42.207
1790188195.255448,/orders/notifications,0,13.387
1790188195.255986,/orders/notifications,0,12.507
1790188195.2576451,/orders/notifications,0,15.859
1790188195.2579148,/orders/stats,0,15.576
1790188195.258095,/orders?limit=10&offset=0,0,21.012
1790188195.261216,/orders?limit=10&offset=0,0,20.003
1790188195.261533,/orders/stats,0,73.608
1790188195.2618382,/orders?limit=10&offset=0,0,8.795
1790188195.262151,/orders/notifications,0,51.051
1790188195.262453,/orders/notifications,0,8.474
1790188195.262698,/orders?limit=10&offset=0,0,9.347
1790188195.262923,/orders/notifications,0,20.101
1790188195.2682502,/orders?limit=10&offset=0,0,12.759
1790188195.268852,/orders?limit=10&offset=0,0,40.965
1790188195.269186,/orders/stats,0,15.511
1790188195.269442,/orders/notifications,0,7.9
1790188195.26982,/orders/notifications,0,39.023
1790188195.2704058,/orders?limit=10&offset=0,0,16.124
1790188195.278023,/orders/stats,0,7.603
1790188195.2781818,/orders/stats,0,20.078
1790188195.278476,/orders/stats,0,17.246
1790188195.2787688,/orders/stats,0,16.919
1790188195.2790568,/orders/stats,0,10.194
1790188195.279644,/orders?limit=10&offset=0,0,21.985
1790188195.279927,/orders/stats,0,17.219
1790188195.280119,/orders?limit=10&offset=0,0,17.656
1790188195.2823129,/orders?limit=10&offset=0,0,27.167
1790188195.285708,/orders/notifications,0,7.515
1790188195.2861922,/orders/notifications,0,7.705
1790188195.2864819,/orders?limit=10&offset=0,0,24.316
1790188195.286755,/orders/notifications,0,28.831
1790188195.286873,/orders/notifications,0,17.677
1790188195.2869818,/orders/notifications,0,32.302
1790188195.287242,/orders/notifications,0,8.464
1790188195.287355,/orders/stats,0,19.069
1790188195.287485,/orders/notifications,0,8.418
1790188195.2877371,/orders?limit=10&offset=0,0,24.806
1790188195.287926,/orders?limit=10&offset=0,0,31.93
1790188195.288179,/orders?limit=10&offset=0,0,18.728
1790188195.288428,/orders/stats,0,8.773
1790188195.2891688,/orders/stats,0,9.039
1790188195.28971,/orders/stats,0,3.217
1790188195.2899609,/orders?limit=10&offset=0,0,4.241
1790188195.291853,/orders/notifications,0,2.671
1790188195.293021,/orders/notifications,0,3.289
1790188195.2943182,/orders/stats,0,4.346
1790188195.294603,/orders/notifications,0,6.166
1790188195.2949681,/orders?limit=10&offset=0,0,8.765
1790188195.295413,/orders?limit=10&offset=0,0,8.418
1790188195.295807,/orders?limit=10&offset=0,0,8.311
1790188195.296236,/orders?limit=10&offset=0,0,4.371
1790188195.301208,/orders?limit=10&offset=0,0,6.51
1790188195.302145,/orders/stats,0,6.326
1790188195.3039029,/orders/notifications,0,9.572
1790188195.3041978,/orders/stats,0,9.218
1790188195.304441,/orders/notifications,0,2.284
1790188195.304683,/orders?limit=10&offset=0,0,11.571
1790188195.304916,/orders/stats,0,8.669
1790188195.305123,/orders/stats,0,9.694
1790188195.3055098,/orders/stats,0,3.961
1790188195.307227,/orders/stats,0,2.533
1790188195.307942,/orders?limit=10&offset=0,0,3.491
1790188195.310242,/orders/notifications,0,5.315
1790188195.3106902,/orders?limit=10&offset=0,0,6.74
1790188195.3109891,/orders/notifications,0,6.782
1790188195.311309,/orders/notifications,0,6.178
1790188195.313716,/orders/stats,0,3.011
1790188195.314122,/orders?limit=10&offset=0,0,3.12
1790188195.315446,/orders?limit=10&offset=0,0,5.19
1790188195.3156931,/orders?limit=10&offset=0,0,4.373
1790188195.3197598,/orders/stats,0,4.3
1790188195.32009,/orders/notifications,0,6.357
1790188195.320339,/orders/stats,0,6.191
1790188195.3205602,/orders/stats,0,4.858
1790188195.322227,/orders?limit=10&offset=0,0,2.125
1790188195.323814,/orders/notifications,0,4.039
1790188195.3239439,/orders/notifications,0,3.375
1790188195.324212,/orders/notifications,0,3.862
1790188195.324953,/orders/stats,0,2.705
1790188195.327626,/orders?limit=10&offset=0,0,3.671
1790188195.328265,/orders/notifications,0,3.294
1790188195.330028,/orders/stats,0,2.383
1790188195.330168,/orders?limit=10&offset=0,0,1.891
